{
  "wall_broad_twin_build": 36.451494216918945,
  "wall_k1": 75.28173518180847,
  "wall_k2": 67.97511124610901,
  "wall_k3": 0.08115482330322266,
  "wall_total": 179.85256171226501
}