{
    "accuracy": 0.3151969981238274,
    "precision": 0.3717103988843119,
    "recall": 0.3151969981238274,
    "f1_score": 0.30247711611624845,
    "roc_auc": 0.5067801522292896,
    "log_loss": 2.369165545975626
}