{
    "mae": 1.2360182002955866,
    "rmse": 1.678712215826299,
    "r2_score": -1.8180747035644433,
    "mape": 4216.52274753132,
    "median_ape": 120.97416475527582,
    "nll": 1.9795599724618227,
    "picp": 0.9974984365228268,
    "ece": 0.2710274683779986
}