feature,importance
feature_0,0.3315281780653761
feature_1,0.24487912066688033
feature_7,0.06402606974013741
feature_8,0.062084497828145686
feature_3,0.05505644098975016
feature_6,0.05220703810681405
feature_5,0.05219331422448873
feature_9,0.049248261655695784
feature_4,0.04693049675441174
feature_2,0.04184658196830003
