{
    "mae": 0.512838891286401,
    "rmse": 0.6516363891988818,
    "r2_score": 0.5753700162718434,
    "mape": 322.468434651845,
    "median_ape": 64.36515332107766,
    "nll": 1.2955259845894216,
    "picp": 1.0,
    "ece": 0.26430843024624473
}