{
    "accuracy": 0.6954346466541589,
    "precision": 0.694382284668978,
    "recall": 0.6954346466541589,
    "f1_score": 0.6946994671994671,
    "roc_auc": 0.8529909054322178,
    "log_loss": 0.7389093265432453
}