{
  "arm": "a_stopgrad_distill",
  "tier": 1,
  "seed": 0,
  "toy": "hetero",
  "n_train": 1500,
  "n_test": 500,
  "sigma": 0.05,
  "w_max": 12,
  "convergence": {
    "1": {
      "converged": true,
      "hit_cap": false,
      "trustworthy": false,
      "still_improving_at_stop": false,
      "diverged": true,
      "stop_epoch": 7000,
      "best_val": 11.501117706298828,
      "best_epoch": 1000,
      "recent_improvement": -1487.5192680358887,
      "trajectory": [
        [
          500,
          24.877595901489258
        ],
        [
          1000,
          11.501117706298828
        ],
        [
          1500,
          49.466064453125
        ],
        [
          2000,
          172.45697021484375
        ],
        [
          2500,
          155.15496826171875
        ],
        [
          3000,
          482.2653503417969
        ],
        [
          3500,
          731.7418823242188
        ],
        [
          4000,
          645.5328979492188
        ],
        [
          4500,
          796.3367919921875
        ],
        [
          5000,
          1245.33056640625
        ],
        [
          5500,
          1592.9893798828125
        ],
        [
          6000,
          1713.849365234375
        ],
        [
          6500,
          1306.550537109375
        ],
        [
          7000,
          1499.0203857421875
        ]
      ]
    },
    "2": {
      "converged": true,
      "hit_cap": false,
      "trustworthy": false,
      "still_improving_at_stop": false,
      "diverged": true,
      "stop_epoch": 7000,
      "best_val": 10.661349296569824,
      "best_epoch": 1000,
      "recent_improvement": -2979.974637031555,
      "trajectory": [
        [
          500,
          48.15614318847656
        ],
        [
          1000,
          10.661349296569824
        ],
        [
          1500,
          120.2662353515625
        ],
        [
          2000,
          393.4836730957031
        ],
        [
          2500,
          210.30296325683594
        ],
        [
          3000,
          929.3734130859375
        ],
        [
          3500,
          1450.93505859375
        ],
        [
          4000,
          886.443359375
        ],
        [
          4500,
          1563.98974609375
        ],
        [
          5000,
          2566.567138671875
        ],
        [
          5500,
          3275.34521484375
        ],
        [
          6000,
          3464.68994140625
        ],
        [
          6500,
          1987.1839599609375
        ],
        [
          7000,
          2990.635986328125
        ]
      ]
    },
    "3": {
      "converged": true,
      "hit_cap": false,
      "trustworthy": false,
      "still_improving_at_stop": false,
      "diverged": true,
      "stop_epoch": 7000,
      "best_val": 10.823173522949219,
      "best_epoch": 1000,
      "recent_improvement": -4881.474189758301,
      "trajectory": [
        [
          500,
          88.78710174560547
        ],
        [
          1000,
          10.823173522949219
        ],
        [
          1500,
          165.80897521972656
        ],
        [
          2000,
          627.0282592773438
        ],
        [
          2500,
          362.8549499511719
        ],
        [
          3000,
          1667.5458984375
        ],
        [
          3500,
          2520.047607421875
        ],
        [
          4000,
          1396.8966064453125
        ],
        [
          4500,
          2725.57421875
        ],
        [
          5000,
          4406.357421875
        ],
        [
          5500,
          5544.36328125
        ],
        [
          6000,
          5710.361328125
        ],
        [
          6500,
          2517.9462890625
        ],
        [
          7000,
          4892.29736328125
        ]
      ]
    },
    "4": {
      "converged": true,
      "hit_cap": false,
      "trustworthy": false,
      "still_improving_at_stop": false,
      "diverged": true,
      "stop_epoch": 7000,
      "best_val": 9.06462287902832,
      "best_epoch": 1000,
      "recent_improvement": -7509.590162277222,
      "trajectory": [
        [
          500,
          112.64395904541016
        ],
        [
          1000,
          9.06462287902832
        ],
        [
          1500,
          303.02630615234375
        ],
        [
          2000,
          986.4479370117188
        ],
        [
          2500,
          586.348388671875
        ],
        [
          3000,
          2634.528564453125
        ],
        [
          3500,
          3866.561279296875
        ],
        [
          4000,
          1695.5380859375
        ],
        [
          4500,
          4234.228515625
        ],
        [
          5000,
          6792.892578125
        ],
        [
          5500,
          8372.349609375
        ],
        [
          6000,
          8239.7138671875
        ],
        [
          6500,
          2590.261962890625
        ],
        [
          7000,
          7518.65478515625
        ]
      ]
    },
    "5": {
      "converged": true,
      "hit_cap": false,
      "trustworthy": false,
      "still_improving_at_stop": false,
      "diverged": true,
      "stop_epoch": 7000,
      "best_val": 8.363469123840332,
      "best_epoch": 1000,
      "recent_improvement": -10534.05156993866,
      "trajectory": [
        [
          500,
          144.5821533203125
        ],
        [
          1000,
          8.363469123840332
        ],
        [
          1500,
          506.34051513671875
        ],
        [
          2000,
          1440.619140625
        ],
        [
          2500,
          881.4412231445312
        ],
        [
          3000,
          3764.63916015625
        ],
        [
          3500,
          5297.20068359375
        ],
        [
          4000,
          2056.285400390625
        ],
        [
          4500,
          6036.8955078125
        ],
        [
          5000,
          9468.1162109375
        ],
        [
          5500,
          11422.32421875
        ],
        [
          6000,
          10621.31640625
        ],
        [
          6500,
          1780.2886962890625
        ],
        [
          7000,
          10542.4150390625
        ]
      ]
    },
    "6": {
      "converged": true,
      "hit_cap": false,
      "trustworthy": false,
      "still_improving_at_stop": false,
      "diverged": true,
      "stop_epoch": 7000,
      "best_val": 9.991366386413574,
      "best_epoch": 1000,
      "recent_improvement": -14007.301602363586,
      "trajectory": [
        [
          500,
          181.45010375976562
        ],
        [
          1000,
          9.991366386413574
        ],
        [
          1500,
          800.4921875
        ],
        [
          2000,
          1974.3106689453125
        ],
        [
          2500,
          1291.5341796875
        ],
        [
          3000,
          5145.45166015625
        ],
        [
          3500,
          6827.34765625
        ],
        [
          4000,
          2265.06005859375
        ],
        [
          4500,
          8206.6552734375
        ],
        [
          5000,
          12489.9921875
        ],
        [
          5500,
          14613.4912109375
        ],
        [
          6000,
          12823.0771484375
        ],
        [
          6500,
          1213.078369140625
        ],
        [
          7000,
          14017.29296875
        ]
      ]
    },
    "7": {
      "converged": true,
      "hit_cap": false,
      "trustworthy": false,
      "still_improving_at_stop": false,
      "diverged": true,
      "stop_epoch": 7000,
      "best_val": 20.259536743164062,
      "best_epoch": 1000,
      "recent_improvement": -17844.379135131836,