{
  "arm": "a_stopgrad_distill",
  "tier": 1,
  "seed": 1,
  "toy": "hetero",
  "n_train": 1500,
  "n_test": 500,
  "sigma": 0.05,
  "w_max": 12,
  "convergence": {
    "1": {
      "converged": true,
      "hit_cap": false,
      "trustworthy": false,
      "still_improving_at_stop": false,
      "diverged": true,
      "stop_epoch": 7000,
      "best_val": 4.443395137786865,
      "best_epoch": 1000,
      "recent_improvement": -2170.369837284088,
      "trajectory": [
        [
          500,
          22.932748794555664
        ],
        [
          1000,
          4.443395137786865
        ],
        [
          1500,
          77.91899871826172
        ],
        [
          2000,
          163.87474060058594
        ],
        [
          2500,
          496.49713134765625
        ],
        [
          3000,
          685.8265380859375
        ],
        [
          3500,
          859.509765625
        ],
        [
          4000,
          1294.8441162109375
        ],
        [
          4500,
          1358.285400390625
        ],
        [
          5000,
          1318.6634521484375
        ],
        [
          5500,
          2052.901611328125
        ],
        [
          6000,
          1543.4774169921875
        ],
        [
          6500,
          1892.4068603515625
        ],
        [
          7000,
          2174.813232421875
        ]
      ]
    },
    "2": {
      "converged": true,
      "hit_cap": false,
      "trustworthy": false,
      "still_improving_at_stop": false,
      "diverged": true,
      "stop_epoch": 7000,
      "best_val": 4.492343902587891,
      "best_epoch": 1000,
      "recent_improvement": -3891.844326019287,
      "trajectory": [
        [
          500,
          46.454463958740234
        ],
        [
          1000,
          4.492343902587891
        ],
        [
          1500,
          177.90733337402344
        ],
        [
          2000,
          324.2763671875
        ],
        [
          2500,
          1008.47216796875
        ],
        [
          3000,
          1376.5057373046875
        ],
        [
          3500,
          1323.112548828125
        ],
        [
          4000,
          2633.75927734375
        ],
        [
          4500,
          2601.88671875
        ],
        [
          5000,
          1956.9166259765625
        ],
        [
          5500,
          3918.38134765625
        ],
        [
          6000,
          2269.529052734375
        ],
        [
          6500,
          3232.5478515625
        ],
        [
          7000,
          3896.336669921875
        ]
      ]
    },
    "3": {
      "converged": true,
      "hit_cap": false,
      "trustworthy": false,
      "still_improving_at_stop": false,
      "diverged": true,
      "stop_epoch": 7000,
      "best_val": 4.4572343826293945,
      "best_epoch": 1000,
      "recent_improvement": -4840.297160148621,
      "trajectory": [
        [
          500,
          73.48989868164062
        ],
        [
          1000,
          4.4572343826293945
        ],
        [
          1500,
          304.6684265136719
        ],
        [
          2000,
          557.2852172851562
        ],
        [
          2500,
          1696.25146484375
        ],
        [
          3000,
          1866.3358154296875
        ],
        [
          3500,
          2157.612060546875
        ],
        [
          4000,
          4365.94677734375
        ],
        [
          4500,
          3264.1953125
        ],
        [
          5000,
          3335.92333984375
        ],
        [
          5500,
          6385.36376953125
        ],
        [
          6000,
          3502.541259765625
        ],
        [
          6500,
          4283.1201171875
        ],
        [
          7000,
          4844.75439453125
        ]
      ]
    },
    "4": {
      "converged": true,
      "hit_cap": false,
      "trustworthy": false,
      "still_improving_at_stop": false,
      "diverged": true,
      "stop_epoch": 7000,
      "best_val": 5.388248920440674,
      "best_epoch": 1000,
      "recent_improvement": -6106.127376079559,
      "trajectory": [
        [
          500,
          92.75436401367188
        ],
        [
          1000,
          5.388248920440674
        ],
        [
          1500,
          528.1857299804688
        ],
        [
          2000,
          934.8720092773438
        ],
        [
          2500,
          2670.446044921875
        ],
        [
          3000,
          2444.086669921875
        ],
        [
          3500,
          3408.82373046875
        ],
        [
          4000,
          6523.3876953125
        ],
        [
          4500,
          4117.39453125
        ],
        [
          5000,
          4878.5341796875
        ],
        [
          5500,
          8766.64453125
        ],
        [
          6000,
          4412.87841796875
        ],
        [
          6500,
          5530.67529296875
        ],
        [
          7000,
          6111.515625
        ]
      ]
    },
    "5": {
      "converged": true,
      "hit_cap": false,
      "trustworthy": false,
      "still_improving_at_stop": false,
      "diverged": true,
      "stop_epoch": 7000,
      "best_val": 11.835612297058105,
      "best_epoch": 1000,
      "recent_improvement": -7127.967122077942,
      "trajectory": [
        [
          500,
          108.11478424072266
        ],
        [
          1000,
          11.835612297058105
        ],
        [
          1500,
          806.146240234375
        ],
        [
          2000,
          1387.65185546875
        ],
        [
          2500,
          3750.99951171875
        ],
        [
          3000,
          2778.15576171875
        ],
        [
          3500,
          5067.541015625
        ],
        [
          4000,
          8946.1142578125
        ],
        [
          4500,
          4974.64794921875
        ],
        [
          5000,
          6535.39697265625
        ],
        [
          5500,
          11087.341796875
        ],
        [
          6000,
          5243.22705078125
        ],
        [
          6500,
          6736.408203125
        ],
        [
          7000,
          7139.802734375
        ]
      ]
    },
    "6": {
      "converged": true,
      "hit_cap": false,
      "trustworthy": false,
      "still_improving_at_stop": false,
      "diverged": true,
      "stop_epoch": 7000,
      "best_val": 36.7803955078125,
      "best_epoch": 1000,
      "recent_improvement": -7550.5311279296875,
      "trajectory": [
        [
          500,
          126.23174285888672
        ],
        [
          1000,
          36.7803955078125
        ],
        [
          1500,
          1196.7061767578125
        ],
        [
          2000,
          1964.8121337890625
        ],
        [
          2500,
          4971.5048828125
        ],
        [
          3000,
          3154.562744140625
        ],
        [
          3500,
          7007.103515625
        ],
        [
          4000,
          11246.6943359375
        ],
        [
          4500,
          5654.4072265625
        ],
        [
          5000,
          8080.53564453125
        ],
        [
          5500,
          12641.8271484375
        ],
        [
          6000,
          5772.9375
        ],
        [
          6500,
          7435.72607421875
        ],
        [
          7000,
          7587.3115234375
        ]
      ]
    },
    "7": {
      "converged": true,
      "hit_cap": false,
      "trustworthy": false,
      "still_improving_at_stop": false,
      "diverged": true,
      "stop_epoch": 7000,
      "best_val": 77.02191925048828,
      "best_epoch": 1000,
      "recent_improvement": -7312.382865905762,