{
  "n_test": 8000,
  "n_train": 16000,
  "toys": [
    "G"
  ],
  "seeds": [
    0
  ],
  "per_case": [
    {
      "toy": "G",
      "seed": 0,
      "source": "trained",
      "wall_time_sec": 762.2799925804138,
      "agg": {
        "n_splits": 50,
        "n_fit": 4000,
        "n_score": 4000,
        "rho_test_over_train": 1.0,
        "mu_bar": 0.0022246707446266123,
        "sd_across_splits": 0.000823750486018345,
        "se_nadeau_bengio": 0.0008319472101520438,
        "se_naive_rejected": 0.0001164959109338572,
        "t_corrected": 2.674052773396571,
        "split_pass_fraction": 0.64,
        "mean_diff_min": 0.0001994775011415415,
        "mean_diff_max": 0.003341827249537684,
        "frac_negative": 0.0,
        "per_split_mean_diff": [
          0.000779194341907688,
          0.002759998097538446,
          0.002532666044463433,
          0.002739193756586315,
          0.000609223998866514,
          0.0021926792357754663,
          0.002582594221297363,
          0.0011162516399975777,
          0.0022671788987981786,
          0.002985174129412328,
          0.0023372299814320998,
          0.001388835843598705,
          0.002571622135987151,
          0.0031137113144544134,
          0.002588799670282117,
          0.0023647944622637385,
          0.0028535075268719045,
          0.002211160521112451,
          0.0005838296774392855,
          0.002594306458861405,
          0.003139493912776559,
          0.0018786626935367334,
          0.003341827249537684,
          0.0016561127667808276,
          0.0019250921642504372,
          0.0025239002410713586,
          0.0022341866833123104,
          0.002642850579797721,
          0.002409749255917366,
          0.001985134816514419,
          0.0032298345550534693,
          0.0006825632653845828,
          0.002171381193337544,
          0.0005123625838705763,
          0.0017590549597434476,
          0.0026027851694338648,
          0.002788503923013174,
          0.0029221811019696994,
          0.0032807425836899728,
          0.0013128432284758688,
          0.0031222264089558922,
          0.0022665760798431193,
          0.0031419617301336935,
          0.0022364398283813655,
          0.0025165778446713423,
          0.0001994775011415415,
          0.00331895166563314,
          0.002498942793190042,
          0.00265989043290074,
          0.0011012780620655441
        ],
        "per_split_se": [
          0.0012559394672155594,
          0.0009452772074498076,
          0.001090329206030595,
          0.0010184488798152353,
          0.0013096172638324738,
          0.0008818031862209589,
          0.0010325893245885743,
          0.0012087377863215397,
          0.001070990799328344,
          0.0009739852154474156,
          0.0011421802277996253,
          0.0011417896091112086,
          0.0010670338156016622,
          0.0009936068634347358,
          0.0011852870664960248,
          0.001096133286502706,
          0.0009404518190810112,
          0.001154252437768092,
          0.0012812476544046619,
          0.0011502995791538729,
          0.0009602090796822284,
          0.0010462489210878057,
          0.0008901969664970467,
          0.0012733289943617741,
          0.0011942016073576303,
          0.0012138032184277195,
          0.00105126679223816,
          0.0009952659184895203,
          0.0010354897464709477,
          0.001050894240325216,
          0.0009574653922842738,
          0.001352127719097356,
          0.0010062460112528434,
          0.0013247057763656968,
          0.0012483735233218905,
          0.001016620917956411,
          0.0009828357013422734,
          0.0009835241730061061,
          0.0009158613680459565,
          0.0011405646522988039,
          0.0009049867649768127,
          0.0011463811672509513,
          0.0009559274448762356,
          0.0012189176490973335,
          0.0009502348633594456,
          0.0013624354440016444,
          0.0008251794042407726,
          0.0009709678879665026,
          0.0010945284708420856,
          0.0012590418152710879
        ],
        "h_trend_down_fraction": 0.0,
        "h_varies_fraction": 1.0
      },
      "floor": 0.0016638944203040875,
      "signal": 0.0022246707446266123,
      "crosses": true
    }
  ],
  "wall_time_sec": 792.7151784896851
}