{
  "task": "P1",
  "n_test_points": [
    500,
    2000,
    8000
  ],
  "seeds": [
    0,
    1,
    2
  ],
  "train_test_ratio": 2.0,
  "n_splits": 50,
  "crossing_rule": ">= 2/3 seeds with |signal| > 2*SE_nadeau_bengio at that N",
  "curve": {
    "500": {
      "G": {
        "n_train": 1000,
        "floor_by_seed": [
          0.009856745159807057,
          0.010561533469795456,
          0.01576983831339873
        ],
        "signal_by_seed": [
          -0.0016919857821943265,
          -0.003158545383958964,
          0.00784756634776893
        ],
        "mean_floor": 0.01206270564766708,
        "mean_signal": 0.000999011727205213,
        "n_seeds_crossing": 0,
        "crosses_2of3": false,
        "pooled": {
          "n_seeds": 3,
          "mu_bar_by_seed": [
            -0.0016919857821943265,
            -0.003158545383958964,
            0.00784756634776893
          ],
          "mean_mu_bar": 0.000999011727205213,
          "sd_mu_bar_between_seeds": 0.005976179762985338,
          "t_between_seeds_2df": 0.28953932737997085,
          "t_corrected_by_seed": [
            -0.3433153144901733,
            -0.5981224966984147,
            0.9952627530874939
          ],
          "split_pass_fraction_by_seed": [
            0.0,
            0.0,
            0.14
          ],
          "n_seeds_t_gt_2": 0
        }
      },
      "G_flat": {
        "n_train": 1000,
        "floor_by_seed": [
          0.0063471525630619625,
          0.006238031494134073,
          0.011331402770167837
        ],
        "signal_by_seed": [
          0.00017407542280200802,
          0.0023187980130055298,
          0.0032467542915551174
        ],
        "mean_floor": 0.007972195609121291,
        "mean_signal": 0.0019132092424542183,
        "n_seeds_crossing": 0,
        "crosses_2of3": false,
        "pooled": {
          "n_seeds": 3,
          "mu_bar_by_seed": [
            0.00017407542280200802,
            0.0023187980130055298,
            0.0032467542915551174
          ],
          "mean_mu_bar": 0.0019132092424542183,
          "sd_mu_bar_between_seeds": 0.0015759808202254447,
          "t_between_seeds_2df": 2.102675090276182,
          "t_corrected_by_seed": [
            0.05485150106996369,
            0.743439020846884,
            0.5730542559307558
          ],
          "split_pass_fraction_by_seed": [
            0.06,
            0.06,
            0.1
          ],
          "n_seeds_t_gt_2": 0
        }
      }
    },
    "2000": {
      "G": {
        "n_train": 4000,
        "floor_by_seed": [
          0.003636957271475118,
          0.0031304414568571718,
          0.00325554315677082
        ],
        "signal_by_seed": [
          -4.082384763268656e-05,
          0.00030339586663832434,
          0.0009532015394856195
        ],
        "mean_floor": 0.0033409806283677033,
        "mean_signal": 0.0004052578528304191,
        "n_seeds_crossing": 0,
        "crosses_2of3": false,
        "pooled": {
          "n_seeds": 3,
          "mu_bar_by_seed": [
            -4.082384763268656e-05,
            0.00030339586663832434,
            0.0009532015394856195
          ],
          "mean_mu_bar": 0.0004052578528304191,
          "sd_mu_bar_between_seeds": 0.0005047806610124574,
          "t_between_seeds_2df": 1.390558802036265,
          "t_corrected_by_seed": [
            -0.022449451332777832,
            0.19383583486203937,
            0.58558679371408
          ],
          "split_pass_fraction_by_seed": [
            0.0,
            0.06,
            0.02
          ],
          "n_seeds_t_gt_2": 0
        }
      },
      "G_flat": {
        "n_train": 4000,
        "floor_by_seed": [
          0.0028871325091148095,
          0.0015275118337787017,
          0.0021597826368121202
        ],
        "signal_by_seed": [
          0.00013682923233372294,
          0.00045187746602212404,
          0.0010577433393500158
        ],
        "mean_floor": 0.002191475659901877,
        "mean_signal": 0.0005488166792352876,
        "n_seeds_crossing": 0,
        "crosses_2of3": false,
        "pooled": {
          "n_seeds": 3,
          "mu_bar_by_seed": [
            0.00013682923233372294,
            0.00045187746602212404,
            0.0010577433393500158
          ],
          "mean_mu_bar": 0.0005488166792352876,
          "sd_mu_bar_between_seeds": 0.00046804765400458364,
          "t_between_seeds_2df": 2.030943568125309,
          "t_corrected_by_seed": [
            0.0947855575743384,
            0.5916516730404457,
            0.979490548096326
          ],
          "split_pass_fraction_by_seed": [
            0.0,
            0.02,
            0.12
          ],
          "n_seeds_t_gt_2": 0
        }
      }
    },
    "8000": {
      "G": {
        "n_train": 16000,
        "floor_by_seed": [
          0.0016638944203040875,
          0.001372885655514623,
          0.0011433364522349982
        ],
        "signal_by_seed": [
          0.0022246707446266123,
          0.001513482138655788,
          0.000806091674645047
        ],
        "mean_floor": 0.0013933721760179029,
        "mean_signal": 0.0015147481859758155,
        "n_seeds_crossing": 2,
        "crosses_2of3": true,
        "pooled": {
          "n_seeds": 3,
          "mu_bar_by_seed": [
            0.0022246707446266123,
            0.001513482138655788,
            0.000806091674645047
          ],
          "mean_mu_bar": 0.0015147481859758155,
          "sd_mu_bar_between_seeds": 0.0007092903824276086,
          "t_between_seeds_2df": 3.698937535009752,
          "t_corrected_by_seed": [
            2.674052773396571,
            2.204818926582,
            1.4100690537230682
          ],
          "split_pass_fraction_by_seed": [
            0.64,
            0.48,
            0.34
          ],
          "n_seeds_t_gt_2": 2
        }
      },
      "G_flat": {
        "n_train": 16000,
        "floor_by_seed": [
          0.0007793095253440483,
          0.0006919140623322013,
          0.0006302392646192214
        ],
        "signal_by_seed": [
          0.0017261008134821483,
          0.002204517763060193,
          0.00039596817203451046
        ],
        "mean_floor": 0.0007004876174318236,
        "mean_signal": 0.0014421955828589508,
        "n_seeds_crossing": 2,
        "crosses_2of3": true,
        "pooled": {
          "n_seeds": 3,
          "mu_bar_by_seed": [
            0.0017261008134821483,
            0.002204517763060193,
            0.00039596817203451046
          ],
          "mean_mu_bar": 0.0014421955828589508,
          "sd_mu_bar_between_seeds": 0.0009371043382575919,
          "t_between_seeds_2df": 2.665611418049452,
          "t_corrected_by_seed": [
            4.429820905166307,
            6.372229972113969,
            1.2565645914611394
          ],
          "split_pass_fraction_by_seed": [
            0.84,
            0.96,
            0.22
          ],
          "n_seeds_t_gt_2": 2
        }
      }
    }
  },
  "readings": {
    "G": "recoverable at N=8000",
    "G_flat_control_holds": false
  }
}