{
  "prefix_norm_exact": true,
  "prefix_norm_max_abs_err": 2.384185791015625e-07,
  "per_arm_heldout_mse_by_width": {
    "a": {
      "1": 0.787664532661438,
      "2": 0.623754878838857,
      "3": 0.5934892495473226,
      "4": 0.18897292017936707,
      "5": 0.06962159276008606,
      "6": 0.05253745367129644,
      "7": 0.04539971053600311,
      "8": 0.04303458705544472,
      "9": 0.03529653884470463,
      "10": 0.030574453994631767,
      "11": 0.029520958041151363,
      "12": 0.028680106004079182
    },
    "b": {
      "1": 0.832043985525767,
      "2": 0.6188826163609823,
      "3": 0.32231541723012924,
      "4": 0.14809266353646913,
      "5": 0.06290736049413681,
      "6": 0.056946067760388054,
      "7": 0.054443261275688805,
      "8": 0.043358532090981804,
      "9": 0.03986389252046744,
      "10": 0.034997083246707916,
      "11": 0.03092811567087968,
      "12": 0.031039812912543614
    },
    "c": {
      "1": 0.7751997113227844,
      "2": 0.5444087584813436,
      "3": 0.4512435992558797,
      "4": 0.1914932280778885,
      "5": 0.06334865714112918,
      "6": 0.054168970634539924,
      "7": 0.04668299977978071,
      "8": 0.044421407083670296,
      "9": 0.03857129439711571,
      "10": 0.0364582451681296,
      "11": 0.03617647600670656,
      "12": 0.035859632616241775
    }
  },
  "per_arm_train_mse_by_width": {
    "a": {
      "1": 0.794879158337911,
      "2": 0.6197157303492228,
      "3": 0.59466024239858,
      "4": 0.17001252497235933,
      "5": 0.06238842631379763,
      "6": 0.045841181029876076,
      "7": 0.040677166233460106,
      "8": 0.03924614563584328,
      "9": 0.032586204508940377,
      "10": 0.026711831490198772,
      "11": 0.026014192029833794,
      "12": 0.025365540757775307
    },
    "b": {
      "1": 0.8290505011876425,
      "2": 0.6243202090263367,
      "3": 0.314305916428566,
      "4": 0.14295604825019836,
      "5": 0.059572565058867134,
      "6": 0.052269684771696724,
      "7": 0.04947704697648684,
      "8": 0.03899570678671201,
      "9": 0.03620468700925509,
      "10": 0.032712191343307495,
      "11": 0.029670730233192444,
      "12": 0.0296845193952322
    },
    "c": {
      "1": 0.7788645625114441,
      "2": 0.5528059303760529,
      "3": 0.43676729996999103,
      "4": 0.18274988730748495,
      "5": 0.05804703508814176,
      "6": 0.04870418210824331,
      "7": 0.042834809670845665,
      "8": 0.041057288646698,
      "9": 0.03594579423467318,
      "10": 0.034135254099965096,
      "11": 0.03395489789545536,
      "12": 0.03376518748700619
    }
  },
  "per_arm_executed_flops_by_width": {
    "a": {
      "1": 2.0,
      "2": 4.0,
      "3": 6.0,
      "4": 8.0,
      "5": 10.0,
      "6": 12.0,
      "7": 14.0,
      "8": 16.0,
      "9": 18.0,
      "10": 20.0,
      "11": 22.0,
      "12": 24.0
    },
    "b": {
      "1": 2.0,
      "2": 4.0,
      "3": 6.0,
      "4": 8.0,
      "5": 10.0,
      "6": 12.0,
      "7": 14.0,
      "8": 16.0,
      "9": 18.0,
      "10": 20.0,
      "11": 22.0,
      "12": 24.0
    },
    "c": {
      "1": 2.0,
      "2": 4.0,
      "3": 6.0,
      "4": 8.0,
      "5": 10.0,
      "6": 12.0,
      "7": 14.0,
      "8": 16.0,
      "9": 18.0,
      "10": 20.0,
      "11": 22.0,
      "12": 24.0
    }
  },
  "per_arm_cost": {
    "a": {
      "train_wall_clock_s": 65.28733248366431,
      "steps_to_converge": 18000.0,
      "params_allocated": 180,
      "params_effective": 78
    },
    "b": {
      "train_wall_clock_s": 126.45762928732438,
      "steps_to_converge": 27500.0,
      "params_allocated": 180,
      "params_effective": 78
    },
    "c": {
      "train_wall_clock_s": 153.43021164099142,
      "steps_to_converge": 26666.666666666668,
      "params_allocated": 204,
      "params_effective": 78
    }
  },
  "accuracy_bar": {
    "threshold": 0.1,
    "rel_gap_b_vs_a_by_width": {
      "1": 0.05634308899802223,
      "2": 0.007811181352111673,
      "3": 0.45691448079982616,
      "4": 0.21632864965041393,
      "5": 0.09643893510288244,
      "6": 0.08391373736295554,
      "7": 0.19919842291756307,
      "8": 0.007527550691254998,
      "9": 0.1293994772648375,
      "10": 0.14465112779618794,
      "11": 0.0476663944227955,
      "12": 0.08227678475556575
    },
    "pass": false
  },
  "cost_bar": {
    "threshold": 1.3,
    "wall_clock_per_step_a": 0.0036270740268702396,
    "wall_clock_per_step_b": 0.004598459246811796,
    "ratio_b_over_a": 1.2678151073689978,
    "pass": true
  },
  "per_width_affine_needed": true,
  "affine_detail": {
    "threshold": 0.1,
    "rel_gain_c_over_b_by_width": {
      "1": 0.06831883312883123,
      "2": 0.12033599896139191,
      "3": -0.40000625205494694,
      "4": -0.2930635691533199,
      "5": -0.007015024053242554,
      "6": 0.048767144687378944,
      "7": 0.14253851283103383,
      "8": -0.024513629531050497,
      "9": 0.032425286183181135,
      "10": -0.04175096281942674,
      "11": -0.16969544448414176,
      "12": -0.15527863255098442
    },
    "prediction_on_record": false
  },
  "config": {
    "arch": "shared_trunk",
    "loss": "mse",
    "schedule": "all",
    "toy": "hetero",
    "w_max": 12,
    "n_train": 1500,
    "n_test": 500,
    "sigma": 0.05,
    "seeds": [
      0,
      1,
      2
    ],
    "max_epochs_cap": 200000,
    "check_every": 500,
    "patience": 12,
    "min_delta": 0.002
  },
  "n_cells_present": {
    "a": 3,
    "b": 3,
    "c": 3
  },
  "provenance": {
    "timestamp_utc": "2026-07-22T09:28:37+00:00",
    "git": {
      "commit": "736d761d7c499886d1ae1a49960cfff4bbeace84",
      "dirty": true
    },
    "python": "3.12.13",
    "torch": "2.10.0+xpu",
    "numpy": "2.4.3",
    "platform": "Linux-7.1.3-200.fc44.x86_64-x86_64-with-glibc2.43",
    "threads": {
      "omp_num_threads": "4",
      "torch_num_threads": 4,
      "cpu_count": 22
    },
    "automl_device": "cpu"
  }
}