{
 "method": "knee (G1 rule, paired i.i.d. row bootstrap B=1000, seed 0) applied to BOTH the nested ladder table ('score') and the dedicated fixed-depth models' table ('fixed_depth_ll') stored in the same F2 .pt artifacts \u2014 identical held-out rows. Review computation 2026-07-10 (EXECUTION_PLAN.md \u00a78, X5).",
 "cases": {
  "G": {
   "seed0": {
    "nested": {
     "r_star": 4,
     "inc": [
      0.29501510589942337,
      0.024566707905381915,
      0.02780521923303604,
      -0.01852743127942086,
      -0.02112676572799682
     ],
     "se": [
      0.024385183069794824,
      0.00931219739255741,
      0.007093005823621918,
      0.006572418322866232,
      0.006418775572919998
     ]
    },
    "fixed": {
     "r_star": 2,
     "inc": [
      0.13233443937078118,
      -0.0059257750809192655,
      0.005460868865251545,
      0.01567835012078285,
      -0.007290705591440197
     ],
     "se": [
      0.02088719502725069,
      0.010291066610919348,
      0.011215886085982106,
      0.012506505137421266,
      0.012320511687586005
     ]
    }
   },
   "seed1": {
    "nested": {
     "r_star": 2,
     "inc": [
      0.2641998079568148,
      -0.009419996976852418,
      0.014400753945112227,
      0.0001916351318359405,
      0.01288193768262863
     ],
     "se": [
      0.028891713456916535,
      0.021453506821284846,
      0.015265095967798474,
      0.007270052062683446,
      0.008974623853745792
     ]
    },
    "fixed": {
     "r_star": 2,
     "inc": [
      0.1607988653536886,
      -0.03410144764184951,
      -0.0024521978646516868,
      -0.02215103445947171,
      0.026160035640001314
     ],
     "se": [
      0.01942807767093806,
      0.012040263664193753,
      0.019437808140079674,
      0.009882337121483575,
      0.010154220597673687
     ]
    }
   },
   "seed2": {
    "nested": {
     "r_star": 3,
     "inc": [
      0.22467709077335896,
      0.06184555056691168,
      -0.027684319049119943,
      -0.03839497828483582,
      0.012781130492687226
     ],
     "se": [
      0.028882762838253546,
      0.016563039371165534,
      0.009316653658276894,
      0.007913470307539892,
      0.010063129413504233
     ]
    },
    "fixed": {
     "r_star": 2,
     "inc": [
      0.08355725167691708,
      0.013252855509519587,
      -0.000395074129104625,
      -0.031640121310949315,
      -0.0012865162193775315
     ],
     "se": [
      0.01959523054579342,
      0.019644412715069462,
      0.012108944967858325,
      0.012108816722073895,
      0.023935276801740724
     ]
    }
   },
   "pooled": {
    "nested": {
     "r_star": 3,
     "inc": [
      0.26129733487653234,
      0.02566408716514708,
      0.004840551376342775,
      -0.01891025814414024,
      0.0015121008157729932
     ],
     "se": [
      0.015298717981200959,
      0.009163814145700132,
      0.006191759438106763,
      0.004276403266706159,
      0.005117518571611248
     ]
    },
    "fixed": {
     "r_star": 2,
     "inc": [
      0.1255635188004623,
      -0.008924789071083072,
      0.0008711989571650869,
      -0.012704268549879397,
      0.005860937943061195
     ],
     "se": [
      0.011467373921668663,
      0.008458664770353175,
      0.00838130208109492,
      0.006621830480681814,
      0.009560110112002956
     ]
    }
   }
  },
  "H": {
   "seed0": {
    "nested": {
     "r_star": 3,
     "inc": [
      0.69289582445845,
      0.03266938086599114,
      0.002398280620574955,
      -0.038090587377548224,
      -0.0009732042551041098
     ],
     "se": [
      0.03599661332948318,
      0.0106187469810331,
      0.0112131854929946,
      0.014123036359145125,
      0.014724242824576007
     ]
    },
    "fixed": {
     "r_star": 2,
     "inc": [
      0.07168493594974279,
      0.00814809689670798,
      -0.02378833279758691,
      -0.0812056814879179,
      0.11106682109087707
     ],
     "se": [
      0.017137089797755863,
      0.011771543997906602,
      0.013218806656474518,
      0.025828428745731376,
      0.02124409122073697
     ]
    }
   },
   "seed1": {
    "nested": {
     "r_star": 2,
     "inc": [
      0.5478581509143113,
      -0.020672089159488677,
      -0.018660995677113545,
      0.036449693486094475,
      -0.03249674217402934
     ],
     "se": [
      0.03637364211616103,
      0.01561098259856239,
      0.014428848880283108,
      0.014653682621426748,
      0.005729970049846448
     ]
    },
    "fixed": {
     "r_star": 3,
     "inc": [
      0.04124257628247144,
      0.0331146976351738,
      -0.040881500765681256,
      -0.012812377460300922,
      -0.06724350079149008
     ],
     "se": [
      0.019202705400331272,
      0.014119293193724368,
      0.01664246823396342,
      0.017065115197309064,
      0.018353459222795892
     ]
    }
   },
   "seed2": {
    "nested": {
     "r_star": 2,
     "inc": [
      0.6729261744581163,
      0.023450168449431652,
      -0.024036054089665415,
      -0.02715153980255125,
      0.025357423797249756
     ],
     "se": [
      0.04272784888229539,
      0.018694320897781492,
      0.010585753958164926,
      0.015898498247079198,
      0.009331579767737843
     ]
    },
    "fixed": {
     "r_star": 0,
     "inc": [
      0.0340397513136268,
      -0.06386826194822792,
      0.05980492046475411,
      -0.07824162709712978,
      0.04966478503495453
     ],
     "se": [
      0.018303131101426146,
      0.02228243199328793,
      0.01534287748314702,
      0.02131251243477905,
      0.029343260234618942
     ]
    }
   },
   "pooled": {
    "nested": {
     "r_star": 2,
     "inc": [
      0.6378933832769592,
      0.011815820051978065,
      -0.013432923048734668,
      -0.009597477898001694,
      -0.002704174210627852
     ],
     "se": [
      0.022728513855159765,
      0.00914793043406356,
      0.00705486737226438,
      0.00880159199448633,
      0.005923981560590338
     ]
    },
    "fixed": {
     "r_star": 2,
     "inc": [
      0.048989087848613666,
      -0.007535155805448668,
      -0.0016216376995046855,
      -0.057419895348449546,
      0.03116270177811381
     ],
     "se": [
      0.010503232290137225,
      0.00966662327078702,
      0.00894356591582602,
      0.01231329553022646,
      0.01355741336311591
     ]
    }
   }
  },
  "G_flat": {
   "seed0": {
    "nested": {
     "r_star": 0,
     "inc": [
      -0.002702466845512397,
      0.012398078739643097,
      -0.008296658724546428,
      -0.03492681413888932,
      -0.07453639018535613
     ],
     "se": [
      0.0040269949282027186,
      0.008141293727251236,
      0.00731576049926468,
      0.008614578811699193,
      0.01016173356646435
     ]
    },
    "fixed": {
     "r_star": 0,
     "inc": [
      -0.0026095601618289915,
      -0.004185762107372287,
      0.004912251323461542,
      -0.016847163468599324,
      0.004359648317098619
     ],
     "se": [
      0.007610075439029509,
      0.005358108141295947,
      0.006577440330373341,
      0.009303018920864036,
      0.016455250727290576
     ]
    }
   },
   "seed1": {
    "nested": {
     "r_star": 0,
     "inc": [
      -0.008603543370962141,
      0.012508984088897702,
      0.004285482227802277,
      -0.00558767041563988,
      -0.027456115841865532
     ],
     "se": [
      0.003339119084541171,
      0.007464462712709556,
      0.003791651471767622,
      0.003437569509315008,
      0.010190336897894515
     ]
    },
    "fixed": {
     "r_star": 0,
     "inc": [
      -0.01071695867180824,
      -0.013315075844526292,
      -0.0056744123101234445,
      0.005341270804405218,
      0.0128853964805603
     ],
     "se": [
      0.006501714511910486,
      0.006358662273150457,
      0.012551088406057285,
      0.012482459479631997,
      0.010726635500392856
     ]
    }
   },
   "seed2": {
    "nested": {
     "r_star": 0,
     "inc": [
      -0.011488518446683887,
      -0.0020709769725799493,
      0.01807140964269638,
      -0.03345838364958763,
      0.014676433622837062
     ],