feature,importance
Size (sq ft),0.5780516760478254
Size_per_Bedroom,0.13918313609952504
is Pan Peninsula,0.09228843570022206
Floor^2,0.07240906950805277
Floor,0.06582974056801502
is Wardian,0.033830963407081874
E14 Index Delta (Jan 2023),0.01560924827440711
Parking Spaces,0.0027977303948707338
