{
    "intercept": 9.488995442950083,
    "coefficients": {
        "Floor": 0.002901893651689831,
        "Parking Spaces": 0.0029827285301634696,
        "Size (sq ft)": 0.0012064642346039781,
        "is Pan Peninsula": -0.09825816825262419,
        "is Wardian": 0.06415944843016273,
        "E14 Index Delta (Jan 2023)": 0.014164522528265196,
        "Size_per_Bedroom": 0.005679681907769061,
        "Floor^2": 6.240985826844963e-05
    }
}