{
    "mae": 0.3223216569048905,
    "rmse": 0.39010906952266994,
    "r2_score": 0.8478149138761567,
    "mape": 68.85542681718132,
    "median_ape": 37.688923130231714,
    "nll": 1.2655858939795972,
    "picp": 1.0,
    "ece": 0.1850274776288716
}