{
  "config": {
    "k_max": 6,
    "alpha0": 0.1,
    "sigma": 0.3,
    "sep": [
      0.3,
      4.0
    ],
    "n_tr": 1500,
    "n_te": 4000,
    "epochs": 1000,
    "seeds": [
      0,
      1,
      2
    ],
    "x_lo": 0.22972972972972971,
    "x_hi": 0.7702702702702703
  },
  "conditions": [
    {
      "label": "two-peak data (humped spacing)",
      "grid": [
        0.0,
        0.025641025975346565,
        0.05128205195069313,
        0.07692307978868484,
        0.10256410390138626,
        0.12820513546466827,
        0.1538461595773697,
        0.1794871836900711,
        0.20512820780277252,
        0.23076923191547394,
        0.25641027092933655,
        0.28205129504203796,
        0.3076923191547394,
        0.3333333432674408,
        0.3589743673801422,
        0.38461539149284363,
        0.41025641560554504,
        0.43589743971824646,
        0.4615384638309479,
        0.4871794879436493,
        0.5128205418586731,
        0.5384615659713745,
        0.5641025900840759,
        0.5897436141967773,
        0.6153846383094788,
        0.6410256624221802,
        0.6666666865348816,
        0.692307710647583,
        0.7179487347602844,
        0.7435897588729858,
        0.7692307829856873,
        0.7948718070983887,
        0.8205128312110901,
        0.8461538553237915,
        0.8717948794364929,
        0.8974359035491943,
        0.9230769276618958,
        0.9487179517745972,
        0.9743589758872986,
        1.0
      ],
      "bin_centers": [
        0.020833333333333332,
        0.0625,
        0.10416666666666666,
        0.14583333333333331,
        0.1875,
        0.22916666666666666,
        0.2708333333333333,
        0.3125,
        0.35416666666666663,
        0.3958333333333333,
        0.4375,
        0.47916666666666663,
        0.5208333333333333,
        0.5625,
        0.6041666666666666,
        0.6458333333333333,
        0.6875,
        0.7291666666666666,
        0.7708333333333333,
        0.8125,
        0.8541666666666666,
        0.8958333333333333,
        0.9375,
        0.9791666666666666
      ],
      "binned_delta_mean": [
        -0.04284948824594418,
        -0.038063664843017854,
        -0.01917725952807814,
        -0.038705646991729736,
        -0.014916847770412764,
        -0.0049776912201195955,
        0.0015859144429365795,
        0.0033185090869665146,
        0.018079687065134447,
        0.007156580686569214,
        -0.0036095120012760162,
        -0.023333596686522167,
        0.002673072119553884,
        -0.02288753166794777,
        0.008986767070988813,
        0.015720721955100696,
        -0.009727778534094492,
        -0.01009809171470503,
        -0.012442667813350758,
        -0.009356252072999874,
        -0.010950945298342655,
        -0.022541778317342203,
        -0.037305946772297226,
        -0.0381787313769261
      ],
      "binned_delta_std": [
        0.06062389718963196,
        0.03966557733988004,
        0.019651933842350054,
        0.017013955217791688,
        0.0007080533231696688,
        0.002127867457893114,
        0.01621268458694651,
        0.0062283554063515805,
        0.018330595733229826,
        0.042291034018931896,
        0.0948453265141204,
        0.08941914966535484,
        0.08637286295179944,
        0.051980633566026856,
        0.036734132386881356,
        0.028764208304611637,
        0.014586561540603513,
        0.025980747563942506,
        0.005087933353630296,
        0.006504192032954655,
        0.008340774580768729,
        0.016807349915275514,
        0.03145122398033892,
        0.03804960115430237
      ],
      "gold_delta_mean": [
        -0.03084488616635402,
        -0.04243483223641912,
        -0.04358351696282625,
        -0.034692772974570595,
        -0.030799488769844174,
        -0.025131555274128914,
        -0.0263155335560441,
        -0.020036190437773865,
        -0.010048612098520001,
        -0.006443131637449066,
        -0.005379448373181124,
        -0.005102654608587424,
        0.006584723712876439,
        0.0067939176224172115,
        0.010224570520222187,
        0.01760350912809372,
        0.010405165453751882,
        0.003331046551465988,
        -0.009971330563227335,
        -0.011609319597482681,
        -0.012032856543858847,
        -0.00036618486046791077,
        0.005826152861118317,
        0.014977411677440008,
        0.01114851546784242,
        0.003523095898951093,
        -0.0008659767918288708,
        -0.0032504021655768156,
        -0.004428233000605057,
        -0.013508983601544363,
        -0.01139653210217754,
        -0.012574125081300735,
        -0.012173603482854864,
        -0.020352056017145514,
        -0.02555518876761198,
        -0.031147154979407787,
        -0.03882701927796006,
        -0.04849965528895458,
        -0.0466881551546976,
        -0.04247861045102278
      ],
      "gold_delta_std": [
        0.06597043861969283,
        0.05865923411224237,
        0.04071213820354633,
        0.04069507575859109,
        0.03890547756910381,
        0.025353932992281957,
        0.01569861757347184,
        0.012818363721866096,
        0.006582119903477658,
        0.0037981632206068945,
        0.016514561516905512,
        0.013641688958716385,
        0.01892687861102333,
        0.017906118907797877,
        0.026030394159492407,
        0.03845085513594296,
        0.058048710125323234,
        0.06143404890892997,
        0.09501830568143994,
        0.10028770367484452,
        0.10088020722944138,
        0.0860831771152072,
        0.0723895811369819,
        0.051727232730156385,
        0.037661881064800944,
        0.02342057659177864,
        0.024607325278617635,
        0.019095855460112787,
        0.017825411311478186,
        0.017991876989767112,
        0.00446121975531142,
        0.007429759352242479,
        0.00829058268218528,
        0.01731367207126997,
        0.019437835608870132,
        0.02850287851130792,
        0.042652337999621176,
        0.05525761463113164,
        0.05633276771790636,
        0.05115869810124036
      ],
      "eff_count_mean": [
        1.3252883752187092,
        1.3697398503621419,
        1.518689473470052,
        1.6606950759887695,
        1.7108332713445027,
        1.837442398071289,
        1.9689455429712932,
        1.8480757077534993,
        1.74821937084198,
        1.7664863268534343,
        1.7929064830144246,
        1.8244572083155315,
        1.858771800994873,
        1.8938804864883423,
        1.924444556236267,
        1.9518177111943562,
        1.969598412513733,
        1.9841067393620808,
        1.9935835202534993,
        1.9522414207458496,
        1.8702305157979329,
        1.7782480716705322,
        1.689640720685323,
        1.6136596997578938
      ],
      "eff_count_std": [
        0.43283627628485116,
        0.4104733110299792,
        0.38676949590022713,
        0.4358229358517808,
        0.38013125394408676,
        0.20287709091567765,
        0.019319093623670763,
        0.18641175807373564,
        0.32401612077939596,
        0.2954773556963847,
        0.26090322710414404,
        0.21921930562545017,
        0.17357215976906532,
        0.12434018933503779,
        0.07787333794537993,
        0.03737983565518415,
        0.021673356392447614,
        0.019663707698175298,
        0.004967669255265345,
        0.035179277073792016,
        0.1035727586022052,
        0.17704586990842422,
        0.24507858023830728,
        0.2967706973113247
      ]
    },
    {
      "label": "single-peak twin (variance-matched)",