feature,importance
Size_per_Bedroom,0.2635891638977053
Size (sq ft),0.2634487074731301
Floor^2,0.17368218711764907
Floor,0.1550096574637021
Parking Spaces,0.059599584472633846
is Pan Peninsula,0.035523225245832485
E14 Index Delta (Jan 2023),0.03344221196600048
is Wardian,0.0157052623633466
