{
    "intercept": 15.74857113127877,
    "coefficients": {
        "Floor": 0.003759299854733816,
        "Parking Spaces": 0.03495745865610469,
        "Size (sq ft)": 0.0003025050168622134,
        "is Pan Peninsula": -0.020807632707419695,
        "is Wardian": 0.01638627760539588,
        "E14 Index Delta (Jan 2023)": 0.016695671286189064,
        "Size_per_Bedroom": -0.0059177124070210595,
        "Floor^2": 8.235775689048595e-05
    }
}