{
    "mae": 0.3661776030105883,
    "rmse": 0.48399108946826486,
    "r2_score": 0.7657526253153221,
    "mape": 65.14979480636075,
    "median_ape": 42.5123714230312,
    "nll": 0.6932502212807897,
    "picp": 0.948051948051948,
    "ece": 0.22541457092417444
}