{
  "toy": "hetero",
  "seed": 2,
  "width": 5,
  "arm": "control",
  "held_out_mse": 0.004344878671326416,
  "train_mse": 0.003974896345916339,
  "held_out_nll": -1.3788822835683823,
  "held_out_trajectory": [
    [
      500,
      0.497017502784729
    ],
    [
      1000,
      -0.0831519290804863
    ],
    [
      1500,
      -0.18381541967391968
    ],
    [
      2000,
      -0.18224157392978668
    ],
    [
      2500,
      -0.1757427155971527
    ],
    [
      3000,
      -0.18009571731090546
    ],
    [
      3500,
      -0.18360240757465363
    ],
    [
      4000,
      -0.18480275571346283
    ],
    [
      4500,
      -0.1852843463420868
    ],
    [
      5000,
      -0.18387648463249207
    ],
    [
      5500,
      -0.18349553644657135
    ],
    [
      6000,
      -0.18495933711528778
    ],
    [
      6500,
      -0.18233385682106018
    ],
    [
      7000,
      -0.18575230240821838
    ],
    [
      7500,
      -0.18793469667434692
    ],
    [
      8000,
      -0.18636509776115417
    ],
    [
      8500,
      -0.18531431257724762
    ],
    [
      9000,
      -0.18501611053943634
    ],
    [
      9500,
      -0.18600258231163025
    ],
    [
      10000,
      -0.18796266615390778
    ],
    [
      10500,
      -0.18515746295452118
    ],
    [
      11000,
      -0.18246178328990936
    ],
    [
      11500,
      -0.18731923401355743
    ],
    [
      12000,
      -0.18589644134044647
    ],
    [
      12500,
      -0.18616124987602234
    ],
    [
      13000,
      -0.18314461410045624
    ],
    [
      13500,
      -0.18628358840942383
    ]
  ],
  "trustworthy": true,
  "hit_cap": false,
  "config": {
    "w_max": 12,
    "n_train": 1500,
    "n_test": 500,
    "lr": 0.01,
    "val_every": 5,
    "max_epochs_cap": 40000,
    "check_every": 500,
    "patience": 12,
    "min_delta": 0.002
  },
  "provenance": {
    "driver": "automl_package/examples/width_wsel4.py",
    "reused_from": "automl_package/examples/converged_width_experiment.py (IndependentWidthNet, unmodified protocol)"
  }
}