{
  "toy": "hetero",
  "seed": 0,
  "width": 12,
  "arm": "control",
  "held_out_mse": 0.0026140115758606025,
  "train_mse": 0.002362755653000678,
  "held_out_nll": -1.5395978783369064,
  "held_out_trajectory": [
    [
      500,
      0.4221199154853821
    ],
    [
      1000,
      -0.037622228264808655
    ],
    [
      1500,
      -0.24419087171554565
    ],
    [
      2000,
      -0.3057587444782257
    ],
    [
      2500,
      -0.3829731047153473
    ],
    [
      3000,
      -0.4042922258377075
    ],
    [
      3500,
      -0.41317564249038696
    ],
    [
      4000,
      -0.43504369258880615
    ],
    [
      4500,
      -0.4376923143863678
    ],
    [
      5000,
      -0.43849989771842957
    ],
    [
      5500,
      -0.4409414529800415
    ],
    [
      6000,
      -0.4399685263633728
    ],
    [
      6500,
      -0.4408011734485626
    ],
    [
      7000,
      -0.44038182497024536
    ],
    [
      7500,
      -0.4411368668079376
    ],
    [
      8000,
      -0.4368680417537689
    ],
    [
      8500,
      -0.4400501549243927
    ],
    [
      9000,
      -0.4352056384086609
    ],
    [
      9500,
      -0.44046884775161743
    ],
    [
      10000,
      -0.4410157799720764
    ],
    [
      10500,
      -0.43393439054489136
    ],
    [
      11000,
      -0.4385764002799988
    ],
    [
      11500,
      -0.43945449590682983
    ]
  ],
  "trustworthy": true,
  "hit_cap": false,
  "config": {
    "w_max": 12,
    "n_train": 1500,
    "n_test": 500,
    "lr": 0.01,
    "val_every": 5,
    "max_epochs_cap": 40000,
    "check_every": 500,
    "patience": 12,
    "min_delta": 0.002
  },
  "provenance": {
    "driver": "automl_package/examples/width_wsel4.py",
    "reused_from": "automl_package/examples/converged_width_experiment.py (IndependentWidthNet, unmodified protocol)"
  }
}