{
  "toy": "hetero",
  "seed": 2,
  "width": 3,
  "arm": "control",
  "held_out_mse": 0.04993442371653177,
  "train_mse": 0.0503350586231861,
  "held_out_nll": -0.6663109645694494,
  "held_out_trajectory": [
    [
      500,
      0.6415046453475952
    ],
    [
      1000,
      0.5464105010032654
    ],
    [
      1500,
      0.5333459973335266
    ],
    [
      2000,
      0.5026638507843018
    ],
    [
      2500,
      0.4832688868045807
    ],
    [
      3000,
      0.47010254859924316
    ],
    [
      3500,
      0.46059828996658325
    ],
    [
      4000,
      0.45569315552711487
    ],
    [
      4500,
      0.4523071348667145
    ],
    [
      5000,
      0.450206458568573
    ],
    [
      5500,
      0.4486037790775299
    ],
    [
      6000,
      0.4476493299007416
    ],
    [
      6500,
      0.44707438349723816
    ],
    [
      7000,
      0.44669628143310547
    ],
    [
      7500,
      0.4464772045612335
    ],
    [
      8000,
      0.4464152455329895
    ],
    [
      8500,
      0.4451712965965271
    ],
    [
      9000,
      0.4454209506511688
    ],
    [
      9500,
      0.44617959856987
    ],
    [
      10000,
      0.4461497962474823
    ],
    [
      10500,
      0.44611886143684387
    ],
    [
      11000,
      0.44609349966049194
    ],
    [
      11500,
      0.4459122121334076
    ],
    [
      12000,
      0.44623124599456787
    ],
    [
      12500,
      0.4474271535873413
    ],
    [
      13000,
      0.446084588766098
    ],
    [
      13500,
      0.44597166776657104
    ],
    [
      14000,
      0.44601649045944214
    ],
    [
      14500,
      0.445712685585022
    ]
  ],
  "trustworthy": true,
  "hit_cap": false,
  "config": {
    "w_max": 12,
    "n_train": 1500,
    "n_test": 500,
    "lr": 0.01,
    "val_every": 5,
    "max_epochs_cap": 40000,
    "check_every": 500,
    "patience": 12,
    "min_delta": 0.002
  },
  "provenance": {
    "driver": "automl_package/examples/width_wsel4.py",
    "reused_from": "automl_package/examples/converged_width_experiment.py (IndependentWidthNet, unmodified protocol)"
  }
}