{
  "toy": "hetero",
  "seed": 0,
  "width": 10,
  "arm": "control",
  "held_out_mse": 0.0026513511152358865,
  "train_mse": 0.002305454646445118,
  "held_out_nll": -1.5349332523345947,
  "held_out_trajectory": [
    [
      500,
      0.33512550592422485
    ],
    [
      1000,
      -0.39944586157798767
    ],
    [
      1500,
      -0.38865748047828674
    ],
    [
      2000,
      -0.38926786184310913
    ],
    [
      2500,
      -0.40014153718948364
    ],
    [
      3000,
      -0.40872758626937866
    ],
    [
      3500,
      -0.410995751619339
    ],
    [
      4000,
      -0.4135894775390625
    ],
    [
      4500,
      -0.41492363810539246
    ],
    [
      5000,
      -0.4175117611885071
    ],
    [
      5500,
      -0.41658422350883484
    ],
    [
      6000,
      -0.4141170382499695
    ],
    [
      6500,
      -0.41443589329719543
    ],
    [
      7000,
      -0.41245031356811523
    ],
    [
      7500,
      -0.4133055806159973
    ],
    [
      8000,
      -0.4151461720466614
    ],
    [
      8500,
      -0.4178617000579834
    ],
    [
      9000,
      -0.4127635657787323
    ],
    [
      9500,
      -0.4162031412124634
    ],
    [
      10000,
      -0.41702044010162354
    ],
    [
      10500,
      -0.4180738925933838
    ],
    [
      11000,
      -0.4195939898490906
    ],
    [
      11500,
      -0.4171598255634308
    ],
    [
      12000,
      -0.4196521043777466
    ],
    [
      12500,
      -0.4178602397441864
    ],
    [
      13000,
      -0.4189126491546631
    ],
    [
      13500,
      -0.4168669879436493
    ],
    [
      14000,
      -0.41850972175598145
    ],
    [
      14500,
      -0.4155992567539215
    ],
    [
      15000,
      -0.41919592022895813
    ],
    [
      15500,
      -0.4183712899684906
    ],
    [
      16000,
      -0.417233943939209
    ],
    [
      16500,
      -0.41829416155815125
    ],
    [
      17000,
      -0.4140797555446625
    ]
  ],
  "trustworthy": true,
  "hit_cap": false,
  "config": {
    "w_max": 12,
    "n_train": 1500,
    "n_test": 500,
    "lr": 0.01,
    "val_every": 5,
    "max_epochs_cap": 40000,
    "check_every": 500,
    "patience": 12,
    "min_delta": 0.002
  },
  "provenance": {
    "driver": "automl_package/examples/width_wsel4.py",
    "reused_from": "automl_package/examples/converged_width_experiment.py (IndependentWidthNet, unmodified protocol)"
  }
}