{
  "toy": "hetero",
  "seed": 1,
  "width": 9,
  "arm": "control",
  "held_out_mse": 0.0028027098848781976,
  "train_mse": 0.002409074300013619,
  "held_out_nll": -1.518031389117241,
  "held_out_trajectory": [
    [
      500,
      0.4648051857948303
    ],
    [
      1000,
      0.32079991698265076
    ],
    [
      1500,
      -0.18610943853855133
    ],
    [
      2000,
      -0.23885828256607056
    ],
    [
      2500,
      -0.2876596450805664
    ],
    [
      3000,
      -0.3084706962108612
    ],
    [
      3500,
      -0.29230308532714844
    ],
    [
      4000,
      -0.2857392430305481
    ],
    [
      4500,
      -0.281360387802124
    ],
    [
      5000,
      -0.28399166464805603
    ],
    [
      5500,
      -0.2830061614513397
    ],
    [
      6000,
      -0.28236085176467896
    ],
    [
      6500,
      -0.281014621257782
    ],
    [
      7000,
      -0.2820078432559967
    ],
    [
      7500,
      -0.27952826023101807
    ],
    [
      8000,
      -0.2808443307876587
    ],
    [
      8500,
      -0.2797803580760956
    ],
    [
      9000,
      -0.2831367254257202
    ]
  ],
  "trustworthy": true,
  "hit_cap": false,
  "config": {
    "w_max": 12,
    "n_train": 1500,
    "n_test": 500,
    "lr": 0.01,
    "val_every": 5,
    "max_epochs_cap": 40000,
    "check_every": 500,
    "patience": 12,
    "min_delta": 0.002
  },
  "provenance": {
    "driver": "automl_package/examples/width_wsel4.py",
    "reused_from": "automl_package/examples/converged_width_experiment.py (IndependentWidthNet, unmodified protocol)"
  }
}