{
  "toy": "hetero",
  "seed": 1,
  "width": 8,
  "arm": "control",
  "held_out_mse": 0.0026981973033262394,
  "train_mse": 0.002357110065649891,
  "held_out_nll": -1.525731762766838,
  "held_out_trajectory": [
    [
      500,
      0.4380112290382385
    ],
    [
      1000,
      -0.23276349902153015
    ],
    [
      1500,
      -0.2933487594127655
    ],
    [
      2000,
      -0.30037161707878113
    ],
    [
      2500,
      -0.29206156730651855
    ],
    [
      3000,
      -0.2877117693424225
    ],
    [
      3500,
      -0.2894194424152374
    ],
    [
      4000,
      -0.2890181839466095
    ],
    [
      4500,
      -0.2901538908481598
    ],
    [
      5000,
      -0.2900749146938324
    ],
    [
      5500,
      -0.28962624073028564
    ],
    [
      6000,
      -0.2968515157699585
    ],
    [
      6500,
      -0.2909800708293915
    ],
    [
      7000,
      -0.29031285643577576
    ],
    [
      7500,
      -0.2891308665275574
    ],
    [
      8000,
      -0.2865245044231415
    ]
  ],
  "trustworthy": true,
  "hit_cap": false,
  "config": {
    "w_max": 12,
    "n_train": 1500,
    "n_test": 500,
    "lr": 0.01,
    "val_every": 5,
    "max_epochs_cap": 40000,
    "check_every": 500,
    "patience": 12,
    "min_delta": 0.002
  },
  "provenance": {
    "driver": "automl_package/examples/width_wsel4.py",
    "reused_from": "automl_package/examples/converged_width_experiment.py (IndependentWidthNet, unmodified protocol)"
  }
}