{
  "toy": "hetero",
  "seed": 2,
  "width": 7,
  "arm": "control",
  "held_out_mse": 0.0027360249823950404,
  "train_mse": 0.002289504364816691,
  "held_out_nll": -1.5165390870571136,
  "held_out_trajectory": [
    [
      500,
      0.4810415208339691
    ],
    [
      1000,
      0.24412518739700317
    ],
    [
      1500,
      0.1358385533094406
    ],
    [
      2000,
      -0.13016633689403534
    ],
    [
      2500,
      -0.23742081224918365
    ],
    [
      3000,
      -0.3427025079727173
    ],
    [
      3500,
      -0.3773167133331299
    ],
    [
      4000,
      -0.3806345462799072
    ],
    [
      4500,
      -0.380998820066452
    ],
    [
      5000,
      -0.3817829489707947
    ],
    [
      5500,
      -0.38060933351516724
    ],
    [
      6000,
      -0.38071152567863464
    ],
    [
      6500,
      -0.3804897964000702
    ],
    [
      7000,
      -0.38070425391197205
    ],
    [
      7500,
      -0.3806106448173523
    ],
    [
      8000,
      -0.378025084733963
    ],
    [
      8500,
      -0.3788946270942688
    ],
    [
      9000,
      -0.3795700967311859
    ],
    [
      9500,
      -0.38171517848968506
    ],
    [
      10000,
      -0.37846294045448303
    ]
  ],
  "trustworthy": true,
  "hit_cap": false,
  "config": {
    "w_max": 12,
    "n_train": 1500,
    "n_test": 500,
    "lr": 0.01,
    "val_every": 5,
    "max_epochs_cap": 40000,
    "check_every": 500,
    "patience": 12,
    "min_delta": 0.002
  },
  "provenance": {
    "driver": "automl_package/examples/width_wsel4.py",
    "reused_from": "automl_package/examples/converged_width_experiment.py (IndependentWidthNet, unmodified protocol)"
  }
}