{
  "toy": "hetero",
  "seed": 1,
  "width": 11,
  "arm": "control",
  "held_out_mse": 0.002801793074986058,
  "train_mse": 0.0024001074060526362,
  "held_out_nll": -1.516915447831154,
  "held_out_trajectory": [
    [
      500,
      0.4299468398094177
    ],
    [
      1000,
      -0.13071225583553314
    ],
    [
      1500,
      -0.18337632715702057
    ],
    [
      2000,
      -0.2340838611125946
    ],
    [
      2500,
      -0.2795981466770172
    ],
    [
      3000,
      -0.2907048165798187
    ],
    [
      3500,
      -0.2988407015800476
    ],
    [
      4000,
      -0.29595106840133667
    ],
    [
      4500,
      -0.296142578125
    ],
    [
      5000,
      -0.2859455943107605
    ],
    [
      5500,
      -0.2901037633419037
    ],
    [
      6000,
      -0.2837822437286377
    ],
    [
      6500,
      -0.285182386636734
    ],
    [
      7000,
      -0.28517380356788635
    ],
    [
      7500,
      -0.284981369972229
    ],
    [
      8000,
      -0.2862515449523926
    ],
    [
      8500,
      -0.28347650170326233
    ],
    [
      9000,
      -0.27759307622909546
    ],
    [
      9500,
      -0.28577378392219543
    ]
  ],
  "trustworthy": true,
  "hit_cap": false,
  "config": {
    "w_max": 12,
    "n_train": 1500,
    "n_test": 500,
    "lr": 0.01,
    "val_every": 5,
    "max_epochs_cap": 40000,
    "check_every": 500,
    "patience": 12,
    "min_delta": 0.002
  },
  "provenance": {
    "driver": "automl_package/examples/width_wsel4.py",
    "reused_from": "automl_package/examples/converged_width_experiment.py (IndependentWidthNet, unmodified protocol)"
  }
}