{
  "toy": "hetero",
  "seed": 1,
  "width": 10,
  "arm": "control",
  "held_out_mse": 0.002710105714696235,
  "train_mse": 0.002359605261670805,
  "held_out_nll": -1.5245988447666168,
  "held_out_trajectory": [
    [
      500,
      0.4543968737125397
    ],
    [
      1000,
      0.2953970730304718
    ],
    [
      1500,
      -0.25160449743270874
    ],
    [
      2000,
      -0.2750867009162903
    ],
    [
      2500,
      -0.2846870720386505
    ],
    [
      3000,
      -0.29543712735176086
    ],
    [
      3500,
      -0.29117634892463684
    ],
    [
      4000,
      -0.2796192467212677
    ],
    [
      4500,
      -0.2880646288394928
    ],
    [
      5000,
      -0.2800059914588928
    ],
    [
      5500,
      -0.2793506383895874
    ],
    [
      6000,
      -0.2834477722644806
    ],
    [
      6500,
      -0.28162330389022827
    ],
    [
      7000,
      -0.2780437767505646
    ],
    [
      7500,
      -0.28164148330688477
    ],
    [
      8000,
      -0.27842697501182556
    ],
    [
      8500,
      -0.28472572565078735
    ],
    [
      9000,
      -0.27803075313568115
    ]
  ],
  "trustworthy": true,
  "hit_cap": false,
  "config": {
    "w_max": 12,
    "n_train": 1500,
    "n_test": 500,
    "lr": 0.01,
    "val_every": 5,
    "max_epochs_cap": 40000,
    "check_every": 500,
    "patience": 12,
    "min_delta": 0.002
  },
  "provenance": {
    "driver": "automl_package/examples/width_wsel4.py",
    "reused_from": "automl_package/examples/converged_width_experiment.py (IndependentWidthNet, unmodified protocol)"
  }
}