{
  "toy": "hetero",
  "seed": 2,
  "width": 9,
  "arm": "control",
  "held_out_mse": 0.0028037673524512457,
  "train_mse": 0.0023501121026079136,
  "held_out_nll": -1.501328190088272,
  "held_out_trajectory": [
    [
      500,
      0.491615355014801
    ],
    [
      1000,
      -0.21107083559036255
    ],
    [
      1500,
      -0.2641368508338928
    ],
    [
      2000,
      -0.30233603715896606
    ],
    [
      2500,
      -0.3281247615814209
    ],
    [
      3000,
      -0.34802713990211487
    ],
    [
      3500,
      -0.3594609200954437
    ],
    [
      4000,
      -0.36134451627731323
    ],
    [
      4500,
      -0.3574940860271454
    ],
    [
      5000,
      -0.35959428548812866
    ],
    [
      5500,
      -0.3573661148548126
    ],
    [
      6000,
      -0.35528889298439026
    ],
    [
      6500,
      -0.3515221178531647
    ],
    [
      7000,
      -0.3503388464450836
    ],
    [
      7500,
      -0.351858526468277
    ],
    [
      8000,
      -0.3497315049171448
    ],
    [
      8500,
      -0.352303683757782
    ],
    [
      9000,
      -0.3536558151245117
    ],
    [
      9500,
      -0.35248681902885437
    ]
  ],
  "trustworthy": true,
  "hit_cap": false,
  "config": {
    "w_max": 12,
    "n_train": 1500,
    "n_test": 500,
    "lr": 0.01,
    "val_every": 5,
    "max_epochs_cap": 40000,
    "check_every": 500,
    "patience": 12,
    "min_delta": 0.002
  },
  "provenance": {
    "driver": "automl_package/examples/width_wsel4.py",
    "reused_from": "automl_package/examples/converged_width_experiment.py (IndependentWidthNet, unmodified protocol)"
  }
}