{
  "toy": "hetero",
  "seed": 0,
  "width": 2,
  "arm": "control",
  "held_out_mse": 0.07515096573679364,
  "train_mse": 0.07514443536587204,
  "held_out_nll": -0.5427882120124996,
  "held_out_trajectory": [
    [
      500,
      0.6729665398597717
    ],
    [
      1000,
      0.6453331708908081
    ],
    [
      1500,
      0.6319453716278076
    ],
    [
      2000,
      0.6231224536895752
    ],
    [
      2500,
      0.6165087223052979
    ],
    [
      3000,
      0.6112320423126221
    ],
    [
      3500,
      0.6069924831390381
    ],
    [
      4000,
      0.6036573052406311
    ],
    [
      4500,
      0.6012561917304993
    ],
    [
      5000,
      0.59917813539505
    ],
    [
      5500,
      0.597660481929779
    ],
    [
      6000,
      0.596589982509613
    ],
    [
      6500,
      0.595777690410614
    ],
    [
      7000,
      0.5951959490776062
    ],
    [
      7500,
      0.5948082208633423
    ],
    [
      8000,
      0.5941620469093323
    ],
    [
      8500,
      0.5942732691764832
    ],
    [
      9000,
      0.5926423072814941
    ],
    [
      9500,
      0.5941694378852844
    ],
    [
      10000,
      0.5941451787948608
    ],
    [
      10500,
      0.5941312313079834
    ],
    [
      11000,
      0.5941733717918396
    ],
    [
      11500,
      0.5941774249076843
    ],
    [
      12000,
      0.5942986011505127
    ],
    [
      12500,
      0.5949081182479858
    ],
    [
      13000,
      0.5943658351898193
    ],
    [
      13500,
      0.5939388275146484
    ],
    [
      14000,
      0.5944044589996338
    ]
  ],
  "trustworthy": true,
  "hit_cap": false,
  "config": {
    "w_max": 12,
    "n_train": 1500,
    "n_test": 500,
    "lr": 0.01,
    "val_every": 5,
    "max_epochs_cap": 40000,
    "check_every": 500,
    "patience": 12,
    "min_delta": 0.002
  },
  "provenance": {
    "driver": "automl_package/examples/width_wsel4.py",
    "reused_from": "automl_package/examples/converged_width_experiment.py (IndependentWidthNet, unmodified protocol)"
  }
}