{
  "toy": "hetero",
  "seed": 2,
  "width": 6,
  "arm": "control",
  "held_out_mse": 0.0027250254596360435,
  "train_mse": 0.0022855073176650262,
  "held_out_nll": -1.5197082505226136,
  "held_out_trajectory": [
    [
      500,
      0.46316641569137573
    ],
    [
      1000,
      0.42818084359169006
    ],
    [
      1500,
      0.350629061460495
    ],
    [
      2000,
      -0.10498678684234619
    ],
    [
      2500,
      -0.3210003077983856
    ],
    [
      3000,
      -0.37032651901245117
    ],
    [
      3500,
      -0.37925609946250916
    ],
    [
      4000,
      -0.3811678886413574
    ],
    [
      4500,
      -0.3829813003540039
    ],
    [
      5000,
      -0.38263002038002014
    ],
    [
      5500,
      -0.3806910514831543
    ],
    [
      6000,
      -0.3814179301261902
    ],
    [
      6500,
      -0.38134288787841797
    ],
    [
      7000,
      -0.376841276884079
    ],
    [
      7500,
      -0.38129279017448425
    ],
    [
      8000,
      -0.38226985931396484
    ],
    [
      8500,
      -0.37887319922447205
    ],
    [
      9000,
      -0.38117074966430664
    ],
    [
      9500,
      -0.3785272538661957
    ],
    [
      10000,
      -0.38153257966041565
    ],
    [
      10500,
      -0.3803255259990692
    ]
  ],
  "trustworthy": true,
  "hit_cap": false,
  "config": {
    "w_max": 12,
    "n_train": 1500,
    "n_test": 500,
    "lr": 0.01,
    "val_every": 5,
    "max_epochs_cap": 40000,
    "check_every": 500,
    "patience": 12,
    "min_delta": 0.002
  },
  "provenance": {
    "driver": "automl_package/examples/width_wsel4.py",
    "reused_from": "automl_package/examples/converged_width_experiment.py (IndependentWidthNet, unmodified protocol)"
  }
}