{
  "toy": "hetero",
  "seed": 2,
  "width": 2,
  "arm": "control",
  "held_out_mse": 0.0721873188477804,
  "train_mse": 0.07250430274341658,
  "held_out_nll": -0.46939519098773597,
  "held_out_trajectory": [
    [
      500,
      0.7364992499351501
    ],
    [
      1000,
      0.6544772386550903
    ],
    [
      1500,
      0.6440289616584778
    ],
    [
      2000,
      0.63790363073349
    ],
    [
      2500,
      0.6356223225593567
    ],
    [
      3000,
      0.6332752704620361
    ],
    [
      3500,
      0.63144850730896
    ],
    [
      4000,
      0.6302467584609985
    ],
    [
      4500,
      0.6294307708740234
    ],
    [
      5000,
      0.6284880638122559
    ],
    [
      5500,
      0.6282099485397339
    ],
    [
      6000,
      0.6278334259986877
    ],
    [
      6500,
      0.6275637149810791
    ],
    [
      7000,
      0.6273716688156128
    ],
    [
      7500,
      0.6272445917129517
    ],
    [
      8000,
      0.6271694898605347
    ],
    [
      8500,
      0.6271387338638306
    ],
    [
      9000,
      0.6271560192108154
    ],
    [
      9500,
      0.6280080080032349
    ],
    [
      10000,
      0.6282642483711243
    ],
    [
      10500,
      0.6272974014282227
    ],
    [
      11000,
      0.6273540258407593
    ],
    [
      11500,
      0.6274444460868835
    ]
  ],
  "trustworthy": true,
  "hit_cap": false,
  "config": {
    "w_max": 12,
    "n_train": 1500,
    "n_test": 500,
    "lr": 0.01,
    "val_every": 5,
    "max_epochs_cap": 40000,
    "check_every": 500,
    "patience": 12,
    "min_delta": 0.002
  },
  "provenance": {
    "driver": "automl_package/examples/width_wsel4.py",
    "reused_from": "automl_package/examples/converged_width_experiment.py (IndependentWidthNet, unmodified protocol)"
  }
}