{
  "toy": "hetero",
  "seed": 0,
  "width": 3,
  "arm": "control",
  "held_out_mse": 0.053241875896467325,
  "train_mse": 0.05012872392192406,
  "held_out_nll": -0.8644195668585598,
  "held_out_trajectory": [
    [
      500,
      0.5608240365982056
    ],
    [
      1000,
      0.4217985272407532
    ],
    [
      1500,
      0.4118221402168274
    ],
    [
      2000,
      0.3936600089073181
    ],
    [
      2500,
      0.3756401538848877
    ],
    [
      3000,
      0.353563129901886
    ],
    [
      3500,
      0.3260476887226105
    ],
    [
      4000,
      0.2999725043773651
    ],
    [
      4500,
      0.29481828212738037
    ],
    [
      5000,
      0.2928290367126465
    ],
    [
      5500,
      0.2917369306087494
    ],
    [
      6000,
      0.2906380295753479
    ],
    [
      6500,
      0.2906736433506012
    ],
    [
      7000,
      0.2889280319213867
    ],
    [
      7500,
      0.28851011395454407
    ],
    [
      8000,
      0.2879406213760376
    ],
    [
      8500,
      0.28734683990478516
    ],
    [
      9000,
      0.2868138253688812
    ],
    [
      9500,
      0.28651171922683716
    ],
    [
      10000,
      0.2860153615474701
    ],
    [
      10500,
      0.2861859202384949
    ],
    [
      11000,
      0.28569918870925903
    ],
    [
      11500,
      0.2854348421096802
    ],
    [
      12000,
      0.2850436568260193
    ],
    [
      12500,
      0.28525209426879883
    ],
    [
      13000,
      0.2848912179470062
    ],
    [
      13500,
      0.2852414846420288
    ],
    [
      14000,
      0.28616392612457275
    ],
    [
      14500,
      0.28445014357566833
    ],
    [
      15000,
      0.284029483795166
    ],
    [
      15500,
      0.28411751985549927
    ],
    [
      16000,
      0.28416329622268677
    ],
    [
      16500,
      0.2840925455093384
    ],
    [
      17000,
      0.284078985452652
    ],
    [
      17500,
      0.2837412357330322
    ],
    [
      18000,
      0.28380945324897766
    ],
    [
      18500,
      0.28356876969337463
    ],
    [
      19000,
      0.2834891378879547
    ],
    [
      19500,
      0.28399160504341125
    ],
    [
      20000,
      0.2832276523113251
    ],
    [
      20500,
      0.2832943797111511
    ]
  ],
  "trustworthy": true,
  "hit_cap": false,
  "config": {
    "w_max": 12,
    "n_train": 1500,
    "n_test": 500,
    "lr": 0.01,
    "val_every": 5,
    "max_epochs_cap": 40000,
    "check_every": 500,
    "patience": 12,
    "min_delta": 0.002
  },
  "provenance": {
    "driver": "automl_package/examples/width_wsel4.py",
    "reused_from": "automl_package/examples/converged_width_experiment.py (IndependentWidthNet, unmodified protocol)"
  }
}