{
  "toy": "hetero",
  "seed": 2,
  "width": 10,
  "arm": "control",
  "held_out_mse": 0.002751759002283194,
  "train_mse": 0.0022834500533357063,
  "held_out_nll": -1.5092858023643494,
  "held_out_trajectory": [
    [
      500,
      0.5238911509513855
    ],
    [
      1000,
      0.2242884635925293
    ],
    [
      1500,
      -0.25920385122299194
    ],
    [
      2000,
      -0.3028694689273834
    ],
    [
      2500,
      -0.3309337794780731
    ],
    [
      3000,
      -0.3459695279598236
    ],
    [
      3500,
      -0.35062363743782043
    ],
    [
      4000,
      -0.35090506076812744
    ],
    [
      4500,
      -0.34751439094543457
    ],
    [
      5000,
      -0.3499075770378113
    ],
    [
      5500,
      -0.35172519087791443
    ],
    [
      6000,
      -0.3501186668872833
    ],
    [
      6500,
      -0.3493879735469818
    ],
    [
      7000,
      -0.34793969988822937
    ],
    [
      7500,
      -0.3511826694011688
    ],
    [
      8000,
      -0.35507383942604065
    ],
    [
      8500,
      -0.353575199842453
    ],
    [
      9000,
      -0.3528217375278473
    ],
    [
      9500,
      -0.35354918241500854
    ],
    [
      10000,
      -0.3511195480823517
    ],
    [
      10500,
      -0.35428857803344727
    ],
    [
      11000,
      -0.3526037335395813
    ],
    [
      11500,
      -0.3555287718772888
    ],
    [
      12000,
      -0.3549326956272125
    ],
    [
      12500,
      -0.3530283570289612
    ],
    [
      13000,
      -0.3560350835323334
    ],
    [
      13500,
      -0.35646191239356995
    ],
    [
      14000,
      -0.35583221912384033
    ]
  ],
  "trustworthy": true,
  "hit_cap": false,
  "config": {
    "w_max": 12,
    "n_train": 1500,
    "n_test": 500,
    "lr": 0.01,
    "val_every": 5,
    "max_epochs_cap": 40000,
    "check_every": 500,
    "patience": 12,
    "min_delta": 0.002
  },
  "provenance": {
    "driver": "automl_package/examples/width_wsel4.py",
    "reused_from": "automl_package/examples/converged_width_experiment.py (IndependentWidthNet, unmodified protocol)"
  }
}