{
  "toy": "hetero",
  "seed": 1,
  "width": 5,
  "arm": "control",
  "held_out_mse": 0.03257104553641297,
  "train_mse": 0.036456271996011494,
  "held_out_nll": -1.077914412394166,
  "held_out_trajectory": [
    [
      500,
      0.43790242075920105
    ],
    [
      1000,
      0.36128324270248413
    ],
    [
      1500,
      0.18096548318862915
    ],
    [
      2000,
      0.15207648277282715
    ],
    [
      2500,
      0.13831110298633575
    ],
    [
      3000,
      0.13242757320404053
    ],
    [
      3500,
      0.12696616351604462
    ],
    [
      4000,
      0.12365183234214783
    ],
    [
      4500,
      0.12217089533805847
    ],
    [
      5000,
      0.1257404386997223
    ],
    [
      5500,
      0.1212063729763031
    ],
    [
      6000,
      0.12861236929893494
    ],
    [
      6500,
      0.12115185707807541
    ],
    [
      7000,
      0.12099169194698334
    ],
    [
      7500,
      0.12138687074184418
    ],
    [
      8000,
      0.12286699563264847
    ],
    [
      8500,
      0.1211952194571495
    ],
    [
      9000,
      0.1216508224606514
    ],
    [
      9500,
      0.12175557762384415
    ],
    [
      10000,
      0.12174785882234573
    ],
    [
      10500,
      0.12126114219427109
    ],
    [
      11000,
      0.12227485328912735
    ],
    [
      11500,
      0.12227193266153336
    ]
  ],
  "trustworthy": true,
  "hit_cap": false,
  "config": {
    "w_max": 12,
    "n_train": 1500,
    "n_test": 500,
    "lr": 0.01,
    "val_every": 5,
    "max_epochs_cap": 40000,
    "check_every": 500,
    "patience": 12,
    "min_delta": 0.002
  },
  "provenance": {
    "driver": "automl_package/examples/width_wsel4.py",
    "reused_from": "automl_package/examples/converged_width_experiment.py (IndependentWidthNet, unmodified protocol)"
  }
}