{
  "toy": "hetero",
  "seed": 0,
  "width": 6,
  "arm": "control",
  "held_out_mse": 0.0026576026529891977,
  "train_mse": 0.002438589640056346,
  "held_out_nll": -1.5356899820566177,
  "held_out_trajectory": [
    [
      500,
      0.5731106400489807
    ],
    [
      1000,
      0.12559084594249725
    ],
    [
      1500,
      0.07479545474052429
    ],
    [
      2000,
      0.07023373991250992
    ],
    [
      2500,
      0.02257482334971428
    ],
    [
      3000,
      -0.2524440586566925
    ],
    [
      3500,
      -0.2879323661327362
    ],
    [
      4000,
      -0.30162179470062256
    ],
    [
      4500,
      -0.3128613233566284
    ],
    [
      5000,
      -0.32370248436927795
    ],
    [
      5500,
      -0.3337695896625519
    ],
    [
      6000,
      -0.34155699610710144
    ],
    [
      6500,
      -0.34597423672676086
    ],
    [
      7000,
      -0.3500978946685791
    ],
    [
      7500,
      -0.3537725508213043
    ],
    [
      8000,
      -0.3597821295261383
    ],
    [
      8500,
      -0.3647947311401367
    ],
    [
      9000,
      -0.36954182386398315
    ],
    [
      9500,
      -0.3760160505771637
    ],
    [
      10000,
      -0.3753281533718109
    ],
    [
      10500,
      -0.3874014914035797
    ],
    [
      11000,
      -0.3925657272338867
    ],
    [
      11500,
      -0.40016689896583557
    ],
    [
      12000,
      -0.40166181325912476
    ],
    [
      12500,
      -0.40333887934684753
    ],
    [
      13000,
      -0.40617799758911133
    ],
    [
      13500,
      -0.4086342751979828
    ],
    [
      14000,
      -0.4130952060222626
    ],
    [
      14500,
      -0.4128061532974243
    ],
    [
      15000,
      -0.4144381284713745
    ],
    [
      15500,
      -0.41641250252723694
    ],
    [
      16000,
      -0.417904257774353
    ],
    [
      16500,
      -0.4193703830242157
    ],
    [
      17000,
      -0.4200575053691864
    ],
    [
      17500,
      -0.42062681913375854
    ],
    [
      18000,
      -0.42176371812820435
    ],
    [
      18500,
      -0.42227408289909363
    ],
    [
      19000,
      -0.414842814207077
    ],
    [
      19500,
      -0.4245057702064514
    ],
    [
      20000,
      -0.42495080828666687
    ],
    [
      20500,
      -0.4256807863712311
    ],
    [
      21000,
      -0.42693182826042175
    ],
    [
      21500,
      -0.42676016688346863
    ],
    [
      22000,
      -0.4208131432533264
    ],
    [
      22500,
      -0.4281391501426697
    ],
    [
      23000,
      -0.4304695129394531
    ],
    [
      23500,
      -0.4279569387435913
    ],
    [
      24000,
      -0.42923665046691895
    ],
    [
      24500,
      -0.41619718074798584
    ],
    [
      25000,
      -0.4302230179309845
    ],
    [
      25500,
      -0.4283481240272522
    ],
    [
      26000,
      -0.43025216460227966
    ],
    [
      26500,
      -0.4310188293457031
    ],
    [
      27000,
      -0.4324769079685211
    ],
    [
      27500,
      -0.43180733919143677
    ],
    [
      28000,
      -0.4255789816379547
    ],
    [
      28500,
      -0.43237966299057007
    ],
    [
      29000,
      -0.4307147264480591
    ],
    [
      29500,
      -0.4327031373977661
    ],
    [
      30000,
      -0.4332292675971985
    ],
    [
      30500,
      -0.4332616627216339
    ],
    [
      31000,
      -0.43755295872688293
    ],
    [
      31500,
      -0.4371291995048523
    ],
    [
      32000,
      -0.43344852328300476
    ],
    [
      32500,
      -0.43691274523735046
    ],
    [
      33000,
      -0.4347373843193054
    ],
    [
      33500,
      -0.4294646084308624
    ],
    [
      34000,
      -0.4248065948486328
    ],
    [
      34500,
      -0.4351154565811157
    ],
    [
      35000,
      -0.4028889536857605
    ],
    [
      35500,
      -0.4355693459510803
    ],
    [
      36000,
      -0.4312163293361664
    ],
    [
      36500,
      -0.43268799781799316
    ],
    [
      37000,
      -0.4359617531299591
    ]
  ],
  "trustworthy": true,
  "hit_cap": false,
  "config": {
    "w_max": 12,
    "n_train": 1500,
    "n_test": 500,
    "lr": 0.01,
    "val_every": 5,
    "max_epochs_cap": 40000,
    "check_every": 500,
    "patience": 12,
    "min_delta": 0.002
  },
  "provenance": {
    "driver": "automl_package/examples/width_wsel4.py",
    "reused_from": "automl_package/examples/converged_width_experiment.py (IndependentWidthNet, unmodified protocol)"
  }
}