{
  "toy": "hetero",
  "seed": 0,
  "width": 7,
  "arm": "control",
  "held_out_mse": 0.002550233075397173,
  "train_mse": 0.0023955016388350968,
  "held_out_nll": -1.554722897052765,
  "held_out_trajectory": [
    [
      500,
      0.4594360888004303
    ],
    [
      1000,
      -0.27800339460372925
    ],
    [
      1500,
      -0.37430307269096375
    ],
    [
      2000,
      -0.3857472538948059
    ],
    [
      2500,
      -0.4054851233959198
    ],
    [
      3000,
      -0.42221325635910034
    ],
    [
      3500,
      -0.42851486802101135
    ],
    [
      4000,
      -0.4344104528427124
    ],
    [
      4500,
      -0.43836522102355957
    ],
    [
      5000,
      -0.44135212898254395
    ],
    [
      5500,
      -0.4409433901309967
    ],
    [
      6000,
      -0.44349610805511475
    ],
    [
      6500,
      -0.44324636459350586
    ],
    [
      7000,
      -0.4420582056045532
    ],
    [
      7500,
      -0.44294610619544983
    ],
    [
      8000,
      -0.44368112087249756
    ],
    [
      8500,
      -0.4451712965965271
    ],
    [
      9000,
      -0.44583678245544434
    ],
    [
      9500,
      -0.44649964570999146
    ],
    [
      10000,
      -0.4443732798099518
    ],
    [
      10500,
      -0.44484183192253113
    ],
    [
      11000,
      -0.4454420506954193
    ],
    [
      11500,
      -0.4463726878166199
    ],
    [
      12000,
      -0.44650742411613464
    ],
    [
      12500,
      -0.445315957069397
    ],
    [
      13000,
      -0.443869024515152
    ],
    [
      13500,
      -0.44623681902885437
    ],
    [
      14000,
      -0.4464890658855438
    ],
    [
      14500,
      -0.44548094272613525
    ],
    [
      15000,
      -0.4472346007823944
    ]
  ],
  "trustworthy": true,
  "hit_cap": false,
  "config": {
    "w_max": 12,
    "n_train": 1500,
    "n_test": 500,
    "lr": 0.01,
    "val_every": 5,
    "max_epochs_cap": 40000,
    "check_every": 500,
    "patience": 12,
    "min_delta": 0.002
  },
  "provenance": {
    "driver": "automl_package/examples/width_wsel4.py",
    "reused_from": "automl_package/examples/converged_width_experiment.py (IndependentWidthNet, unmodified protocol)"
  }
}