{
  "toy": "hetero",
  "seed": 1,
  "width": 3,
  "arm": "control",
  "held_out_mse": 0.053083084579416975,
  "train_mse": 0.051793696021255,
  "held_out_nll": -0.7076275180056691,
  "held_out_trajectory": [
    [
      500,
      0.5524573922157288
    ],
    [
      1000,
      0.4513682425022125
    ],
    [
      1500,
      0.4213874936103821
    ],
    [
      2000,
      0.41342592239379883
    ],
    [
      2500,
      0.3937252163887024
    ],
    [
      3000,
      0.3689649999141693
    ],
    [
      3500,
      0.35576552152633667
    ],
    [
      4000,
      0.3488602638244629
    ],
    [
      4500,
      0.34498316049575806
    ],
    [
      5000,
      0.3426150679588318
    ],
    [
      5500,
      0.3412590026855469
    ],
    [
      6000,
      0.34047040343284607
    ],
    [
      6500,
      0.3400219678878784
    ],
    [
      7000,
      0.33981454372406006
    ],
    [
      7500,
      0.3397405743598938
    ],
    [
      8000,
      0.3397335112094879
    ],
    [
      8500,
      0.3397555947303772
    ],
    [
      9000,
      0.3397896885871887
    ],
    [
      9500,
      0.3398326635360718
    ],
    [
      10000,
      0.33982914686203003
    ],
    [
      10500,
      0.3398263454437256
    ],
    [
      11000,
      0.3398435711860657
    ],
    [
      11500,
      0.33984410762786865
    ],
    [
      12000,
      0.33983489871025085
    ]
  ],
  "trustworthy": true,
  "hit_cap": false,
  "config": {
    "w_max": 12,
    "n_train": 1500,
    "n_test": 500,
    "lr": 0.01,
    "val_every": 5,
    "max_epochs_cap": 40000,
    "check_every": 500,
    "patience": 12,
    "min_delta": 0.002
  },
  "provenance": {
    "driver": "automl_package/examples/width_wsel4.py",
    "reused_from": "automl_package/examples/converged_width_experiment.py (IndependentWidthNet, unmodified protocol)"
  }
}