{
  "toy": "hetero",
  "seed": 1,
  "width": 12,
  "arm": "control",
  "held_out_mse": 0.0030140660079787836,
  "train_mse": 0.0025478154470502975,
  "held_out_nll": -1.5083823432922363,
  "held_out_trajectory": [
    [
      500,
      0.35348832607269287
    ],
    [
      1000,
      -0.2552778422832489
    ],
    [
      1500,
      -0.29430243372917175
    ],
    [
      2000,
      -0.29430028796195984
    ],
    [
      2500,
      -0.2859988510608673
    ],
    [
      3000,
      -0.2836889624595642
    ],
    [
      3500,
      -0.27971819043159485
    ],
    [
      4000,
      -0.2935815453529358
    ],
    [
      4500,
      -0.2784859836101532
    ],
    [
      5000,
      -0.280386745929718
    ],
    [
      5500,
      -0.2681080996990204
    ],
    [
      6000,
      -0.2704232931137085
    ],
    [
      6500,
      -0.27843427658081055
    ],
    [
      7000,
      -0.2785279452800751
    ],
    [
      7500,
      -0.2882605493068695
    ]
  ],
  "trustworthy": true,
  "hit_cap": false,
  "config": {
    "w_max": 12,
    "n_train": 1500,
    "n_test": 500,
    "lr": 0.01,
    "val_every": 5,
    "max_epochs_cap": 40000,
    "check_every": 500,
    "patience": 12,
    "min_delta": 0.002
  },
  "provenance": {
    "driver": "automl_package/examples/width_wsel4.py",
    "reused_from": "automl_package/examples/converged_width_experiment.py (IndependentWidthNet, unmodified protocol)"
  }
}