{
  "toy": "hetero",
  "seed": 1,
  "width": 2,
  "arm": "control",
  "held_out_mse": 0.06711922590474151,
  "train_mse": 0.07003439341721274,
  "held_out_nll": -0.591999030109495,
  "held_out_trajectory": [
    [
      500,
      0.5425809621810913
    ],
    [
      1000,
      0.5306376218795776
    ],
    [
      1500,
      0.5161770582199097
    ],
    [
      2000,
      0.5077649354934692
    ],
    [
      2500,
      0.49784910678863525
    ],
    [
      3000,
      0.49251464009284973
    ],
    [
      3500,
      0.48884937167167664
    ],
    [
      4000,
      0.4862934350967407
    ],
    [
      4500,
      0.48446351289749146
    ],
    [
      5000,
      0.48311498761177063
    ],
    [
      5500,
      0.48211970925331116
    ],
    [
      6000,
      0.48136845231056213
    ],
    [
      6500,
      0.48086121678352356
    ],
    [
      7000,
      0.4804273843765259
    ],
    [
      7500,
      0.4802236557006836
    ],
    [
      8000,
      0.4800671935081482
    ],
    [
      8500,
      0.4800068140029907
    ],
    [
      9000,
      0.47997578978538513
    ],
    [
      9500,
      0.48000481724739075
    ],
    [
      10000,
      0.48003315925598145
    ],
    [
      10500,
      0.4782434105873108
    ],
    [
      11000,
      0.47996699810028076
    ],
    [
      11500,
      0.4800463914871216
    ],
    [
      12000,
      0.4801074266433716
    ],
    [
      12500,
      0.4824305772781372
    ],
    [
      13000,
      0.47813495993614197
    ],
    [
      13500,
      0.4803120493888855
    ],
    [
      14000,
      0.47969818115234375
    ],
    [
      14500,
      0.4804457724094391
    ],
    [
      15000,
      0.4873110055923462
    ],
    [
      15500,
      0.47996440529823303
    ],
    [
      16000,
      0.4799652695655823
    ],
    [
      16500,
      0.47996512055397034
    ]
  ],
  "trustworthy": true,
  "hit_cap": false,
  "config": {
    "w_max": 12,
    "n_train": 1500,
    "n_test": 500,
    "lr": 0.01,
    "val_every": 5,
    "max_epochs_cap": 40000,
    "check_every": 500,
    "patience": 12,
    "min_delta": 0.002
  },
  "provenance": {
    "driver": "automl_package/examples/width_wsel4.py",
    "reused_from": "automl_package/examples/converged_width_experiment.py (IndependentWidthNet, unmodified protocol)"
  }
}