{
  "toy": "hetero",
  "seed": 2,
  "width": 4,
  "arm": "control",
  "held_out_mse": 0.05249507629232279,
  "train_mse": 0.05180191726702006,
  "held_out_nll": -0.7356752415522932,
  "held_out_trajectory": [
    [
      500,
      0.486288458108902
    ],
    [
      1000,
      0.4302797317504883
    ],
    [
      1500,
      0.43147945404052734
    ],
    [
      2000,
      0.42201289534568787
    ],
    [
      2500,
      0.4154371917247772
    ],
    [
      3000,
      0.4109976589679718
    ],
    [
      3500,
      0.41183629631996155
    ],
    [
      4000,
      0.41382867097854614
    ],
    [
      4500,
      0.41519179940223694
    ],
    [
      5000,
      0.41342228651046753
    ],
    [
      5500,
      0.4170514941215515
    ],
    [
      6000,
      0.4211983382701874
    ],
    [
      6500,
      0.41149094700813293
    ],
    [
      7000,
      0.41020840406417847
    ],
    [
      7500,
      0.4130786061286926
    ],
    [
      8000,
      0.41236937046051025
    ],
    [
      8500,
      0.41269075870513916
    ],
    [
      9000,
      0.4125964641571045
    ]
  ],
  "trustworthy": true,
  "hit_cap": false,
  "config": {
    "w_max": 12,
    "n_train": 1500,
    "n_test": 500,
    "lr": 0.01,
    "val_every": 5,
    "max_epochs_cap": 40000,
    "check_every": 500,
    "patience": 12,
    "min_delta": 0.002
  },
  "provenance": {
    "driver": "automl_package/examples/width_wsel4.py",
    "reused_from": "automl_package/examples/converged_width_experiment.py (IndependentWidthNet, unmodified protocol)"
  }
}