{
  "toy": "hetero",
  "seed": 0,
  "width": 1,
  "arm": "control",
  "held_out_mse": 0.08020641373990207,
  "train_mse": 0.07967851600124033,
  "held_out_nll": -0.2876934473756701,
  "held_out_trajectory": [
    [
      500,
      0.8463370203971863
    ],
    [
      1000,
      0.8343775272369385
    ],
    [
      1500,
      0.8333625197410583
    ],
    [
      2000,
      0.8332836627960205
    ],
    [
      2500,
      0.8332810997962952
    ],
    [
      3000,
      0.8332812190055847
    ],
    [
      3500,
      0.8333714008331299
    ],
    [
      4000,
      0.8332540392875671
    ],
    [
      4500,
      0.8332655429840088
    ],
    [
      5000,
      0.8332805633544922
    ],
    [
      5500,
      0.8332782983779907
    ],
    [
      6000,
      0.8342918157577515
    ],
    [
      6500,
      0.8331990242004395
    ],
    [
      7000,
      0.8332747220993042
    ]
  ],
  "trustworthy": true,
  "hit_cap": false,
  "config": {
    "w_max": 12,
    "n_train": 1500,
    "n_test": 500,
    "lr": 0.01,
    "val_every": 5,
    "max_epochs_cap": 40000,
    "check_every": 500,
    "patience": 12,
    "min_delta": 0.002
  },
  "provenance": {
    "driver": "automl_package/examples/width_wsel4.py",
    "reused_from": "automl_package/examples/converged_width_experiment.py (IndependentWidthNet, unmodified protocol)"
  }
}