{
  "toy": "hetero",
  "seed": 0,
  "width": 8,
  "arm": "control",
  "held_out_mse": 0.0025877712605135057,
  "train_mse": 0.002376015193244546,
  "held_out_nll": -1.5435970385074615,
  "held_out_trajectory": [
    [
      500,
      0.5102923512458801
    ],
    [
      1000,
      0.09550492465496063
    ],
    [
      1500,
      -0.29091522097587585
    ],
    [
      2000,
      -0.3975692689418793
    ],
    [
      2500,
      -0.41670122742652893
    ],
    [
      3000,
      -0.4343966543674469
    ],
    [
      3500,
      -0.4432505667209625
    ],
    [
      4000,
      -0.4460207521915436
    ],
    [
      4500,
      -0.44692134857177734
    ],
    [
      5000,
      -0.45009714365005493
    ],
    [
      5500,
      -0.4488135874271393
    ],
    [
      6000,
      -0.45133352279663086
    ],
    [
      6500,
      -0.4509373605251312
    ],
    [
      7000,
      -0.4473128318786621
    ],
    [
      7500,
      -0.4469856917858124
    ],
    [
      8000,
      -0.4500887989997864
    ],
    [
      8500,
      -0.4498693346977234
    ],
    [
      9000,
      -0.44942864775657654
    ],
    [
      9500,
      -0.44980335235595703
    ],
    [
      10000,
      -0.44883373379707336
    ],
    [
      10500,
      -0.4515398144721985
    ],
    [
      11000,
      -0.45062458515167236
    ]
  ],
  "trustworthy": true,
  "hit_cap": false,
  "config": {
    "w_max": 12,
    "n_train": 1500,
    "n_test": 500,
    "lr": 0.01,
    "val_every": 5,
    "max_epochs_cap": 40000,
    "check_every": 500,
    "patience": 12,
    "min_delta": 0.002
  },
  "provenance": {
    "driver": "automl_package/examples/width_wsel4.py",
    "reused_from": "automl_package/examples/converged_width_experiment.py (IndependentWidthNet, unmodified protocol)"
  }
}