{
  "toy": "hetero",
  "seed": 2,
  "width": 11,
  "arm": "control",
  "held_out_mse": 0.0027388444179259255,
  "train_mse": 0.0022944142407648254,
  "held_out_nll": -1.508878906726837,
  "held_out_trajectory": [
    [
      500,
      0.5218071937561035
    ],
    [
      1000,
      0.25280100107192993
    ],
    [
      1500,
      -0.3006299138069153
    ],
    [
      2000,
      -0.3410804271697998
    ],
    [
      2500,
      -0.3502122759819031
    ],
    [
      3000,
      -0.3503952920436859
    ],
    [
      3500,
      -0.35243338346481323
    ],
    [
      4000,
      -0.3515509366989136
    ],
    [
      4500,
      -0.35223594307899475
    ],
    [
      5000,
      -0.35049912333488464
    ],
    [
      5500,
      -0.3519313931465149
    ],
    [
      6000,
      -0.35330116748809814
    ],
    [
      6500,
      -0.35135942697525024
    ],
    [
      7000,
      -0.3534686267375946
    ],
    [
      7500,
      -0.34914520382881165
    ],
    [
      8000,
      -0.34690284729003906
    ],
    [
      8500,
      -0.3454902470111847
    ],
    [
      9000,
      -0.34369370341300964
    ],
    [
      9500,
      -0.3415340781211853
    ]
  ],
  "trustworthy": true,
  "hit_cap": false,
  "config": {
    "w_max": 12,
    "n_train": 1500,
    "n_test": 500,
    "lr": 0.01,
    "val_every": 5,
    "max_epochs_cap": 40000,
    "check_every": 500,
    "patience": 12,
    "min_delta": 0.002
  },
  "provenance": {
    "driver": "automl_package/examples/width_wsel4.py",
    "reused_from": "automl_package/examples/converged_width_experiment.py (IndependentWidthNet, unmodified protocol)"
  }
}