{
  "toy": "hetero",
  "seed": 2,
  "width": 8,
  "arm": "control",
  "held_out_mse": 0.002771562974277117,
  "train_mse": 0.002273583530467406,
  "held_out_nll": -1.5072989797592162,
  "held_out_trajectory": [
    [
      500,
      0.4914730191230774
    ],
    [
      1000,
      0.12161877751350403
    ],
    [
      1500,
      -0.04496327042579651
    ],
    [
      2000,
      -0.10660963505506516
    ],
    [
      2500,
      -0.18410992622375488
    ],
    [
      3000,
      -0.28611183166503906
    ],
    [
      3500,
      -0.3608657419681549
    ],
    [
      4000,
      -0.3659254312515259
    ],
    [
      4500,
      -0.36627933382987976
    ],
    [
      5000,
      -0.3667793273925781
    ],
    [
      5500,
      -0.36619895696640015
    ],
    [
      6000,
      -0.3669404089450836
    ],
    [
      6500,
      -0.36719033122062683
    ],
    [
      7000,
      -0.36717525124549866
    ],
    [
      7500,
      -0.36742737889289856
    ],
    [
      8000,
      -0.3675885498523712
    ],
    [
      8500,
      -0.3660023510456085
    ],
    [
      9000,
      -0.36789071559906006
    ],
    [
      9500,
      -0.36406421661376953
    ],
    [
      10000,
      -0.36845389008522034
    ],
    [
      10500,
      -0.3662830889225006
    ],
    [
      11000,
      -0.36770784854888916
    ],
    [
      11500,
      -0.3675403892993927
    ],
    [
      12000,
      -0.36633700132369995
    ],
    [
      12500,
      -0.3691002428531647
    ],
    [
      13000,
      -0.36818376183509827
    ],
    [
      13500,
      -0.370583176612854
    ],
    [
      14000,
      -0.36695146560668945
    ],
    [
      14500,
      -0.36652687191963196
    ],
    [
      15000,
      -0.37020015716552734
    ],
    [
      15500,
      -0.3699464201927185
    ],
    [
      16000,
      -0.36955079436302185
    ],
    [
      16500,
      -0.3700701892375946
    ],
    [
      17000,
      -0.3686966598033905
    ],
    [
      17500,
      -0.3715817928314209
    ],
    [
      18000,
      -0.3701145052909851
    ],
    [
      18500,
      -0.37159910798072815
    ],
    [
      19000,
      -0.36946526169776917
    ],
    [
      19500,
      -0.3695269823074341
    ]
  ],
  "trustworthy": true,
  "hit_cap": false,
  "config": {
    "w_max": 12,
    "n_train": 1500,
    "n_test": 500,
    "lr": 0.01,
    "val_every": 5,
    "max_epochs_cap": 40000,
    "check_every": 500,
    "patience": 12,
    "min_delta": 0.002
  },
  "provenance": {
    "driver": "automl_package/examples/width_wsel4.py",
    "reused_from": "automl_package/examples/converged_width_experiment.py (IndependentWidthNet, unmodified protocol)"
  }
}