{
  "toy": "hetero",
  "seed": 1,
  "width": 4,
  "arm": "control",
  "held_out_mse": 0.006285609921532661,
  "train_mse": 0.004970734064998203,
  "held_out_nll": -1.3792118002176286,
  "held_out_trajectory": [
    [
      500,
      0.39232775568962097
    ],
    [
      1000,
      0.3549100160598755
    ],
    [
      1500,
      0.35076048970222473
    ],
    [
      2000,
      0.3467210829257965
    ],
    [
      2500,
      0.35895729064941406
    ],
    [
      3000,
      0.3587813973426819
    ],
    [
      3500,
      0.3585279881954193
    ],
    [
      4000,
      0.23244117200374603
    ],
    [
      4500,
      0.1583220213651657
    ],
    [
      5000,
      0.15269841253757477
    ],
    [
      5500,
      0.1419825255870819
    ],
    [
      6000,
      0.13441304862499237
    ],
    [
      6500,
      0.1256914585828781
    ],
    [
      7000,
      0.06847202777862549
    ],
    [
      7500,
      -0.0963294506072998
    ],
    [
      8000,
      -0.10106837749481201
    ],
    [
      8500,
      -0.10241086035966873
    ],
    [
      9000,
      -0.10238946229219437
    ],
    [
      9500,
      -0.10383708029985428
    ],
    [
      10000,
      -0.10038784146308899
    ],
    [
      10500,
      -0.10880246758460999
    ],
    [
      11000,
      -0.11313307285308838
    ],
    [
      11500,
      -0.11737769097089767
    ],
    [
      12000,
      -0.11556297540664673
    ],
    [
      12500,
      -0.12284345179796219
    ],
    [
      13000,
      -0.12668229639530182
    ],
    [
      13500,
      -0.12794311344623566
    ],
    [
      14000,
      -0.1295567750930786
    ],
    [
      14500,
      -0.12601236999034882
    ],
    [
      15000,
      -0.13316628336906433
    ],
    [
      15500,
      -0.13480670750141144
    ],
    [
      16000,
      -0.13646355271339417
    ],
    [
      16500,
      -0.13658131659030914
    ],
    [
      17000,
      -0.13894477486610413
    ],
    [
      17500,
      -0.14089296758174896
    ],
    [
      18000,
      -0.14171409606933594
    ],
    [
      18500,
      -0.14398427307605743
    ],
    [
      19000,
      -0.13073794543743134
    ],
    [
      19500,
      -0.15075066685676575
    ],
    [
      20000,
      -0.14924256503582
    ],
    [
      20500,
      -0.14867381751537323
    ],
    [
      21000,
      -0.15255962312221527
    ],
    [
      21500,
      -0.15049026906490326
    ],
    [
      22000,
      -0.15170219540596008
    ],
    [
      22500,
      -0.1524641364812851
    ],
    [
      23000,
      -0.15456603467464447
    ],
    [
      23500,
      -0.15400278568267822
    ],
    [
      24000,
      -0.1557459533214569
    ],
    [
      24500,
      -0.15622232854366302
    ],
    [
      25000,
      -0.15690462291240692
    ],
    [
      25500,
      -0.15761306881904602
    ],
    [
      26000,
      -0.15976552665233612
    ],
    [
      26500,
      -0.16218304634094238
    ],
    [
      27000,
      -0.14661119878292084
    ],
    [
      27500,
      -0.1573028415441513
    ],
    [
      28000,
      -0.1631213128566742
    ],
    [
      28500,
      -0.1592644602060318
    ],
    [
      29000,
      -0.16435469686985016
    ],
    [
      29500,
      -0.14211228489875793
    ],
    [
      30000,
      -0.16626472771167755
    ],
    [
      30500,
      -0.1677192896604538
    ],
    [
      31000,
      -0.16880816221237183
    ],
    [
      31500,
      -0.16919919848442078
    ],
    [
      32000,
      -0.16997680068016052
    ],
    [
      32500,
      -0.17115013301372528
    ],
    [
      33000,
      -0.16718508303165436
    ],
    [
      33500,
      -0.17596814036369324
    ],
    [
      34000,
      -0.1694977581501007
    ],
    [
      34500,
      -0.17476977407932281
    ],
    [
      35000,
      -0.17114967107772827
    ],
    [
      35500,
      -0.1768965870141983
    ],
    [
      36000,
      -0.17776493728160858
    ],
    [
      36500,
      -0.15036122500896454
    ],
    [
      37000,
      -0.17788362503051758
    ],
    [
      37500,
      -0.18766966462135315
    ],
    [
      38000,
      -0.1807032972574234
    ],
    [
      38500,
      -0.18314677476882935
    ],
    [
      39000,
      -0.17982400953769684
    ],
    [
      39500,
      -0.1774783730506897
    ],
    [
      40000,
      -0.18880987167358398
    ]
  ],
  "trustworthy": false,
  "hit_cap": true,
  "config": {
    "w_max": 12,
    "n_train": 1500,
    "n_test": 500,
    "lr": 0.01,
    "val_every": 5,
    "max_epochs_cap": 40000,
    "check_every": 500,
    "patience": 12,
    "min_delta": 0.002
  },
  "provenance": {
    "driver": "automl_package/examples/width_wsel4.py",
    "reused_from": "automl_package/examples/converged_width_experiment.py (IndependentWidthNet, unmodified protocol)"
  }
}