{
  "toy": "hetero",
  "seed": 0,
  "width": 9,
  "arm": "control",
  "held_out_mse": 0.00255475258556357,
  "train_mse": 0.002390593988406784,
  "held_out_nll": -1.552731538772583,
  "held_out_trajectory": [
    [
      500,
      0.48765695095062256
    ],
    [
      1000,
      0.3338126540184021
    ],
    [
      1500,
      -0.3683614730834961
    ],
    [
      2000,
      -0.3907695710659027
    ],
    [
      2500,
      -0.4111466109752655
    ],
    [
      3000,
      -0.42768555879592896
    ],
    [
      3500,
      -0.4332696497440338
    ],
    [
      4000,
      -0.43964990973472595
    ],
    [
      4500,
      -0.44029760360717773
    ],
    [
      5000,
      -0.4439232349395752
    ],
    [
      5500,
      -0.4451862573623657
    ],
    [
      6000,
      -0.44750359654426575
    ],
    [
      6500,
      -0.4477249085903168
    ],
    [
      7000,
      -0.4481412172317505
    ],
    [
      7500,
      -0.449075311422348
    ],
    [
      8000,
      -0.4481923282146454
    ],
    [
      8500,
      -0.4503869116306305
    ],
    [
      9000,
      -0.45109638571739197
    ],
    [
      9500,
      -0.45148295164108276
    ],
    [
      10000,
      -0.45157480239868164
    ],
    [
      10500,
      -0.4516602158546448
    ],
    [
      11000,
      -0.4511317312717438
    ],
    [
      11500,
      -0.4474063515663147
    ],
    [
      12000,
      -0.4474762976169586
    ],
    [
      12500,
      -0.4489760398864746
    ],
    [
      13000,
      -0.4485071897506714
    ],
    [
      13500,
      -0.4470839500427246
    ],
    [
      14000,
      -0.4487569034099579
    ],
    [
      14500,
      -0.4483698606491089
    ]
  ],
  "trustworthy": true,
  "hit_cap": false,
  "config": {
    "w_max": 12,
    "n_train": 1500,
    "n_test": 500,
    "lr": 0.01,
    "val_every": 5,
    "max_epochs_cap": 40000,
    "check_every": 500,
    "patience": 12,
    "min_delta": 0.002
  },
  "provenance": {
    "driver": "automl_package/examples/width_wsel4.py",
    "reused_from": "automl_package/examples/converged_width_experiment.py (IndependentWidthNet, unmodified protocol)"
  }
}