{
  "toy": "hetero",
  "seed": 1,
  "width": 7,
  "arm": "control",
  "held_out_mse": 0.003845135353299412,
  "train_mse": 0.003060434083532897,
  "held_out_nll": -1.4994363780021667,
  "held_out_trajectory": [
    [
      500,
      0.48573195934295654
    ],
    [
      1000,
      0.14538055658340454
    ],
    [
      1500,
      -0.16630885004997253
    ],
    [
      2000,
      -0.1977102905511856
    ],
    [
      2500,
      -0.24777834117412567
    ],
    [
      3000,
      -0.2868623435497284
    ],
    [
      3500,
      -0.2883998453617096
    ],
    [
      4000,
      -0.27811914682388306
    ],
    [
      4500,
      -0.28753525018692017
    ],
    [
      5000,
      -0.28513863682746887
    ],
    [
      5500,
      -0.28172585368156433
    ],
    [
      6000,
      -0.27831408381462097
    ],
    [
      6500,
      -0.2800650894641876
    ],
    [
      7000,
      -0.28071433305740356
    ],
    [
      7500,
      -0.27973484992980957
    ],
    [
      8000,
      -0.2796787917613983
    ],
    [
      8500,
      -0.27954423427581787
    ],
    [
      9000,
      -0.2796604037284851
    ]
  ],
  "trustworthy": true,
  "hit_cap": false,
  "config": {
    "w_max": 12,
    "n_train": 1500,
    "n_test": 500,
    "lr": 0.01,
    "val_every": 5,
    "max_epochs_cap": 40000,
    "check_every": 500,
    "patience": 12,
    "min_delta": 0.002
  },
  "provenance": {
    "driver": "automl_package/examples/width_wsel4.py",
    "reused_from": "automl_package/examples/converged_width_experiment.py (IndependentWidthNet, unmodified protocol)"
  }
}