{
  "toy": "hetero",
  "seed": 1,
  "width": 6,
  "arm": "control",
  "held_out_mse": 0.00284172094433589,
  "train_mse": 0.0024169850690183856,
  "held_out_nll": -1.5239456568956375,
  "held_out_trajectory": [
    [
      500,
      0.49876898527145386
    ],
    [
      1000,
      0.08315066248178482
    ],
    [
      1500,
      -0.15885235369205475
    ],
    [
      2000,
      -0.2069575935602188
    ],
    [
      2500,
      -0.2793440520763397
    ],
    [
      3000,
      -0.31432056427001953
    ],
    [
      3500,
      -0.31184306740760803
    ],
    [
      4000,
      -0.303305983543396
    ],
    [
      4500,
      -0.30282407999038696
    ],
    [
      5000,
      -0.3042304813861847
    ],
    [
      5500,
      -0.29886531829833984
    ],
    [
      6000,
      -0.29984474182128906
    ],
    [
      6500,
      -0.30131182074546814
    ],
    [
      7000,
      -0.29734864830970764
    ],
    [
      7500,
      -0.2995075285434723
    ],
    [
      8000,
      -0.3018529713153839
    ],
    [
      8500,
      -0.3012443482875824
    ],
    [
      9000,
      -0.30089059472084045
    ]
  ],
  "trustworthy": true,
  "hit_cap": false,
  "config": {
    "w_max": 12,
    "n_train": 1500,
    "n_test": 500,
    "lr": 0.01,
    "val_every": 5,
    "max_epochs_cap": 40000,
    "check_every": 500,
    "patience": 12,
    "min_delta": 0.002
  },
  "provenance": {
    "driver": "automl_package/examples/width_wsel4.py",
    "reused_from": "automl_package/examples/converged_width_experiment.py (IndependentWidthNet, unmodified protocol)"
  }
}