{
  "toy": "hetero",
  "seed": 0,
  "width": 11,
  "arm": "control",
  "held_out_mse": 0.002621868666297475,
  "train_mse": 0.0023446471763512527,
  "held_out_nll": -1.5407926204204558,
  "held_out_trajectory": [
    [
      500,
      0.3687959909439087
    ],
    [
      1000,
      -0.34206387400627136
    ],
    [
      1500,
      -0.38658908009529114
    ],
    [
      2000,
      -0.3983842432498932
    ],
    [
      2500,
      -0.41198474168777466
    ],
    [
      3000,
      -0.4251900911331177
    ],
    [
      3500,
      -0.4323921203613281
    ],
    [
      4000,
      -0.43313995003700256
    ],
    [
      4500,
      -0.4344339966773987
    ],
    [
      5000,
      -0.4319305419921875
    ],
    [
      5500,
      -0.43308842182159424
    ],
    [
      6000,
      -0.42977553606033325
    ],
    [
      6500,
      -0.43056026101112366
    ],
    [
      7000,
      -0.4304821193218231
    ],
    [
      7500,
      -0.4317814111709595
    ],
    [
      8000,
      -0.4313187301158905
    ],
    [
      8500,
      -0.4314734935760498
    ],
    [
      9000,
      -0.4324195384979248
    ],
    [
      9500,
      -0.4318991005420685
    ],
    [
      10000,
      -0.4312952160835266
    ],
    [
      10500,
      -0.42815911769866943
    ]
  ],
  "trustworthy": true,
  "hit_cap": false,
  "config": {
    "w_max": 12,
    "n_train": 1500,
    "n_test": 500,
    "lr": 0.01,
    "val_every": 5,
    "max_epochs_cap": 40000,
    "check_every": 500,
    "patience": 12,
    "min_delta": 0.002
  },
  "provenance": {
    "driver": "automl_package/examples/width_wsel4.py",
    "reused_from": "automl_package/examples/converged_width_experiment.py (IndependentWidthNet, unmodified protocol)"
  }
}