{
  "toy": "hetero",
  "seed": 0,
  "width": 4,
  "arm": "control",
  "held_out_mse": 0.005141889393519117,
  "train_mse": 0.004306038905330603,
  "held_out_nll": -1.2960133271217347,
  "held_out_trajectory": [
    [
      500,
      0.4708922207355499
    ],
    [
      1000,
      0.4250679314136505
    ],
    [
      1500,
      0.40835320949554443
    ],
    [
      2000,
      0.39209601283073425
    ],
    [
      2500,
      0.36651885509490967
    ],
    [
      3000,
      0.28481438755989075
    ],
    [
      3500,
      0.12244439125061035
    ],
    [
      4000,
      -0.028388863429427147
    ],
    [
      4500,
      -0.14562055468559265
    ],
    [
      5000,
      -0.16897039115428925
    ],
    [
      5500,
      -0.16228395700454712
    ],
    [
      6000,
      -0.1621682196855545
    ],
    [
      6500,
      -0.16434764862060547
    ],
    [
      7000,
      -0.17131347954273224
    ],
    [
      7500,
      -0.17035792768001556
    ],
    [
      8000,
      -0.16902309656143188
    ],
    [
      8500,
      -0.17493201792240143
    ],
    [
      9000,
      -0.1773344725370407
    ],
    [
      9500,
      -0.17880354821681976
    ],
    [
      10000,
      -0.18062451481819153
    ],
    [
      10500,
      -0.1809491664171219
    ],
    [
      11000,
      -0.18193809688091278
    ],
    [
      11500,
      -0.18254530429840088
    ],
    [
      12000,
      -0.18516215682029724
    ],
    [
      12500,
      -0.18560153245925903
    ],
    [
      13000,
      -0.18404951691627502
    ],
    [
      13500,
      -0.18674293160438538
    ],
    [
      14000,
      -0.18803030252456665
    ],
    [
      14500,
      -0.18912944197654724
    ],
    [
      15000,
      -0.18576465547084808
    ],
    [
      15500,
      -0.19075743854045868
    ],
    [
      16000,
      -0.19085359573364258
    ],
    [
      16500,
      -0.19183547794818878
    ],
    [
      17000,
      -0.19175218045711517
    ],
    [
      17500,
      -0.19084405899047852
    ],
    [
      18000,
      -0.18964071571826935
    ],
    [
      18500,
      -0.1885477602481842
    ],
    [
      19000,
      -0.18812614679336548
    ],
    [
      19500,
      -0.19404545426368713
    ],
    [
      20000,
      -0.18604499101638794
    ],
    [
      20500,
      -0.19444088637828827
    ],
    [
      21000,
      -0.19509944319725037
    ],
    [
      21500,
      -0.19508035480976105
    ],
    [
      22000,
      -0.193683922290802
    ],
    [
      22500,
      -0.19609738886356354
    ],
    [
      23000,
      -0.1919204145669937
    ],
    [
      23500,
      -0.19200313091278076
    ],
    [
      24000,
      -0.19487404823303223
    ],
    [
      24500,
      -0.1965968757867813
    ],
    [
      25000,
      -0.19679291546344757
    ],
    [
      25500,
      -0.1936606466770172
    ],
    [
      26000,
      -0.19450950622558594
    ],
    [
      26500,
      -0.1974184364080429
    ],
    [
      27000,
      -0.19763076305389404
    ],
    [
      27500,
      -0.1985328197479248
    ],
    [
      28000,
      -0.1980390101671219
    ],
    [
      28500,
      -0.19806551933288574
    ],
    [
      29000,
      -0.19919845461845398
    ],
    [
      29500,
      -0.18931350111961365
    ],
    [
      30000,
      -0.19847634434700012
    ],
    [
      30500,
      -0.19863827526569366
    ],
    [
      31000,
      -0.20145975053310394
    ],
    [
      31500,
      -0.19886232912540436
    ],
    [
      32000,
      -0.19901743531227112
    ],
    [
      32500,
      -0.19911634922027588
    ],
    [
      33000,
      -0.1990736871957779
    ],
    [
      33500,
      -0.19758297502994537
    ],
    [
      34000,
      -0.19935403764247894
    ],
    [
      34500,
      -0.20285429060459137
    ],
    [
      35000,
      -0.19932179152965546
    ],
    [
      35500,
      -0.19988030195236206
    ],
    [
      36000,
      -0.20043756067752838
    ],
    [
      36500,
      -0.1995762139558792
    ],
    [
      37000,
      -0.20013441145420074
    ]
  ],
  "trustworthy": true,
  "hit_cap": false,
  "config": {
    "w_max": 12,
    "n_train": 1500,
    "n_test": 500,
    "lr": 0.01,
    "val_every": 5,
    "max_epochs_cap": 40000,
    "check_every": 500,
    "patience": 12,
    "min_delta": 0.002
  },
  "provenance": {
    "driver": "automl_package/examples/width_wsel4.py",
    "reused_from": "automl_package/examples/converged_width_experiment.py (IndependentWidthNet, unmodified protocol)"
  }
}