{
  "toy": "hetero",
  "seed": 2,
  "width": 12,
  "arm": "control",
  "held_out_mse": 0.0027635256076718948,
  "train_mse": 0.0022724360496241477,
  "held_out_nll": -1.5083989458084106,
  "held_out_trajectory": [
    [
      500,
      0.518808901309967
    ],
    [
      1000,
      -0.054832447320222855
    ],
    [
      1500,
      -0.2999914288520813
    ],
    [
      2000,
      -0.3410454988479614
    ],
    [
      2500,
      -0.35626545548439026
    ],
    [
      3000,
      -0.36431318521499634
    ],
    [
      3500,
      -0.3676730990409851
    ],
    [
      4000,
      -0.3698170483112335
    ],
    [
      4500,
      -0.3682191073894501
    ],
    [
      5000,
      -0.3716661036014557
    ],
    [
      5500,
      -0.37072068452835083
    ],
    [
      6000,
      -0.37160858511924744
    ],
    [
      6500,
      -0.37119919061660767
    ],
    [
      7000,
      -0.3715604543685913
    ],
    [
      7500,
      -0.371989905834198
    ],
    [
      8000,
      -0.3714907467365265
    ],
    [
      8500,
      -0.3724868893623352
    ],
    [
      9000,
      -0.3722282648086548
    ],
    [
      9500,
      -0.37252506613731384
    ],
    [
      10000,
      -0.3732379972934723
    ],
    [
      10500,
      -0.3733699917793274
    ],
    [
      11000,
      -0.37323322892189026
    ],
    [
      11500,
      -0.374780535697937
    ],
    [
      12000,
      -0.37277597188949585
    ],
    [
      12500,
      -0.3714545667171478
    ],
    [
      13000,
      -0.37356269359588623
    ],
    [
      13500,
      -0.3733191192150116
    ],
    [
      14000,
      -0.37207192182540894
    ],
    [
      14500,
      -0.3733961880207062
    ],
    [
      15000,
      -0.3736535906791687
    ],
    [
      15500,
      -0.3733711242675781
    ],
    [
      16000,
      -0.3723275363445282
    ],
    [
      16500,
      -0.3743053376674652
    ],
    [
      17000,
      -0.37374868988990784
    ],
    [
      17500,
      -0.37486517429351807
    ]
  ],
  "trustworthy": true,
  "hit_cap": false,
  "config": {
    "w_max": 12,
    "n_train": 1500,
    "n_test": 500,
    "lr": 0.01,
    "val_every": 5,
    "max_epochs_cap": 40000,
    "check_every": 500,
    "patience": 12,
    "min_delta": 0.002
  },
  "provenance": {
    "driver": "automl_package/examples/width_wsel4.py",
    "reused_from": "automl_package/examples/converged_width_experiment.py (IndependentWidthNet, unmodified protocol)"
  }
}