{
  "group": "a5",
  "seq_len": 6,
  "seed": 0,
  "ladder": [
    1,
    2,
    3,
    4,
    5,
    6
  ],
  "width": 16,
  "n_classes": 60,
  "chance": 0.016666666666666666,
  "n_train": 2048,
  "n_val": 2048,
  "arms": {
    "shared": {
      "readout": "shared",
      "params": 2780,
      "per_depth_train_acc": {
        "1": 0.20947265625,
        "2": 0.29248046875,
        "3": 0.36181640625,
        "4": 0.42919921875,
        "5": 0.443359375,
        "6": 0.4560546875
      },
      "per_depth_val_acc": {
        "1": 0.1650390625,
        "2": 0.228515625,
        "3": 0.267578125,
        "4": 0.28173828125,
        "5": 0.2841796875,
        "6": 0.2822265625
      },
      "trustworthy": true,
      "convergence": {
        "converged": true,
        "hit_cap": false,
        "trustworthy": true,
        "still_improving_at_stop": false,
        "diverged": false,
        "stop_epoch": 3000,
        "best_val": 2.1298083662986755,
        "best_epoch": 500,
        "recent_improvement": -0.445996661980947,
        "trajectory": [
          [
            250,
            2.2261796792348227
          ],
          [
            500,
            2.1298083662986755
          ],
          [
            750,
            2.2148649295171103
          ],
          [
            1000,
            2.2867438793182373
          ],
          [
            1250,
            2.3267203172047934
          ],
          [
            1500,
            2.3694167137145996
          ],
          [
            1750,
            2.422548532485962
          ],
          [
            2000,
            2.4500425259272256
          ],
          [
            2250,
            2.4882433811823526
          ],
          [
            2500,
            2.5101361672083535
          ],
          [
            2750,
            2.541037599245707
          ],
          [
            3000,
            2.5758050282796225
          ]
        ]
      }
    },
    "per_depth": {
      "readout": "per_depth",
      "params": 7880,
      "per_depth_train_acc": {
        "1": 0.2734375,
        "2": 0.33251953125,
        "3": 0.32568359375,
        "4": 0.337890625,
        "5": 0.34716796875,
        "6": 0.353515625
      },
      "per_depth_val_acc": {
        "1": 0.18310546875,
        "2": 0.20556640625,
        "3": 0.21240234375,
        "4": 0.2158203125,
        "5": 0.21923828125,
        "6": 0.2158203125
      },
      "trustworthy": false,
      "convergence": {
        "converged": true,
        "hit_cap": false,
        "trustworthy": false,
        "still_improving_at_stop": false,
        "diverged": true,
        "stop_epoch": 2750,
        "best_val": 2.1899850368499756,
        "best_epoch": 250,
        "recent_improvement": -1.5686657826105752,
        "trajectory": [
          [
            250,
            2.1899850368499756
          ],
          [
            500,
            2.2675872643788657
          ],
          [
            750,
            2.466535965601603
          ],
          [
            1000,
            2.691269119580587
          ],
          [
            1250,
            2.8665903409322104
          ],
          [
            1500,
            3.0362914403279624
          ],
          [
            1750,
            3.215154528617859
          ],
          [
            2000,
            3.3522466818491616
          ],
          [
            2250,
            3.49101459980011
          ],
          [
            2500,
            3.6217039823532104
          ],
          [
            2750,
            3.758650819460551
          ]
        ]
      }
    }
  },
  "readable_as_verdict": false,
  "readable_as_verdict_reason": "per_depth diverged on all seeds; arms not parameter-matched"
}