{
  "group": "a5",
  "seq_len": 6,
  "seed": 1,
  "ladder": [
    1,
    2,
    3,
    4,
    5,
    6
  ],
  "width": 16,
  "n_classes": 60,
  "chance": 0.016666666666666666,
  "n_train": 2048,
  "n_val": 2048,
  "arms": {
    "shared": {
      "readout": "shared",
      "params": 2780,
      "per_depth_train_acc": {
        "1": 0.2255859375,
        "2": 0.248046875,
        "3": 0.306640625,
        "4": 0.32568359375,
        "5": 0.38134765625,
        "6": 0.384765625
      },
      "per_depth_val_acc": {
        "1": 0.17236328125,
        "2": 0.181640625,
        "3": 0.208984375,
        "4": 0.2177734375,
        "5": 0.232421875,
        "6": 0.2353515625
      },
      "trustworthy": true,
      "convergence": {
        "converged": true,
        "hit_cap": false,
        "trustworthy": true,
        "still_improving_at_stop": false,
        "diverged": false,
        "stop_epoch": 3000,
        "best_val": 2.2274232308069863,
        "best_epoch": 500,
        "recent_improvement": -0.29461840788523386,
        "trajectory": [
          [
            250,
            2.2905484437942505
          ],
          [
            500,
            2.2274232308069863
          ],
          [
            750,
            2.234020153681437
          ],
          [
            1000,
            2.3040818770726523
          ],
          [
            1250,
            2.3429300785064697
          ],
          [
            1500,
            2.3874117930730185
          ],
          [
            1750,
            2.4031035900115967
          ],
          [
            2000,
            2.428937474886576
          ],
          [
            2250,
            2.4373892545700073
          ],
          [
            2500,
            2.459420124689738
          ],
          [
            2750,
            2.4739792346954346
          ],
          [
            3000,
            2.52204163869222
          ]
        ]
      }
    },
    "per_depth": {
      "readout": "per_depth",
      "params": 7880,
      "per_depth_train_acc": {
        "1": 0.27880859375,
        "2": 0.28857421875,
        "3": 0.314453125,
        "4": 0.31787109375,
        "5": 0.3271484375,
        "6": 0.328125
      },
      "per_depth_val_acc": {
        "1": 0.1884765625,
        "2": 0.21533203125,
        "3": 0.20166015625,
        "4": 0.1962890625,
        "5": 0.1962890625,
        "6": 0.19189453125
      },
      "trustworthy": false,
      "convergence": {
        "converged": true,
        "hit_cap": false,
        "trustworthy": false,
        "still_improving_at_stop": false,
        "diverged": true,
        "stop_epoch": 2750,
        "best_val": 2.190952261288961,
        "best_epoch": 250,
        "recent_improvement": -1.1779776016871133,
        "trajectory": [
          [
            250,
            2.190952261288961
          ],
          [
            500,
            2.22760275999705
          ],
          [
            750,
            2.3285057147343955
          ],
          [
            1000,
            2.515656510988871
          ],
          [
            1250,
            2.6910101970036826
          ],
          [
            1500,
            2.7705271244049072
          ],
          [
            1750,
            2.8901785214742026
          ],
          [
            2000,
            3.015061537424723
          ],
          [
            2250,
            3.165893793106079
          ],
          [
            2500,
            3.271044214566549
          ],
          [
            2750,
            3.368929862976074
          ]
        ]
      }
    }
  },
  "readable_as_verdict": false,
  "readable_as_verdict_reason": "per_depth diverged on all seeds; arms not parameter-matched"
}