{
  "task": "WSEL-19 d=1 calibration-failure warp-hypothesis trace",
  "hypothesis": "the inverse-CDF lift makes the model see the easy region's flat-linear target through a sigmoid-like reparameterization, plausibly destroying its easy/cheap character so every region wants width",
  "n_fresh": 4000,
  "fresh_seed_offset": 50000,
  "w_max": 12,
  "seeds": [
    0,
    1,
    2
  ],
  "noise_floor": 0.0025000000000000005,
  "declared_criteria": {
    "practical_floor_fractions": [
      0.1,
      0.2,
      0.3
    ],
    "primary_fraction": 0.2,
    "gap_thresh": 1,
    "min_seeds_for_pattern": 2
  },
  "per_seed": {
    "0": {
      "canonical": {
        "easy_curve": [
          0.0009760170360095799,
          0.012127500958740711,
          0.00022352547966875136,
          0.003577378811314702,
          7.586716674268246e-05,
          0.0002597302373033017,
          0.00012495892588049173,
          5.522980427485891e-05,
          0.00010814168490469456,
          9.015361865749583e-05,
          7.355253183050081e-05,
          3.709437442012131e-05
        ],
        "hard_curve": [
          0.12867315113544464,
          0.07491716742515564,
          0.07345811277627945,
          0.00108755799010396,
          0.0009750780882313848,
          0.001045165816321969,
          0.0005115110543556511,
          0.0003827791369985789,
          0.0002594818652141839,
          0.0005162005545571446,
          0.0005270130350254476,
          0.0005401766393333673
        ],
        "easy_argmin": 12,
        "hard_argmin": 9,
        "practical_floor_width_by_fraction": {
          "0.1": {
            "easy": 3,
            "hard": null
          },
          "0.2": {
            "easy": 3,
            "hard": 8
          },
          "0.3": {
            "easy": 3,
            "hard": 7
          }
        },
        "practical_floor_gap": 5,
        "all_widths_trustworthy": true,
        "untrustworthy_widths": [],
        "n_train_used": 600
      },
      "lifted": {
        "easy_curve": [
          0.0012961092870682478,
          0.0010230651823803782,
          0.0005088153993710876,
          0.0007222359417937696,
          0.00011048234591726214,
          8.566562610212713e-05,
          7.136671774787828e-05,
          0.00024040801508817822,
          0.00015021352737676352,
          0.00019651504408102483,
          8.441937825409696e-05,
          4.032543074572459e-05
        ],
        "hard_curve": [
          0.12860283255577087,
          0.08775708824396133,
          0.0879940539598465,
          0.0009434198145754635,
          0.0004804797063115984,
          0.00027501475415192544,
          0.0002775954199023545,
          0.0007561692618764937,
          0.0005345927202142775,
          0.0005902480916120112,
          0.00030896111275069416,
          0.00025199816445820034
        ],
        "easy_argmin": 12,
        "hard_argmin": 12,
        "practical_floor_width_by_fraction": {
          "0.1": {
            "easy": 5,
            "hard": null
          },
          "0.2": {
            "easy": 5,
            "hard": 5
          },
          "0.3": {
            "easy": 3,
            "hard": 5
          }
        },
        "practical_floor_gap": 0,
        "all_widths_trustworthy": true,
        "untrustworthy_widths": [],
        "n_train_used": 1200
      }
    },
    "1": {
      "canonical": {
        "easy_curve": [
          0.0011453693732619286,
          0.0011121847201138735,
          0.0006019467837177217,
          0.003542903810739517,
          7.261870632646605e-05,
          0.00022189904120750725,
          8.842040551826358e-05,
          6.203562224982306e-05,
          5.5319895182037726e-05,
          3.867387931677513e-05,
          3.974812352680601e-05,
          4.883693327428773e-05
        ],
        "hard_curve": [
          0.12764683365821838,
          0.09543222934007645,
          0.09326677769422531,
          0.002526889555156231,
          0.005063434597104788,
          0.0004510875733103603,
          0.0007363278418779373,
          7.649460894754156e-05,
          0.0006243653479032218,
          0.00022534473100677133,
          0.00014726589142810553,
          0.00018083874601870775
        ],
        "easy_argmin": 10,
        "hard_argmin": 8,
        "practical_floor_width_by_fraction": {
          "0.1": {
            "easy": 5,
            "hard": 8
          },
          "0.2": {
            "easy": 5,
            "hard": 6
          },
          "0.3": {
            "easy": 3,
            "hard": 6
          }
        },
        "practical_floor_gap": 1,
        "all_widths_trustworthy": true,
        "untrustworthy_widths": [],
        "n_train_used": 600
      },
      "lifted": {
        "easy_curve": [
          0.0011054392671212554,
          0.0010116506600752473,
          0.0071688247844576836,
          0.007496924605220556,
          0.00013659227988682687,
          9.82836281764321e-05,
          0.00036310384166426957,
          0.0002637081779539585,
          0.0006985394866205752,
          0.00035750551614910364,
          0.0003071894752793014,
          0.0003580746706575155
        ],
        "hard_curve": [
          0.1276317834854126,
          0.0925995334982872,
          0.01083296351134777,
          0.005319703370332718,
          0.00028885770007036626,
          0.0002072460192721337,
          0.0005712129641324282,
          0.0003187417460139841,
          0.0008537162793800235,
          0.0005220564198680222,
          0.0003258364158682525,
          0.000344461906934157
        ],
        "easy_argmin": 6,
        "hard_argmin": 6,
        "practical_floor_width_by_fraction": {
          "0.1": {
            "easy": 5,
            "hard": 6
          },
          "0.2": {
            "easy": 5,
            "hard": 5
          },
          "0.3": {
            "easy": 5,
            "hard": 5
          }
        },
        "practical_floor_gap": 0,
        "all_widths_trustworthy": true,
        "untrustworthy_widths": [],
        "n_train_used": 1200
      }
    },
    "2": {
      "canonical": {
        "easy_curve": [
          0.0013130396837368608,
          0.010232741944491863,
          0.0002706518571358174,
          0.002661284524947405,
          0.0004942879313603044,
          3.2421794458059594e-05,
          3.8393020076910034e-05,
          3.9753787859808654e-05,
          5.941144627286121e-05,
          3.547974847606383e-05,
          3.581812416086905e-05,
          2.833279904734809e-05
        ],
        "hard_curve": [
          0.12722912430763245,
          0.0773167684674263,
          0.08876656740903854,
          0.0031772274523973465,
          0.002110446570441127,
          0.0003707908617798239,
          0.0003971531114075333,
          0.00019401406461838633,
          0.0001787737855920568,
          0.00027765543200075626,
          0.0007607124280184507,
          0.00033439171966165304
        ],
        "easy_argmin": 12,
        "hard_argmin": 9,
        "practical_floor_width_by_fraction": {
          "0.1": {
            "easy": 6,
            "hard": 8
          },
          "0.2": {
            "easy": 3,
            "hard": 6
          },
          "0.3": {
            "easy": 3,
            "hard": 6
          }
        },
        "practical_floor_gap": 3,
        "all_widths_trustworthy": true,
        "untrustworthy_widths": [],
        "n_train_used": 600
      },
      "lifted": {
        "easy_curve": [
          0.0010314690880477428,
          0.0009345329599454999,
          0.006509493105113506,
          0.0013834795681759715,
          0.00011219174484722316,
          0.0001887444668682292,
          0.00011316384188830853,
          0.0001076594417099841,
          0.000178521906491369,
          0.00019638455705717206,
          0.00015010885545052588,
          0.00018752695177681744
        ],