{
  "arm": "full_depth_control",
  "rung": "rung0_gatefix",
  "rung_note": "DSEL-1b's exact config; only the convergence gate changes (dual, not CE-only).",
  "group": "a5",
  "seq_len": 6,
  "readout": "shared",
  "seed": 0,
  "ladder": [
    1,
    2,
    3,
    4,
    5,
    6
  ],
  "full_depth": 6,
  "width": 16,
  "params": 2780,
  "n_classes": 60,
  "chance": 0.016666666666666666,
  "n_train": 2048,
  "n_val": 2048,
  "hyperparameters": {
    "lr": 0.01,
    "clip_max_norm": null,
    "max_epochs": 40000,
    "train_frac": 0.5,
    "ce_check_every": 250,
    "ce_patience": 10,
    "ce_min_delta": 0.0001,
    "acc_check_every": 250,
    "acc_patience": 10,
    "acc_min_delta": 0.001,
    "acc_divergence_abs_eps": 0.05,
    "acc_still_improving_eps": 0.01
  },
  "positive_control_bar_acc": 0.9,
  "val_acc": 0.3193359375,
  "train_acc": 0.63330078125,
  "trustworthy_ce": true,
  "trustworthy_acc": true,
  "trustworthy": true,
  "clears_bar": false,
  "train_acc_per_depth": {
    "1": 0.26025390625,
    "2": 0.34521484375,
    "3": 0.44775390625,
    "4": 0.5361328125,
    "5": 0.603515625,
    "6": 0.63330078125
  },
  "val_acc_per_depth": {
    "1": 0.19140625,
    "2": 0.2509765625,
    "3": 0.31103515625,
    "4": 0.32470703125,
    "5": 0.3173828125,
    "6": 0.3193359375
  },
  "ce_gate": {
    "converged": true,
    "hit_cap": false,
    "trustworthy": true,
    "still_improving_at_stop": false,
    "diverged": false,
    "stop_epoch": 3000,
    "best_val": 2.1298083662986755,
    "best_epoch": 500,
    "recent_improvement": -0.06286998589833548,
    "trajectory": [
      [
        250,
        2.2261796792348227
      ],
      [
        500,
        2.1298083662986755
      ],
      [
        750,
        2.2148649295171103
      ],
      [
        1000,
        2.2867438793182373
      ],
      [
        1250,
        2.3267203172047934
      ],
      [
        1500,
        2.3694167137145996
      ],
      [
        1750,
        2.422548532485962
      ],
      [
        2000,
        2.4500425259272256
      ],
      [
        2250,
        2.4882433811823526
      ],
      [
        2500,
        2.5101361672083535
      ],
      [
        2750,
        2.541037599245707
      ],
      [
        3000,
        2.5758050282796225
      ],
      [
        3250,
        2.592797636985779
      ],
      [
        3500,
        2.6026860078175864
      ],
      [
        3750,
        2.6093140045801797
      ],
      [
        4000,
        2.6385973691940308
      ],
      [
        4250,
        2.655412515004476
      ],
      [
        4500,
        2.656622290611267
      ],
      [
        4750,
        2.6615637143452964
      ],
      [
        5000,
        2.665808320045471
      ],
      [
        5250,
        2.691300710042318
      ],
      [
        5500,
        2.6852912108103433
      ],
      [
        5750,
        2.713809331258138
      ],
      [
        6000,
        2.702511191368103
      ],
      [
        6250,
        2.7395246426264444
      ],
      [
        6500,
        2.7244141499201455
      ],
      [
        6750,
        2.7295902172724404
      ],
      [
        7000,
        2.7571330467859902
      ],
      [
        7250,
        2.760897437731425
      ],
      [
        7500,
        2.777746319770813
      ],
      [
        7750,
        2.7541706959406533
      ]
    ]
  },
  "acc_gate": {
    "converged": true,
    "hit_cap": false,
    "still_improving": false,
    "diverged": false,
    "trustworthy": true,
    "stop_epoch": 7750,
    "best_val": 0.3193359375,
    "best_epoch": 5250,
    "recent_improvement": -0.00634765625,
    "trajectory": [
      [
        250,
        0.2333984375
      ],
      [
        500,
        0.2822265625
      ],
      [
        750,
        0.28955078125
      ],
      [
        1000,
        0.29541015625
      ],
      [
        1250,
        0.29296875
      ],
      [
        1500,
        0.29736328125
      ],
      [
        1750,
        0.296875
      ],
      [
        2000,
        0.2958984375
      ],
      [
        2250,
        0.306640625
      ],
      [
        2500,
        0.30859375
      ],
      [
        2750,
        0.31005859375
      ],
      [
        3000,
        0.30859375
      ],
      [
        3250,
        0.302734375
      ],
      [
        3500,
        0.306640625
      ],
      [
        3750,
        0.30224609375
      ],
      [
        4000,
        0.3037109375
      ],
      [
        4250,
        0.29931640625
      ],
      [
        4500,
        0.30517578125
      ],
      [
        4750,
        0.2998046875
      ],
      [
        5000,
        0.3037109375
      ],
      [
        5250,
        0.3193359375
      ],
      [
        5500,
        0.30712890625
      ],
      [
        5750,
        0.31005859375
      ],
      [
        6000,
        0.31884765625
      ],
      [
        6250,
        0.306640625
      ],
      [
        6500,
        0.3173828125
      ],
      [
        6750,
        0.31591796875
      ],
      [
        7000,
        0.30517578125
      ],
      [
        7250,
        0.302734375
      ],
      [
        7500,
        0.30908203125
      ],
      [
        7750,
        0.31298828125
      ]
    ]
  },
  "val_ce_trajectory": [
    [
      250,
      2.2261796792348227
    ],
    [
      500,
      2.1298083662986755
    ],
    [
      750,
      2.2148649295171103
    ],
    [
      1000,
      2.2867438793182373
    ],
    [
      1250,
      2.3267203172047934
    ],
    [
      1500,
      2.3694167137145996
    ],
    [
      1750,
      2.422548532485962
    ],
    [
      2000,
      2.4500425259272256
    ],
    [
      2250,
      2.4882433811823526
    ],
    [
      2500,
      2.5101361672083535
    ],
    [
      2750,
      2.541037599245707
    ],
    [
      3000,
      2.5758050282796225
    ],
    [
      3250,
      2.592797636985779
    ],
    [
      3500,
      2.6026860078175864
    ],
    [
      3750,
      2.6093140045801797
    ],
    [
      4000,
      2.6385973691940308
    ],
    [
      4250,
      2.655412515004476
    ],
    [
      4500,
      2.656622290611267
    ],
    [
      4750,
      2.6615637143452964
    ],
    [
      5000,
      2.665808320045471
    ],
    [
      5250,
      2.691300710042318
    ],
    [
      5500,
      2.6852912108103433
    ],
    [
      5750,
      2.713809331258138
    ],
    [
      6000,
      2.702511191368103
    ],
    [
      6250,
      2.7395246426264444
    ],
    [
      6500,
      2.7244141499201455
    ],
    [
      6750,
      2.7295902172724404
    ],
    [
      7000,
      2.7571330467859902
    ],
    [
      7250,
      2.760897437731425
    ],
    [
      7500,
      2.777746319770813
    ],
    [
      7750,
      2.7541706959406533
    ]
  ],