{
  "arm": "full_depth_control",
  "rung": "rung3_width32",
  "rung_note": "width 16 -> 32 (capacity, not substrate).",
  "group": "a5",
  "seq_len": 6,
  "readout": "shared",
  "seed": 0,
  "ladder": [
    1,
    2,
    3,
    4,
    5,
    6
  ],
  "full_depth": 6,
  "width": 32,
  "params": 8060,
  "n_classes": 60,
  "chance": 0.016666666666666666,
  "n_train": 2048,
  "n_val": 2048,
  "hyperparameters": {
    "lr": 0.003,
    "clip_max_norm": 1.0,
    "max_epochs": 40000,
    "train_frac": 0.5,
    "ce_check_every": 250,
    "ce_patience": 10,
    "ce_min_delta": 0.0001,
    "acc_check_every": 250,
    "acc_patience": 10,
    "acc_min_delta": 0.001,
    "acc_divergence_abs_eps": 0.05,
    "acc_still_improving_eps": 0.01
  },
  "positive_control_bar_acc": 0.9,
  "val_acc": 0.37744140625,
  "train_acc": 0.94482421875,
  "trustworthy_ce": false,
  "trustworthy_acc": true,
  "trustworthy": false,
  "clears_bar": false,
  "train_acc_per_depth": {
    "1": 0.49072265625,
    "2": 0.7138671875,
    "3": 0.89990234375,
    "4": 0.95361328125,
    "5": 0.95458984375,
    "6": 0.94482421875
  },
  "val_acc_per_depth": {
    "1": 0.30615234375,
    "2": 0.37255859375,
    "3": 0.3681640625,
    "4": 0.375,
    "5": 0.38134765625,
    "6": 0.37744140625
  },
  "ce_gate": {
    "converged": true,
    "hit_cap": false,
    "trustworthy": false,
    "still_improving_at_stop": false,
    "diverged": true,
    "stop_epoch": 3000,
    "best_val": 2.0203514297803244,
    "best_epoch": 500,
    "recent_improvement": -1.4696545600891113,
    "trajectory": [
      [
        250,
        2.3655614455540976
      ],
      [
        500,
        2.0203514297803244
      ],
      [
        750,
        2.3811617692311606
      ],
      [
        1000,
        2.8303993940353394
      ],
      [
        1250,
        3.201698978741964
      ],
      [
        1500,
        3.496872146924337
      ],
      [
        1750,
        3.808465600013733
      ],
      [
        2000,
        4.089248498280843
      ],
      [
        2250,
        4.301797350247701
      ],
      [
        2500,
        4.521218101183574
      ],
      [
        2750,
        4.723204056421916
      ],
      [
        3000,
        4.901207526524861
      ],
      [
        3250,
        5.072460452715556
      ],
      [
        3500,
        5.249136646588643
      ],
      [
        3750,
        5.420272310574849
      ],
      [
        4000,
        5.557344436645508
      ],
      [
        4250,
        5.64395276705424
      ],
      [
        4500,
        5.821981191635132
      ],
      [
        4750,
        5.986446460088094
      ],
      [
        5000,
        6.1406155824661255
      ],
      [
        5250,
        6.30837345123291
      ],
      [
        5500,
        6.468766808509827
      ],
      [
        5750,
        6.657774408658345
      ],
      [
        6000,
        6.859819730122884
      ],
      [
        6250,
        6.876226544380188
      ],
      [
        6500,
        7.026998996734619
      ]
    ]
  },
  "acc_gate": {
    "converged": true,
    "hit_cap": false,
    "still_improving": false,
    "diverged": false,
    "trustworthy": true,
    "stop_epoch": 6500,
    "best_val": 0.37744140625,
    "best_epoch": 4000,
    "recent_improvement": -0.00927734375,
    "trajectory": [
      [
        250,
        0.1904296875
      ],
      [
        500,
        0.32958984375
      ],
      [
        750,
        0.3193359375
      ],
      [
        1000,
        0.33203125
      ],
      [
        1250,
        0.33740234375
      ],
      [
        1500,
        0.3427734375
      ],
      [
        1750,
        0.341796875
      ],
      [
        2000,
        0.34130859375
      ],
      [
        2250,
        0.34765625
      ],
      [
        2500,
        0.357421875
      ],
      [
        2750,
        0.3623046875
      ],
      [
        3000,
        0.36279296875
      ],
      [
        3250,
        0.36865234375
      ],
      [
        3500,
        0.36083984375
      ],
      [
        3750,
        0.3583984375
      ],
      [
        4000,
        0.37744140625
      ],
      [
        4250,
        0.3720703125
      ],
      [
        4500,
        0.37158203125
      ],
      [
        4750,
        0.3720703125
      ],
      [
        5000,
        0.36474609375
      ],
      [
        5250,
        0.36865234375
      ],
      [
        5500,
        0.3759765625
      ],
      [
        5750,
        0.36865234375
      ],
      [
        6000,
        0.36962890625
      ],
      [
        6250,
        0.369140625
      ],
      [
        6500,
        0.3681640625
      ]
    ]
  },
  "val_ce_trajectory": [
    [
      250,
      2.3655614455540976
    ],
    [
      500,
      2.0203514297803244
    ],
    [
      750,
      2.3811617692311606
    ],
    [
      1000,
      2.8303993940353394
    ],
    [
      1250,
      3.201698978741964
    ],
    [
      1500,
      3.496872146924337
    ],
    [
      1750,
      3.808465600013733
    ],
    [
      2000,
      4.089248498280843
    ],
    [
      2250,
      4.301797350247701
    ],
    [
      2500,
      4.521218101183574
    ],
    [
      2750,
      4.723204056421916
    ],
    [
      3000,
      4.901207526524861
    ],
    [
      3250,
      5.072460452715556
    ],
    [
      3500,
      5.249136646588643
    ],
    [
      3750,
      5.420272310574849
    ],
    [
      4000,
      5.557344436645508
    ],
    [
      4250,
      5.64395276705424
    ],
    [
      4500,
      5.821981191635132
    ],
    [
      4750,
      5.986446460088094
    ],
    [
      5000,
      6.1406155824661255
    ],
    [
      5250,
      6.30837345123291
    ],
    [
      5500,
      6.468766808509827
    ],
    [
      5750,
      6.657774408658345
    ],
    [
      6000,
      6.859819730122884
    ],
    [
      6250,
      6.876226544380188
    ],
    [
      6500,
      7.026998996734619
    ]
  ],
  "val_acc_full_trajectory": [
    [
      250,
      0.1904296875
    ],
    [
      500,
      0.32958984375
    ],
    [
      750,
      0.3193359375
    ],
    [
      1000,
      0.33203125
    ],
    [
      1250,
      0.33740234375
    ],
    [
      1500,
      0.3427734375
    ],
    [
      1750,
      0.341796875
    ],
    [
      2000,
      0.34130859375
    ],
    [
      2250,
      0.34765625
    ],
    [
      2500,
      0.357421875
    ],
    [
      2750,
      0.3623046875
    ],
    [
      3000,
      0.36279296875
    ],
    [
      3250,
      0.36865234375
    ],
    [
      3500,
      0.36083984375
    ],
    [
      3750,
      0.3583984375
    ],
    [
      4000,
      0.37744140625
    ],
    [
      4250,
      0.3720703125
    ],
    [
      4500,
      0.37158203125
    ],
    [
      4750,
      0.3720703125
    ],
    [
      5000,
      0.36474609375
    ],
    [
      5250,
      0.36865234375
    ],
    [
      5500,
      0.3759765625
    ],
    [
      5750,
      0.36865234375
    ],
    [
      6000,
      0.36962890625
    ],
    [
      6250,
      0.369140625
    ],
    [
      6500,
      0.3681640625
    ]
  ],