{
  "arm": "full_depth_control",
  "rung": "rung7_data80",
  "rung_note": "train_frac=0.8, width held at rung4's 32 -- interpolates the rung4->rung5 data anomaly.",
  "group": "a5",
  "seq_len": 6,
  "readout": "shared",
  "seed": 0,
  "ladder": [
    1,
    2,
    3,
    4,
    5,
    6
  ],
  "full_depth": 6,
  "width": 32,
  "params": 8060,
  "n_classes": 60,
  "chance": 0.016666666666666666,
  "n_train": 3277,
  "n_val": 819,
  "hyperparameters": {
    "lr": 0.003,
    "clip_max_norm": 1.0,
    "max_epochs": 40000,
    "train_frac": 0.8,
    "ce_check_every": 250,
    "ce_patience": 10,
    "ce_min_delta": 0.0001,
    "acc_check_every": 250,
    "acc_patience": 10,
    "acc_min_delta": 0.001,
    "acc_divergence_abs_eps": 0.05,
    "acc_still_improving_eps": 0.01
  },
  "positive_control_bar_acc": 0.9,
  "val_acc": 0.3870573937892914,
  "train_acc": 0.9011290669441223,
  "trustworthy_ce": false,
  "trustworthy_acc": true,
  "trustworthy": false,
  "clears_bar": false,
  "train_acc_per_depth": {
    "1": 0.31888923048973083,
    "2": 0.4931339621543884,
    "3": 0.5999389886856079,
    "4": 0.7543485164642334,
    "5": 0.8690875768661499,
    "6": 0.9011290669441223
  },
  "val_acc_per_depth": {
    "1": 0.23931623995304108,
    "2": 0.3431013524532318,
    "3": 0.3553113639354706,
    "4": 0.3687423765659332,
    "5": 0.380952388048172,
    "6": 0.3870573937892914
  },
  "ce_gate": {
    "converged": true,
    "hit_cap": false,
    "trustworthy": false,
    "still_improving_at_stop": false,
    "diverged": true,
    "stop_epoch": 3250,
    "best_val": 1.596420705318451,
    "best_epoch": 750,
    "recent_improvement": -0.7113808790842691,
    "trajectory": [
      [
        250,
        2.2488080660502114
      ],
      [
        500,
        1.7354732354482014
      ],
      [
        750,
        1.596420705318451
      ],
      [
        1000,
        1.7151856621106465
      ],
      [
        1250,
        1.88493150472641
      ],
      [
        1500,
        2.0513303677241006
      ],
      [
        1750,
        2.1912959218025208
      ],
      [
        2000,
        2.3338489135106406
      ],
      [
        2250,
        2.4714120626449585
      ],
      [
        2500,
        2.5687864621480307
      ],
      [
        2750,
        2.63786780834198
      ],
      [
        3000,
        2.699641227722168
      ],
      [
        3250,
        2.7917862137158713
      ],
      [
        3500,
        2.858177125453949
      ],
      [
        3750,
        2.926949620246887
      ],
      [
        4000,
        2.986910800139109
      ],
      [
        4250,
        3.0692070722579956
      ],
      [
        4500,
        3.0452297925949097
      ]
    ]
  },
  "acc_gate": {
    "converged": true,
    "hit_cap": false,
    "still_improving": false,
    "diverged": false,
    "trustworthy": true,
    "stop_epoch": 4500,
    "best_val": 0.3870573937892914,
    "best_epoch": 2000,
    "recent_improvement": -0.01221001148223877,
    "trajectory": [
      [
        250,
        0.17216117680072784
      ],
      [
        500,
        0.3284493386745453
      ],
      [
        750,
        0.3345543444156647
      ],
      [
        1000,
        0.3553113639354706
      ],
      [
        1250,
        0.37728938460350037
      ],
      [
        1500,
        0.380952388048172
      ],
      [
        1750,
        0.3858363926410675
      ],
      [
        2000,
        0.3870573937892914
      ],
      [
        2250,
        0.36752137541770935
      ],
      [
        2500,
        0.35653236508369446
      ],
      [
        2750,
        0.36752137541770935
      ],
      [
        3000,
        0.3650793731212616
      ],
      [
        3250,
        0.3650793731212616
      ],
      [
        3500,
        0.37728938460350037
      ],
      [
        3750,
        0.371184378862381
      ],
      [
        4000,
        0.37362638115882874
      ],
      [
        4250,
        0.35653236508369446
      ],
      [
        4500,
        0.3748473823070526
      ]
    ]
  },
  "val_ce_trajectory": [
    [
      250,
      2.2488080660502114
    ],
    [
      500,
      1.7354732354482014
    ],
    [
      750,
      1.596420705318451
    ],
    [
      1000,
      1.7151856621106465
    ],
    [
      1250,
      1.88493150472641
    ],
    [
      1500,
      2.0513303677241006
    ],
    [
      1750,
      2.1912959218025208
    ],
    [
      2000,
      2.3338489135106406
    ],
    [
      2250,
      2.4714120626449585
    ],
    [
      2500,
      2.5687864621480307
    ],
    [
      2750,
      2.63786780834198
    ],
    [
      3000,
      2.699641227722168
    ],
    [
      3250,
      2.7917862137158713
    ],
    [
      3500,
      2.858177125453949
    ],
    [
      3750,
      2.926949620246887
    ],
    [
      4000,
      2.986910800139109
    ],
    [
      4250,
      3.0692070722579956
    ],
    [
      4500,
      3.0452297925949097
    ]
  ],
  "val_acc_full_trajectory": [
    [
      250,
      0.17216117680072784
    ],
    [
      500,
      0.3284493386745453
    ],
    [
      750,
      0.3345543444156647
    ],
    [
      1000,
      0.3553113639354706
    ],
    [
      1250,
      0.37728938460350037
    ],
    [
      1500,
      0.380952388048172
    ],
    [
      1750,
      0.3858363926410675
    ],
    [
      2000,
      0.3870573937892914
    ],
    [
      2250,
      0.36752137541770935
    ],
    [
      2500,
      0.35653236508369446
    ],
    [
      2750,
      0.36752137541770935
    ],
    [
      3000,
      0.3650793731212616
    ],
    [
      3250,
      0.3650793731212616
    ],
    [
      3500,
      0.37728938460350037
    ],
    [
      3750,
      0.371184378862381
    ],
    [
      4000,
      0.37362638115882874
    ],
    [
      4250,
      0.35653236508369446
    ],
    [
      4500,
      0.3748473823070526
    ]
  ],
  "train_acc_full_trajectory": [
    [
      250,
      0.22703692317008972
    ],
    [
      500,
      0.43393346667289734
    ],
    [
      750,
      0.5575221180915833
    ],
    [
      1000,
      0.6606652140617371
    ],
    [
      1250,
      0.7537381649017334
    ],
    [
      1500,
      0.8285017013549805
    ],
    [
      1750,
      0.8754958510398865
    ],
    [
      2000,
      0.9011290669441223
    ],
    [
      2250,
      0.9212694764137268
    ],
    [
      2500,
      0.9301190376281738
    ],
    [
      2750,
      0.9380530714988708
    ],
    [
      3000,
      0.9414098262786865
    ],
    [
      3250,
      0.9487335681915283
    ],
    [
      3500,
      0.9533109664916992
    ],
    [
      3750,
      0.9560573697090149
    ],
    [
      4000,
      0.9581934809684753
    ],
    [
      4250,
      0.9624656438827515
    ],
    [
      4500,
      0.9353066682815552
    ]
  ]
}