{
  "arm": "full_depth_control",
  "rung": "rung4_data75",
  "rung_note": "train_frac 0.5 -> 0.75 (n_train 2048 -> 3072/4096).",
  "group": "a5",
  "seq_len": 6,
  "readout": "shared",
  "seed": 0,
  "ladder": [
    1,
    2,
    3,
    4,
    5,
    6
  ],
  "full_depth": 6,
  "width": 32,
  "params": 8060,
  "n_classes": 60,
  "chance": 0.016666666666666666,
  "n_train": 3072,
  "n_val": 1024,
  "hyperparameters": {
    "lr": 0.003,
    "clip_max_norm": 1.0,
    "max_epochs": 40000,
    "train_frac": 0.75,
    "ce_check_every": 250,
    "ce_patience": 10,
    "ce_min_delta": 0.0001,
    "acc_check_every": 250,
    "acc_patience": 10,
    "acc_min_delta": 0.001,
    "acc_divergence_abs_eps": 0.05,
    "acc_still_improving_eps": 0.01
  },
  "positive_control_bar_acc": 0.9,
  "val_acc": 0.7470703125,
  "train_acc": 0.982421875,
  "trustworthy_ce": false,
  "trustworthy_acc": true,
  "trustworthy": false,
  "clears_bar": false,
  "train_acc_per_depth": {
    "1": 0.5423176884651184,
    "2": 0.833984375,
    "3": 0.9361979365348816,
    "4": 0.9755859375,
    "5": 0.9840494990348816,
    "6": 0.982421875
  },
  "val_acc_per_depth": {
    "1": 0.40234375,
    "2": 0.6962890625,
    "3": 0.7392578125,
    "4": 0.7607421875,
    "5": 0.74609375,
    "6": 0.7470703125
  },
  "ce_gate": {
    "converged": true,
    "hit_cap": false,
    "trustworthy": false,
    "still_improving_at_stop": false,
    "diverged": true,
    "stop_epoch": 3250,
    "best_val": 1.5450815955797832,
    "best_epoch": 750,
    "recent_improvement": -0.8591203888257346,
    "trajectory": [
      [
        250,
        2.2968985637029014
      ],
      [
        500,
        1.7264088193575542
      ],
      [
        750,
        1.5450815955797832
      ],
      [
        1000,
        1.5589542190233867
      ],
      [
        1250,
        1.5468401710192363
      ],
      [
        1500,
        1.579387108484904
      ],
      [
        1750,
        1.545649121205012
      ],
      [
        2000,
        1.6138660311698914
      ],
      [
        2250,
        1.6832622289657593
      ],
      [
        2500,
        1.7338118354479473
      ],
      [
        2750,
        1.8340997298558552
      ],
      [
        3000,
        1.8763787547747295
      ],
      [
        3250,
        1.860692024230957
      ],
      [
        3500,
        1.9332125782966614
      ],
      [
        3750,
        2.025125006834666
      ],
      [
        4000,
        2.0879876017570496
      ],
      [
        4250,
        2.181323150793711
      ],
      [
        4500,
        2.3155210812886557
      ],
      [
        4750,
        2.3261637091636658
      ],
      [
        5000,
        2.430521229902903
      ],
      [
        5250,
        2.386353770891825
      ],
      [
        5500,
        2.6444151401519775
      ],
      [
        5750,
        2.7198124130566916
      ]
    ]
  },
  "acc_gate": {
    "converged": true,
    "hit_cap": false,
    "still_improving": false,
    "diverged": false,
    "trustworthy": true,
    "stop_epoch": 5750,
    "best_val": 0.7470703125,
    "best_epoch": 3250,
    "recent_improvement": -0.0185546875,
    "trajectory": [
      [
        250,
        0.1708984375
      ],
      [
        500,
        0.3603515625
      ],
      [
        750,
        0.5009765625
      ],
      [
        1000,
        0.583984375
      ],
      [
        1250,
        0.6767578125
      ],
      [
        1500,
        0.7099609375
      ],
      [
        1750,
        0.73828125
      ],
      [
        2000,
        0.73046875
      ],
      [
        2250,
        0.73828125
      ],
      [
        2500,
        0.7373046875
      ],
      [
        2750,
        0.7294921875
      ],
      [
        3000,
        0.7255859375
      ],
      [
        3250,
        0.7470703125
      ],
      [
        3500,
        0.7470703125
      ],
      [
        3750,
        0.736328125
      ],
      [
        4000,
        0.7373046875
      ],
      [
        4250,
        0.7333984375
      ],
      [
        4500,
        0.7216796875
      ],
      [
        4750,
        0.7333984375
      ],
      [
        5000,
        0.724609375
      ],
      [
        5250,
        0.748046875
      ],
      [
        5500,
        0.7275390625
      ],
      [
        5750,
        0.728515625
      ]
    ]
  },
  "val_ce_trajectory": [
    [
      250,
      2.2968985637029014
    ],
    [
      500,
      1.7264088193575542
    ],
    [
      750,
      1.5450815955797832
    ],
    [
      1000,
      1.5589542190233867
    ],
    [
      1250,
      1.5468401710192363
    ],
    [
      1500,
      1.579387108484904
    ],
    [
      1750,
      1.545649121205012
    ],
    [
      2000,
      1.6138660311698914
    ],
    [
      2250,
      1.6832622289657593
    ],
    [
      2500,
      1.7338118354479473
    ],
    [
      2750,
      1.8340997298558552
    ],
    [
      3000,
      1.8763787547747295
    ],
    [
      3250,
      1.860692024230957
    ],
    [
      3500,
      1.9332125782966614
    ],
    [
      3750,
      2.025125006834666
    ],
    [
      4000,
      2.0879876017570496
    ],
    [
      4250,
      2.181323150793711
    ],
    [
      4500,
      2.3155210812886557
    ],
    [
      4750,
      2.3261637091636658
    ],
    [
      5000,
      2.430521229902903
    ],
    [
      5250,
      2.386353770891825
    ],
    [
      5500,
      2.6444151401519775
    ],
    [
      5750,
      2.7198124130566916
    ]
  ],
  "val_acc_full_trajectory": [
    [
      250,
      0.1708984375
    ],
    [
      500,
      0.3603515625
    ],
    [
      750,
      0.5009765625
    ],
    [
      1000,
      0.583984375
    ],
    [
      1250,
      0.6767578125
    ],
    [
      1500,
      0.7099609375
    ],
    [
      1750,
      0.73828125
    ],
    [
      2000,
      0.73046875
    ],
    [
      2250,
      0.73828125
    ],
    [
      2500,
      0.7373046875
    ],
    [
      2750,
      0.7294921875
    ],
    [
      3000,
      0.7255859375
    ],
    [
      3250,
      0.7470703125
    ],
    [
      3500,
      0.7470703125
    ],
    [
      3750,
      0.736328125
    ],
    [
      4000,
      0.7373046875
    ],
    [
      4250,
      0.7333984375
    ],
    [
      4500,
      0.7216796875
    ],
    [
      4750,
      0.7333984375
    ],
    [
      5000,
      0.724609375
    ],
    [
      5250,
      0.748046875
    ],
    [
      5500,
      0.7275390625
    ],
    [
      5750,
      0.728515625
    ]
  ],
  "train_acc_full_trajectory": [
    [
      250,
      0.2210286408662796
    ],
    [
      500,
      0.4739583432674408
    ],
    [
      750,
      0.7327473759651184
    ],
    [
      1000,
      0.8876953125
    ],
    [
      1250,
      0.9781901240348816
    ],
    [
      1500,
      0.994140625
    ],
    [
      1750,
      0.9967448115348816
    ],
    [
      2000,
      0.9977213740348816
    ],
    [
      2250,
      0.9993489384651184
    ],
    [
      2500,
      0.9996744990348816
    ],
    [
      2750,
      0.9996744990348816
    ],
    [
      3000,
      1.0
    ],
    [
      3250,
      0.982421875
    ],
    [
      3500,
      1.0
    ],
    [
      3750,
      1.0
    ],
    [
      4000,
      1.0
    ],
    [
      4250,
      1.0
    ],
    [
      4500,
      1.0
    ],
    [
      4750,
      1.0
    ],
    [
      5000,
      1.0
    ],
    [
      5250,
      0.9993489384651184
    ],
    [
      5500,
      1.0
    ],
    [
      5750,
      1.0
    ]
  ]
}