{
  "arm": "full_depth_control",
  "rung": "rung4_data75",
  "rung_note": "train_frac 0.5 -> 0.75 (n_train 2048 -> 3072/4096).",
  "group": "a5",
  "seq_len": 6,
  "readout": "shared",
  "seed": 1,
  "ladder": [
    1,
    2,
    3,
    4,
    5,
    6
  ],
  "full_depth": 6,
  "width": 32,
  "params": 8060,
  "n_classes": 60,
  "chance": 0.016666666666666666,
  "n_train": 3072,
  "n_val": 1024,
  "hyperparameters": {
    "lr": 0.003,
    "clip_max_norm": 1.0,
    "max_epochs": 40000,
    "train_frac": 0.75,
    "ce_check_every": 250,
    "ce_patience": 10,
    "ce_min_delta": 0.0001,
    "acc_check_every": 250,
    "acc_patience": 10,
    "acc_min_delta": 0.001,
    "acc_divergence_abs_eps": 0.05,
    "acc_still_improving_eps": 0.01
  },
  "positive_control_bar_acc": 0.9,
  "val_acc": 0.58984375,
  "train_acc": 1.0,
  "trustworthy_ce": false,
  "trustworthy_acc": true,
  "trustworthy": false,
  "clears_bar": false,
  "train_acc_per_depth": {
    "1": 0.6067708134651184,
    "2": 0.8098958134651184,
    "3": 0.9479166865348816,
    "4": 0.9957682490348816,
    "5": 1.0,
    "6": 1.0
  },
  "val_acc_per_depth": {
    "1": 0.455078125,
    "2": 0.56640625,
    "3": 0.580078125,
    "4": 0.56640625,
    "5": 0.580078125,
    "6": 0.58984375
  },
  "ce_gate": {
    "converged": true,
    "hit_cap": false,
    "trustworthy": false,
    "still_improving_at_stop": false,
    "diverged": true,
    "stop_epoch": 3000,
    "best_val": 1.74643079439799,
    "best_epoch": 500,
    "recent_improvement": -0.39324663082758615,
    "trajectory": [
      [
        250,
        2.4192519585291543
      ],
      [
        500,
        1.74643079439799
      ],
      [
        750,
        1.8008543650309246
      ],
      [
        1000,
        1.97333558400472
      ],
      [
        1250,
        2.188487152258555
      ],
      [
        1500,
        2.3315688570340476
      ],
      [
        1750,
        2.442738672097524
      ],
      [
        2000,
        2.543295919895172
      ],
      [
        2250,
        2.6468807061513266
      ],
      [
        2500,
        2.739306886990865
      ],
      [
        2750,
        2.7887701988220215
      ],
      [
        3000,
        2.8432963490486145
      ],
      [
        3250,
        2.896175265312195
      ],
      [
        3500,
        2.997650444507599
      ],
      [
        3750,
        3.1197837193806968
      ],
      [
        4000,
        3.2058990001678467
      ],
      [
        4250,
        3.2448169390360513
      ],
      [
        4500,
        3.2866849303245544
      ],
      [
        4750,
        3.345515330632528
      ],
      [
        5000,
        3.3845714330673218
      ],
      [
        5250,
        3.482795854409536
      ],
      [
        5500,
        3.5460858146349588
      ],
      [
        5750,
        3.5805813868840537
      ],
      [
        6000,
        3.648089349269867
      ],
      [
        6250,
        3.6995948553085327
      ],
      [
        6500,
        3.753539204597473
      ],
      [
        6750,
        3.823726713657379
      ],
      [
        7000,
        3.7634655038515725
      ],
      [
        7250,
        3.803435484568278
      ],
      [
        7500,
        3.85417511065801
      ],
      [
        7750,
        3.9594693183898926
      ],
      [
        8000,
        3.958755095799764
      ],
      [
        8250,
        4.030040740966797
      ],
      [
        8500,
        4.088538924853007
      ],
      [
        8750,
        4.064597030480702
      ],
      [
        9000,
        4.1057960987091064
      ],
      [
        9250,
        4.16985688606898
      ],
      [
        9500,
        4.215136229991913
      ],
      [
        9750,
        4.2264472643534345
      ],
      [
        10000,
        4.247502525647481
      ],
      [
        10250,
        4.155940532684326
      ],
      [
        10500,
        4.2306040326754255
      ],
      [
        10750,
        4.294301847616832
      ],
      [
        11000,
        4.3734457691510515
      ],
      [
        11250,
        4.454089363416036
      ],
      [
        11500,
        4.376234153906505
      ],
      [
        11750,
        4.422194004058838
      ],
      [
        12000,
        4.4656413197517395
      ],
      [
        12250,
        4.521520733833313
      ],
      [
        12500,
        4.594643175601959
      ],
      [
        12750,
        4.467872103055318
      ],
      [
        13000,
        4.54286523660024
      ],
      [
        13250,
        4.602415919303894
      ],
      [
        13500,
        4.6379348039627075
      ],
      [
        13750,
        4.696532229582469
      ],
      [
        14000,
        4.765220959981282
      ],
      [
        14250,
        4.610287427902222
      ],
      [
        14500,
        4.6781624754269915
      ],
      [
        14750,
        4.767533739407857
      ],
      [
        15000,
        4.835552632808685
      ],
      [
        15250,
        4.892440736293793
      ],
      [
        15500,
        4.879146536191304
      ],
      [
        15750,
        4.9076122641563416
      ],
      [
        16000,
        4.947603225708008
      ],
      [
        16250,
        4.99162083864212
      ],
      [
        16500,
        5.041037917137146
      ],
      [
        16750,
        5.003534058729808
      ]
    ]
  },
  "acc_gate": {
    "converged": true,
    "hit_cap": false,
    "still_improving": false,
    "diverged": false,
    "trustworthy": true,
    "stop_epoch": 16750,
    "best_val": 0.58984375,
    "best_epoch": 14250,
    "recent_improvement": -0.0029296875,