{
  "arm": "full_depth_control",
  "rung": "rung6_width64",
  "rung_note": "width 32 -> 64, train_frac held at rung4's 0.75.",
  "group": "a5",
  "seq_len": 6,
  "readout": "shared",
  "seed": 0,
  "ladder": [
    1,
    2,
    3,
    4,
    5,
    6
  ],
  "full_depth": 6,
  "width": 64,
  "params": 26300,
  "n_classes": 60,
  "chance": 0.016666666666666666,
  "n_train": 3072,
  "n_val": 1024,
  "hyperparameters": {
    "lr": 0.003,
    "clip_max_norm": 1.0,
    "max_epochs": 40000,
    "train_frac": 0.75,
    "ce_check_every": 250,
    "ce_patience": 10,
    "ce_min_delta": 0.0001,
    "acc_check_every": 250,
    "acc_patience": 10,
    "acc_min_delta": 0.001,
    "acc_divergence_abs_eps": 0.05,
    "acc_still_improving_eps": 0.01
  },
  "positive_control_bar_acc": 0.9,
  "val_acc": 0.74609375,
  "train_acc": 1.0,
  "trustworthy_ce": true,
  "trustworthy_acc": true,
  "trustworthy": true,
  "clears_bar": false,
  "train_acc_per_depth": {
    "1": 0.7972005009651184,
    "2": 0.9654948115348816,
    "3": 0.9993489384651184,
    "4": 1.0,
    "5": 1.0,
    "6": 1.0
  },
  "val_acc_per_depth": {
    "1": 0.607421875,
    "2": 0.7197265625,
    "3": 0.7666015625,
    "4": 0.763671875,
    "5": 0.7470703125,
    "6": 0.74609375
  },
  "ce_gate": {
    "converged": true,
    "hit_cap": false,
    "trustworthy": true,
    "still_improving_at_stop": false,
    "diverged": false,
    "stop_epoch": 3750,
    "best_val": 1.5432425141334534,
    "best_epoch": 1250,
    "recent_improvement": -0.5841860175132751,
    "trajectory": [
      [
        250,
        2.037818113962809
      ],
      [
        500,
        1.5616784890492756
      ],
      [
        750,
        1.5906705856323242
      ],
      [
        1000,
        1.5595568617184956
      ],
      [
        1250,
        1.5432425141334534
      ],
      [
        1500,
        1.665861576795578
      ],
      [
        1750,
        1.9214751422405243
      ],
      [
        2000,
        2.0578686197598777
      ],
      [
        2250,
        2.151463488737742
      ],
      [
        2500,
        2.1276707450548806
      ],
      [
        2750,
        2.11316055059433
      ],
      [
        3000,
        2.128567636013031
      ],
      [
        3250,
        2.130463937918345
      ],
      [
        3500,
        2.1236423750718436
      ],
      [
        3750,
        2.1274285316467285
      ]
    ]
  },
  "acc_gate": {
    "converged": true,
    "hit_cap": false,
    "still_improving": false,
    "diverged": false,
    "trustworthy": true,
    "stop_epoch": 3750,
    "best_val": 0.74609375,
    "best_epoch": 1250,
    "recent_improvement": -0.0087890625,
    "trajectory": [
      [
        250,
        0.22265625
      ],
      [
        500,
        0.5546875
      ],
      [
        750,
        0.708984375
      ],
      [
        1000,
        0.7333984375
      ],
      [
        1250,
        0.74609375
      ],
      [
        1500,
        0.73828125
      ],
      [
        1750,
        0.7109375
      ],
      [
        2000,
        0.7158203125
      ],
      [
        2250,
        0.724609375
      ],
      [
        2500,
        0.71875
      ],
      [
        2750,
        0.7197265625
      ],
      [
        3000,
        0.7255859375
      ],
      [
        3250,
        0.7294921875
      ],
      [
        3500,
        0.7333984375
      ],
      [
        3750,
        0.7373046875
      ]
    ]
  },
  "val_ce_trajectory": [
    [
      250,
      2.037818113962809
    ],
    [
      500,
      1.5616784890492756
    ],
    [
      750,
      1.5906705856323242
    ],
    [
      1000,
      1.5595568617184956
    ],
    [
      1250,
      1.5432425141334534
    ],
    [
      1500,
      1.665861576795578
    ],
    [
      1750,
      1.9214751422405243
    ],
    [
      2000,
      2.0578686197598777
    ],
    [
      2250,
      2.151463488737742
    ],
    [
      2500,
      2.1276707450548806
    ],
    [
      2750,
      2.11316055059433
    ],
    [
      3000,
      2.128567636013031
    ],
    [
      3250,
      2.130463937918345
    ],
    [
      3500,
      2.1236423750718436
    ],
    [
      3750,
      2.1274285316467285
    ]
  ],
  "val_acc_full_trajectory": [
    [
      250,
      0.22265625
    ],
    [
      500,
      0.5546875
    ],
    [
      750,
      0.708984375
    ],
    [
      1000,
      0.7333984375
    ],
    [
      1250,
      0.74609375
    ],
    [
      1500,
      0.73828125
    ],
    [
      1750,
      0.7109375
    ],
    [
      2000,
      0.7158203125
    ],
    [
      2250,
      0.724609375
    ],
    [
      2500,
      0.71875
    ],
    [
      2750,
      0.7197265625
    ],
    [
      3000,
      0.7255859375
    ],
    [
      3250,
      0.7294921875
    ],
    [
      3500,
      0.7333984375
    ],
    [
      3750,
      0.7373046875
    ]
  ],
  "train_acc_full_trajectory": [
    [
      250,
      0.3229166567325592
    ],
    [
      500,
      0.890625
    ],
    [
      750,
      1.0
    ],
    [
      1000,
      1.0
    ],
    [
      1250,
      1.0
    ],
    [
      1500,
      1.0
    ],
    [
      1750,
      1.0
    ],
    [
      2000,
      1.0
    ],
    [
      2250,
      1.0
    ],
    [
      2500,
      1.0
    ],
    [
      2750,
      1.0
    ],
    [
      3000,
      1.0
    ],
    [
      3250,
      1.0
    ],
    [
      3500,
      1.0
    ],
    [
      3750,
      1.0
    ]
  ]
}