{
  "arm": "full_depth_control",
  "rung": "rung5_data90",
  "rung_note": "train_frac 0.75 -> 0.9 (n_train 3072 -> 3686/4096).",
  "group": "a5",
  "seq_len": 6,
  "readout": "shared",
  "seed": 0,
  "ladder": [
    1,
    2,
    3,
    4,
    5,
    6
  ],
  "full_depth": 6,
  "width": 32,
  "params": 8060,
  "n_classes": 60,
  "chance": 0.016666666666666666,
  "n_train": 3686,
  "n_val": 410,
  "hyperparameters": {
    "lr": 0.003,
    "clip_max_norm": 1.0,
    "max_epochs": 40000,
    "train_frac": 0.9,
    "ce_check_every": 250,
    "ce_patience": 10,
    "ce_min_delta": 0.0001,
    "acc_check_every": 250,
    "acc_patience": 10,
    "acc_min_delta": 0.001,
    "acc_divergence_abs_eps": 0.05,
    "acc_still_improving_eps": 0.01
  },
  "positive_control_bar_acc": 0.9,
  "val_acc": 0.4097560942173004,
  "train_acc": 0.9538795351982117,
  "trustworthy_ce": false,
  "trustworthy_acc": true,
  "trustworthy": false,
  "clears_bar": false,
  "train_acc_per_depth": {
    "1": 0.3399348855018616,
    "2": 0.48100921511650085,
    "3": 0.593597412109375,
    "4": 0.7702116370201111,
    "5": 0.9123711585998535,
    "6": 0.9538795351982117
  },
  "val_acc_per_depth": {
    "1": 0.22926829755306244,
    "2": 0.3243902325630188,
    "3": 0.35121950507164,
    "4": 0.3341463506221771,
    "5": 0.37560975551605225,
    "6": 0.4097560942173004
  },
  "ce_gate": {
    "converged": true,
    "hit_cap": false,
    "trustworthy": false,
    "still_improving_at_stop": false,
    "diverged": true,
    "stop_epoch": 3250,
    "best_val": 1.611130913098653,
    "best_epoch": 750,
    "recent_improvement": -0.3199765880902605,
    "trajectory": [
      [
        250,
        2.2686800559361777
      ],
      [
        500,
        1.722628931204478
      ],
      [
        750,
        1.611130913098653
      ],
      [
        1000,
        1.6173161665598552
      ],
      [
        1250,
        1.6928841670354207
      ],
      [
        1500,
        1.8190723061561584
      ],
      [
        1750,
        1.9234668413798015
      ],
      [
        2000,
        1.9873898426691692
      ],
      [
        2250,
        2.055816431840261
      ],
      [
        2500,
        2.125592072804769
      ],
      [
        2750,
        2.1805813113848367
      ],
      [
        3000,
        2.2088555494944253
      ],
      [
        3250,
        2.286640147368113
      ],
      [
        3500,
        2.335921347141266
      ],
      [
        3750,
        2.418691356976827
      ],
      [
        4000,
        2.4692148168881736
      ],
      [
        4250,
        2.5119853417078652
      ],
      [
        4500,
        2.522143244743347
      ],
      [
        4750,
        2.6088728109995523
      ],
      [
        5000,
        2.646864116191864
      ],
      [
        5250,
        2.6394115686416626
      ],
      [
        5500,
        2.7076121171315513
      ],
      [
        5750,
        2.7228172620137534
      ],
      [
        6000,
        2.748841146628062
      ],
      [
        6250,
        2.7837771574656167
      ],
      [
        6500,
        2.789191404978434
      ]
    ]
  },
  "acc_gate": {
    "converged": true,
    "hit_cap": false,
    "still_improving": false,
    "diverged": false,
    "trustworthy": true,
    "stop_epoch": 6500,
    "best_val": 0.4097560942173004,
    "best_epoch": 4000,
    "recent_improvement": -0.031707316637039185,
    "trajectory": [
      [
        250,
        0.18536585569381714
      ],
      [
        500,
        0.2926829159259796
      ],
      [
        750,
        0.25853657722473145
      ],
      [
        1000,
        0.30000001192092896
      ],
      [
        1250,
        0.31707316637039185
      ],
      [
        1500,
        0.33170732855796814
      ],
      [
        1750,
        0.3121951222419739
      ],
      [
        2000,
        0.33170732855796814
      ],
      [
        2250,
        0.3341463506221771
      ],
      [
        2500,
        0.34390243887901306
      ],
      [
        2750,
        0.37317073345184326
      ],
      [
        3000,
        0.3926829397678375
      ],
      [
        3250,
        0.3853658437728882
      ],
      [
        3500,
        0.3951219618320465
      ],
      [
        3750,
        0.3951219618320465
      ],
      [
        4000,
        0.4097560942173004
      ],
      [
        4250,
        0.40243902802467346
      ],
      [
        4500,
        0.3853658437728882
      ],
      [
        4750,
        0.3804877996444702
      ],
      [
        5000,
        0.3804877996444702
      ],
      [
        5250,
        0.37317073345184326
      ],
      [
        5500,
        0.3829268217086792
      ],
      [
        5750,
        0.3804877996444702
      ],
      [
        6000,
        0.3853658437728882
      ],
      [
        6250,
        0.37560975551605225
      ],
      [
        6500,
        0.37804877758026123
      ]
    ]
  },
  "val_ce_trajectory": [
    [
      250,
      2.2686800559361777
    ],
    [
      500,
      1.722628931204478
    ],
    [
      750,
      1.611130913098653
    ],
    [
      1000,
      1.6173161665598552
    ],
    [
      1250,
      1.6928841670354207
    ],
    [
      1500,
      1.8190723061561584
    ],
    [
      1750,
      1.9234668413798015
    ],
    [
      2000,
      1.9873898426691692
    ],
    [
      2250,
      2.055816431840261
    ],
    [
      2500,
      2.125592072804769
    ],
    [
      2750,
      2.1805813113848367
    ],
    [
      3000,
      2.2088555494944253
    ],
    [
      3250,
      2.286640147368113
    ],
    [
      3500,
      2.335921347141266
    ],
    [
      3750,
      2.418691356976827
    ],
    [
      4000,
      2.4692148168881736
    ],
    [
      4250,
      2.5119853417078652
    ],
    [
      4500,
      2.522143244743347
    ],
    [
      4750,
      2.6088728109995523
    ],
    [
      5000,
      2.646864116191864
    ],
    [
      5250,
      2.6394115686416626
    ],
    [
      5500,
      2.7076121171315513
    ],
    [
      5750,
      2.7228172620137534
    ],
    [
      6000,
      2.748841146628062
    ],
    [
      6250,
      2.7837771574656167
    ],
    [
      6500,
      2.789191404978434
    ]
  ],
  "val_acc_full_trajectory": [
    [
      250,
      0.18536585569381714
    ],
    [
      500,
      0.2926829159259796
    ],
    [
      750,
      0.25853657722473145
    ],
    [
      1000,
      0.30000001192092896
    ],
    [
      1250,
      0.31707316637039185
    ],
    [
      1500,
      0.33170732855796814
    ],
    [
      1750,
      0.3121951222419739
    ],
    [
      2000,
      0.33170732855796814
    ],
    [
      2250,
      0.3341463506221771
    ],
    [
      2500,
      0.34390243887901306
    ],
    [
      2750,
      0.37317073345184326
    ],
    [
      3000,
      0.3926829397678375
    ],
    [
      3250,
      0.3853658437728882
    ],
    [
      3500,
      0.3951219618320465
    ],
    [
      3750,
      0.3951219618320465
    ],
    [
      4000,
      0.4097560942173004
    ],
    [
      4250,
      0.40243902802467346
    ],
    [
      4500,
      0.3853658437728882
    ],
    [
      4750,
      0.3804877996444702
    ],
    [
      5000,
      0.3804877996444702
    ],
    [
      5250,
      0.37317073345184326
    ],
    [
      5500,
      0.3829268217086792
    ],
    [
      5750,
      0.3804877996444702
    ],
    [
      6000,
      0.3853658437728882
    ],
    [
      6250,
      0.37560975551605225
    ],
    [
      6500,
      0.37804877758026123
    ]
  ],