{
  "arm": "full_depth_control",
  "rung": "rung0_gatefix",
  "rung_note": "DSEL-1b's exact config; only the convergence gate changes (dual, not CE-only).",
  "group": "a5",
  "seq_len": 6,
  "readout": "shared",
  "seed": 1,
  "ladder": [
    1,
    2,
    3,
    4,
    5,
    6
  ],
  "full_depth": 6,
  "width": 16,
  "params": 2780,
  "n_classes": 60,
  "chance": 0.016666666666666666,
  "n_train": 2048,
  "n_val": 2048,
  "hyperparameters": {
    "lr": 0.01,
    "clip_max_norm": null,
    "max_epochs": 40000,
    "train_frac": 0.5,
    "ce_check_every": 250,
    "ce_patience": 10,
    "ce_min_delta": 0.0001,
    "acc_check_every": 250,
    "acc_patience": 10,
    "acc_min_delta": 0.001,
    "acc_divergence_abs_eps": 0.05,
    "acc_still_improving_eps": 0.01
  },
  "positive_control_bar_acc": 0.9,
  "val_acc": 0.291015625,
  "train_acc": 0.5595703125,
  "trustworthy_ce": true,
  "trustworthy_acc": true,
  "trustworthy": true,
  "clears_bar": false,
  "train_acc_per_depth": {
    "1": 0.27294921875,
    "2": 0.3251953125,
    "3": 0.4140625,
    "4": 0.48095703125,
    "5": 0.5439453125,
    "6": 0.5595703125
  },
  "val_acc_per_depth": {
    "1": 0.20947265625,
    "2": 0.23486328125,
    "3": 0.28173828125,
    "4": 0.28662109375,
    "5": 0.2880859375,
    "6": 0.291015625
  },
  "ce_gate": {
    "converged": true,
    "hit_cap": false,
    "trustworthy": true,
    "still_improving_at_stop": false,
    "diverged": false,
    "stop_epoch": 3000,
    "best_val": 2.2274232308069863,
    "best_epoch": 500,
    "recent_improvement": -0.19527641932169582,
    "trajectory": [
      [
        250,
        2.2905484437942505
      ],
      [
        500,
        2.2274232308069863
      ],
      [
        750,
        2.234020153681437
      ],
      [
        1000,
        2.3040818770726523
      ],
      [
        1250,
        2.3429300785064697
      ],
      [
        1500,
        2.3874117930730185
      ],
      [
        1750,
        2.4031035900115967
      ],
      [
        2000,
        2.428937474886576
      ],
      [
        2250,
        2.4373892545700073
      ],
      [
        2500,
        2.459420124689738
      ],
      [
        2750,
        2.4739792346954346
      ],
      [
        3000,
        2.52204163869222
      ],
      [
        3250,
        2.533620278040568
      ],
      [
        3500,
        2.5386183659235635
      ],
      [
        3750,
        2.5636521180470786
      ],
      [
        4000,
        2.5667540629704795
      ],
      [
        4250,
        2.5983800093332925
      ]
    ]
  },
  "acc_gate": {
    "converged": true,
    "hit_cap": false,
    "still_improving": false,
    "diverged": false,
    "trustworthy": true,
    "stop_epoch": 4250,
    "best_val": 0.291015625,
    "best_epoch": 1750,
    "recent_improvement": -0.00390625,
    "trajectory": [
      [
        250,
        0.185546875
      ],
      [
        500,
        0.2353515625
      ],
      [
        750,
        0.28076171875
      ],
      [
        1000,
        0.27734375
      ],
      [
        1250,
        0.283203125
      ],
      [
        1500,
        0.28076171875
      ],
      [
        1750,
        0.291015625
      ],
      [
        2000,
        0.2919921875
      ],
      [
        2250,
        0.28955078125
      ],
      [
        2500,
        0.291015625
      ],
      [
        2750,
        0.27880859375
      ],
      [
        3000,
        0.2822265625
      ],
      [
        3250,
        0.28515625
      ],
      [
        3500,
        0.28662109375
      ],
      [
        3750,
        0.28466796875
      ],
      [
        4000,
        0.28466796875
      ],
      [
        4250,
        0.287109375
      ]
    ]
  },
  "val_ce_trajectory": [
    [
      250,
      2.2905484437942505
    ],
    [
      500,
      2.2274232308069863
    ],
    [
      750,
      2.234020153681437
    ],
    [
      1000,
      2.3040818770726523
    ],
    [
      1250,
      2.3429300785064697
    ],
    [
      1500,
      2.3874117930730185
    ],
    [
      1750,
      2.4031035900115967
    ],
    [
      2000,
      2.428937474886576
    ],
    [
      2250,
      2.4373892545700073
    ],
    [
      2500,
      2.459420124689738
    ],
    [
      2750,
      2.4739792346954346
    ],
    [
      3000,
      2.52204163869222
    ],
    [
      3250,
      2.533620278040568
    ],
    [
      3500,
      2.5386183659235635
    ],
    [
      3750,
      2.5636521180470786
    ],
    [
      4000,
      2.5667540629704795
    ],
    [
      4250,
      2.5983800093332925
    ]
  ],
  "val_acc_full_trajectory": [
    [
      250,
      0.185546875
    ],
    [
      500,
      0.2353515625
    ],
    [
      750,
      0.28076171875
    ],
    [
      1000,
      0.27734375
    ],
    [
      1250,
      0.283203125
    ],
    [
      1500,
      0.28076171875
    ],
    [
      1750,
      0.291015625
    ],
    [
      2000,
      0.2919921875
    ],
    [
      2250,
      0.28955078125
    ],
    [
      2500,
      0.291015625
    ],
    [
      2750,
      0.27880859375
    ],
    [
      3000,
      0.2822265625
    ],
    [
      3250,
      0.28515625
    ],
    [
      3500,
      0.28662109375
    ],
    [
      3750,
      0.28466796875
    ],
    [
      4000,
      0.28466796875
    ],
    [
      4250,
      0.287109375
    ]
  ],
  "train_acc_full_trajectory": [
    [
      250,
      0.25732421875
    ],
    [
      500,
      0.384765625
    ],
    [
      750,
      0.47607421875
    ],
    [
      1000,
      0.51318359375
    ],
    [
      1250,
      0.5380859375
    ],
    [
      1500,
      0.57275390625
    ],
    [
      1750,
      0.5595703125
    ],
    [
      2000,
      0.57763671875
    ],
    [
      2250,
      0.58349609375
    ],
    [
      2500,
      0.6142578125
    ],
    [
      2750,
      0.59814453125
    ],
    [
      3000,
      0.61962890625
    ],
    [
      3250,
      0.6259765625
    ],
    [
      3500,
      0.6396484375
    ],
    [
      3750,
      0.62353515625
    ],
    [
      4000,
      0.63525390625
    ],
    [
      4250,
      0.619140625
    ]
  ]
}