{
  "arm": "full_depth_control",
  "rung": "rung1_lr3e-3",
  "rung_note": "LR sweep: 1e-2 -> 3e-3 (depth_graded_toy.py:74 precedent).",
  "group": "a5",
  "seq_len": 6,
  "readout": "shared",
  "seed": 0,
  "ladder": [
    1,
    2,
    3,
    4,
    5,
    6
  ],
  "full_depth": 6,
  "width": 16,
  "params": 2780,
  "n_classes": 60,
  "chance": 0.016666666666666666,
  "n_train": 2048,
  "n_val": 2048,
  "hyperparameters": {
    "lr": 0.003,
    "clip_max_norm": null,
    "max_epochs": 40000,
    "train_frac": 0.5,
    "ce_check_every": 250,
    "ce_patience": 10,
    "ce_min_delta": 0.0001,
    "acc_check_every": 250,
    "acc_patience": 10,
    "acc_min_delta": 0.001,
    "acc_divergence_abs_eps": 0.05,
    "acc_still_improving_eps": 0.01
  },
  "positive_control_bar_acc": 0.9,
  "val_acc": 0.3251953125,
  "train_acc": 0.52783203125,
  "trustworthy_ce": true,
  "trustworthy_acc": true,
  "trustworthy": true,
  "clears_bar": false,
  "train_acc_per_depth": {
    "1": 0.23583984375,
    "2": 0.34814453125,
    "3": 0.41162109375,
    "4": 0.46142578125,
    "5": 0.50732421875,
    "6": 0.52783203125
  },
  "val_acc_per_depth": {
    "1": 0.18408203125,
    "2": 0.28466796875,
    "3": 0.314453125,
    "4": 0.33642578125,
    "5": 0.31396484375,
    "6": 0.3251953125
  },
  "ce_gate": {
    "converged": true,
    "hit_cap": false,
    "trustworthy": true,
    "still_improving_at_stop": false,
    "diverged": false,
    "stop_epoch": 3500,
    "best_val": 1.9594054619471233,
    "best_epoch": 1000,
    "recent_improvement": -0.38972665866216016,
    "trajectory": [
      [
        250,
        2.6857946316401162
      ],
      [
        500,
        2.2577203114827475
      ],
      [
        750,
        2.0267803072929382
      ],
      [
        1000,
        1.9594054619471233
      ],
      [
        1250,
        1.9661651452382405
      ],
      [
        1500,
        2.0051981608072915
      ],
      [
        1750,
        2.055477201938629
      ],
      [
        2000,
        2.1089703838030496
      ],
      [
        2250,
        2.145654002825419
      ],
      [
        2500,
        2.1833563248316445
      ],
      [
        2750,
        2.226024349530538
      ],
      [
        3000,
        2.262828826904297
      ],
      [
        3250,
        2.2903026938438416
      ],
      [
        3500,
        2.327964266141256
      ],
      [
        3750,
        2.3558918039004006
      ]
    ]
  },
  "acc_gate": {
    "converged": true,
    "hit_cap": false,
    "still_improving": false,
    "diverged": false,
    "trustworthy": true,
    "stop_epoch": 3750,
    "best_val": 0.3251953125,
    "best_epoch": 1250,
    "recent_improvement": -0.0048828125,
    "trajectory": [
      [
        250,
        0.1416015625
      ],
      [
        500,
        0.21875
      ],
      [
        750,
        0.302734375
      ],
      [
        1000,
        0.31884765625
      ],
      [
        1250,
        0.3251953125
      ],
      [
        1500,
        0.32373046875
      ],
      [
        1750,
        0.3125
      ],
      [
        2000,
        0.31201171875
      ],
      [
        2250,
        0.3134765625
      ],
      [
        2500,
        0.31640625
      ],
      [
        2750,
        0.3212890625
      ],
      [
        3000,
        0.3125
      ],
      [
        3250,
        0.322265625
      ],
      [
        3500,
        0.3203125
      ],
      [
        3750,
        0.3203125
      ]
    ]
  },
  "val_ce_trajectory": [
    [
      250,
      2.6857946316401162
    ],
    [
      500,
      2.2577203114827475
    ],
    [
      750,
      2.0267803072929382
    ],
    [
      1000,
      1.9594054619471233
    ],
    [
      1250,
      1.9661651452382405
    ],
    [
      1500,
      2.0051981608072915
    ],
    [
      1750,
      2.055477201938629
    ],
    [
      2000,
      2.1089703838030496
    ],
    [
      2250,
      2.145654002825419
    ],
    [
      2500,
      2.1833563248316445
    ],
    [
      2750,
      2.226024349530538
    ],
    [
      3000,
      2.262828826904297
    ],
    [
      3250,
      2.2903026938438416
    ],
    [
      3500,
      2.327964266141256
    ],
    [
      3750,
      2.3558918039004006
    ]
  ],
  "val_acc_full_trajectory": [
    [
      250,
      0.1416015625
    ],
    [
      500,
      0.21875
    ],
    [
      750,
      0.302734375
    ],
    [
      1000,
      0.31884765625
    ],
    [
      1250,
      0.3251953125
    ],
    [
      1500,
      0.32373046875
    ],
    [
      1750,
      0.3125
    ],
    [
      2000,
      0.31201171875
    ],
    [
      2250,
      0.3134765625
    ],
    [
      2500,
      0.31640625
    ],
    [
      2750,
      0.3212890625
    ],
    [
      3000,
      0.3125
    ],
    [
      3250,
      0.322265625
    ],
    [
      3500,
      0.3203125
    ],
    [
      3750,
      0.3203125
    ]
  ],
  "train_acc_full_trajectory": [
    [
      250,
      0.1689453125
    ],
    [
      500,
      0.2939453125
    ],
    [
      750,
      0.42333984375
    ],
    [
      1000,
      0.484375
    ],
    [
      1250,
      0.52783203125
    ],
    [
      1500,
      0.56494140625
    ],
    [
      1750,
      0.5966796875
    ],
    [
      2000,
      0.611328125
    ],
    [
      2250,
      0.62841796875
    ],
    [
      2500,
      0.6474609375
    ],
    [
      2750,
      0.6533203125
    ],
    [
      3000,
      0.658203125
    ],
    [
      3250,
      0.65673828125
    ],
    [
      3500,
      0.67919921875
    ],
    [
      3750,
      0.6796875
    ]
  ]
}