{
  "config": {
    "toys": [
      "G"
    ],
    "seeds": [
      0,
      1,
      2
    ],
    "max_depth": 6,
    "n_train": 1000,
    "n_test": 500,
    "n_epochs": 800,
    "hidden_size": 24,
    "learning_rate": 0.005
  },
  "per_case": [
    {
      "toy": "G",
      "seed": 0,
      "n": 500,
      "b_coh_vs_fixed": {
        "1": {
          "mean_delta": -0.19973920285701752,
          "se": 0.02238389290869236,
          "pass": false
        },
        "2": {
          "mean_delta": -0.0370585098862648,
          "se": 0.016545958817005157,
          "pass": false
        },
        "3": {
          "mean_delta": -0.006566026713699102,
          "se": 0.013227930292487144,
          "pass": true
        },
        "4": {
          "mean_delta": 0.015778323635458946,
          "se": 0.013101509772241116,
          "pass": true
        },
        "5": {
          "mean_delta": -0.018427463248372078,
          "se": 0.01747051626443863,
          "pass": true
        },
        "6": {
          "mean_delta": -0.03226352110505104,
          "se": 0.014566199854016304,
          "pass": false
        }
      },
      "b_coh_vs_control": {
        "1": {
          "mean_delta": -0.20217908918857574,
          "se": 0.022157225757837296,
          "pass": false
        },
        "2": {
          "mean_delta": 0.0057610273361206055,
          "se": 0.017480716109275818,
          "pass": true
        },
        "3": {
          "mean_delta": 0.013680542819201946,
          "se": 0.01819309964776039,
          "pass": true
        },
        "4": {
          "mean_delta": 0.008329893462359905,
          "se": 0.011574162170290947,
          "pass": true
        },
        "5": {
          "mean_delta": 0.029343919828534126,
          "se": 0.02262186072766781,
          "pass": true
        },
        "6": {
          "mean_delta": 0.18341639637947083,
          "se": 0.025482935830950737,
          "pass": false
        }
      },
      "b_knee": {
        "r_star": 4,
        "delta_curve": {
          "1": 0.0,
          "2": 0.29501510589942337,
          "3": 0.31958181380480527,
          "4": 0.34738703303784135,
          "5": 0.32885960175842044,
          "6": 0.3077328360304237
        },
        "se": {
          "2": 0.024385183069794824,
          "3": 0.00931219739255741,
          "4": 0.007093005823621918,
          "5": 0.006572418322866232
        }
      }
    },
    {
      "toy": "G",
      "seed": 1,
      "n": 500,
      "b_coh_vs_fixed": {
        "1": {
          "mean_delta": -0.12779952585697174,
          "se": 0.01558205671608448,
          "pass": false
        },
        "2": {
          "mean_delta": -0.02439858205616474,
          "se": 0.009133587591350079,
          "pass": false
        },
        "3": {
          "mean_delta": 0.00028286551241762936,
          "se": 0.021892042830586433,
          "pass": true
        },
        "4": {
          "mean_delta": 0.01713581755757332,
          "se": 0.011064139194786549,
          "pass": true
        },
        "5": {
          "mean_delta": 0.03947849199175835,
          "se": 0.01150834746658802,
          "pass": false
        },
        "6": {
          "mean_delta": 0.026200389489531517,
          "se": 0.011820229701697826,
          "pass": false
        }
      },
      "b_coh_vs_control": {
        "1": {
          "mean_delta": -0.08534663915634155,
          "se": 0.02026568539440632,
          "pass": false
        },
        "2": {
          "mean_delta": -0.001185618108138442,
          "se": 0.0112262899056077,
          "pass": true
        },
        "3": {
          "mean_delta": 0.04921584203839302,
          "se": 0.021765979006886482,
          "pass": false
        },
        "4": {
          "mean_delta": 0.12286949902772903,
          "se": 0.023514142259955406,
          "pass": false
        },
        "5": {
          "mean_delta": 0.029659567400813103,
          "se": 0.01656104251742363,
          "pass": true
        },
        "6": {
          "mean_delta": 0.058029234409332275,
          "se": 0.015490849502384663,
          "pass": false
        }
      },
      "b_knee": {
        "r_star": 2,
        "delta_curve": {
          "1": 0.0,
          "2": 0.2641998079568148,
          "3": 0.2547798109799624,
          "4": 0.2691805649250746,
          "5": 0.26937220005691054,
          "6": 0.28225413773953917
        },
        "se": {
          "2": 0.028891713456916535,
          "3": 0.021453506821284846
        }
      }
    },
    {
      "toy": "G",
      "seed": 2,
      "n": 500,
      "b_coh_vs_fixed": {
        "1": {
          "mean_delta": -0.21086519956588745,
          "se": 0.029269741848111153,
          "pass": false
        },
        "2": {
          "mean_delta": -0.06974536925554276,
          "se": 0.021160917356610298,
          "pass": false
        },
        "3": {
          "mean_delta": -0.021152671426534653,
          "se": 0.01393073983490467,
          "pass": true
        },
        "4": {
          "mean_delta": -0.048441916704177856,
          "se": 0.013824029825627804,
          "pass": false
        },
        "5": {
          "mean_delta": -0.05519677698612213,
          "se": 0.020604662597179413,
          "pass": false
        },
        "6": {
          "mean_delta": -0.041129130870103836,
          "se": 0.018545011058449745,
          "pass": false
        }
      },
      "b_coh_vs_control": {
        "1": {
          "mean_delta": -0.041109565645456314,
          "se": 0.035752806812524796,
          "pass": true
        },
        "2": {
          "mean_delta": -0.0034921474289149046,
          "se": 0.01917622797191143,
          "pass": true
        },
        "3": {
          "mean_delta": 0.025176534429192543,
          "se": 0.0196322500705719,
          "pass": true
        },
        "4": {
          "mean_delta": 0.040793050080537796,
          "se": 0.02380027435719967,
          "pass": true
        },
        "5": {
          "mean_delta": 0.10986027121543884,
          "se": 0.025312719866633415,
          "pass": false
        },
        "6": {
          "mean_delta": -0.038926444947719574,
          "se": 0.018546584993600845,
          "pass": false
        }
      },
      "b_knee": {
        "r_star": 3,
        "delta_curve": {
          "1": 0.0,
          "2": 0.22467709077335896,
          "3": 0.2865226413402706,
          "4": 0.25883832229115067,
          "5": 0.22044334400631488,
          "6": 0.2332244744990021
        },
        "se": {
          "2": 0.028882762838253546,
          "3": 0.016563039371165534,
          "4": 0.009316653658276894
        }
      }
    }
  ],
  "b_knee_cross_seed": {
    "G": {
      "r_star_by_seed": {
        "0": 4,
        "1": 2,
        "2": 3
      },
      "coherent": false
    }
  },
  "b_order": {
    "G": {
      "n_query": 201,
      "query_x_range": [
        -1.0,
        1.0
      ],
      "per_depth_pairwise_corr": {
        "1": {
          "0-1": 0.9835814683223907,
          "0-2": 0.9883282579775196,
          "1-2": 0.961287476266169
        },
        "2": {
          "0-1": 0.9925111977483926,
          "0-2": 0.9914746549800665,
          "1-2": 0.9883649434624823
        },
        "3": {
          "0-1": 0.9898268803894613,
          "0-2": 0.9883368354387939,
          "1-2": 0.977404259606784
        },
        "4": {
          "0-1": 0.9951981555029333,
          "0-2": 0.9895422337184878,
          "1-2": 0.9887048187170445
        },
        "5": {
          "0-1": 0.9947029015800851,
          "0-2": 0.9892791329000779,
          "1-2": 0.9896646001065293
        },
        "6": {
          "0-1": 0.9954362966418723,
          "0-2": 0.9870403426046163,
          "1-2": 0.9892980632187008
        }
      }
    }
  },
  "checks": {
    "B_coh_all_depths_all_toys_pass": false
  },
  "wall_time_sec": 7679.884863615036,