{
  "config": {
    "toys": [
      "G_flat"
    ],
    "seeds": [
      0,
      1,
      2
    ],
    "max_depth": 6,
    "n_train": 1000,
    "n_test": 500,
    "n_epochs": 800,
    "hidden_size": 24,
    "learning_rate": 0.005
  },
  "per_case": [
    {
      "toy": "G_flat",
      "seed": 0,
      "n": 500,
      "b_coh_vs_fixed": {
        "1": {
          "mean_delta": -0.006448616273701191,
          "se": 0.007328286301344633,
          "pass": true
        },
        "2": {
          "mean_delta": -0.0065415226854383945,
          "se": 0.010139060206711292,
          "pass": true
        },
        "3": {
          "mean_delta": 0.010042318142950535,
          "se": 0.008115221746265888,
          "pass": true
        },
        "4": {
          "mean_delta": -0.003166589653119445,
          "se": 0.01136000920087099,
          "pass": true
        },
        "5": {
          "mean_delta": -0.02124624140560627,
          "se": 0.024469049647450447,
          "pass": true
        },
        "6": {
          "mean_delta": -0.10014227777719498,
          "se": 0.020920414477586746,
          "pass": false
        }
      },
      "b_coh_vs_control": {
        "1": {
          "mean_delta": -0.007228071801364422,
          "se": 0.005418635439127684,
          "pass": true
        },
        "2": {
          "mean_delta": 0.0068403431214392185,
          "se": 0.006801560986787081,
          "pass": true
        },
        "3": {
          "mean_delta": 0.020929627120494843,
          "se": 0.01065122988075018,
          "pass": true
        },
        "4": {
          "mean_delta": 0.03553537651896477,
          "se": 0.012051564641296864,
          "pass": false
        },
        "5": {
          "mean_delta": -0.030286971479654312,
          "se": 0.015009489841759205,
          "pass": false
        },
        "6": {
          "mean_delta": -0.11691749840974808,
          "se": 0.020047280937433243,
          "pass": false
        }
      },
      "b_knee": {
        "r_star": 0,
        "delta_curve": {
          "1": 0.0,
          "2": -0.002702466845512397,
          "3": 0.0096956118941307,
          "4": 0.0013989531695842716,
          "5": -0.033527860969305046,
          "6": -0.10806425115466117
        },
        "se": {
          "2": 0.0040269949282027186
        }
      }
    },
    {
      "toy": "G_flat",
      "seed": 1,
      "n": 500,
      "b_coh_vs_fixed": {
        "1": {
          "mean_delta": -0.00750476261600852,
          "se": 0.006325488444417715,
          "pass": true
        },
        "2": {
          "mean_delta": -0.005391348153352737,
          "se": 0.0096646249294281,
          "pass": true
        },
        "3": {
          "mean_delta": 0.020432712510228157,
          "se": 0.01240724790841341,
          "pass": true
        },
        "4": {
          "mean_delta": 0.030392609536647797,
          "se": 0.00897251907736063,
          "pass": false
        },
        "5": {
          "mean_delta": 0.019463667646050453,
          "se": 0.008660102263092995,
          "pass": false
        },
        "6": {
          "mean_delta": -0.020877845585346222,
          "se": 0.015544092282652855,
          "pass": true
        }
      },
      "b_coh_vs_control": {
        "1": {
          "mean_delta": 0.033836811780929565,
          "se": 0.008266170509159565,
          "pass": false
        },
        "2": {
          "mean_delta": 0.013767682015895844,
          "se": 0.013218877837061882,
          "pass": true
        },
        "3": {
          "mean_delta": 0.03964872285723686,
          "se": 0.010228368453681469,
          "pass": false
        },
        "4": {
          "mean_delta": 0.04670322313904762,
          "se": 0.012308333069086075,
          "pass": false
        },
        "5": {
          "mean_delta": 0.02640184760093689,
          "se": 0.010796179994940758,
          "pass": false
        },
        "6": {
          "mean_delta": -0.002421237761154771,
          "se": 0.020171111449599266,
          "pass": true
        }
      },
      "b_knee": {
        "r_star": 0,
        "delta_curve": {
          "1": 0.0,
          "2": -0.008603543370962141,
          "3": 0.0039054407179355613,
          "4": 0.008190922945737839,
          "5": 0.002603252530097959,
          "6": -0.024852863311767573
        },
        "se": {
          "2": 0.003339119084541171
        }
      }
    },
    {
      "toy": "G_flat",
      "seed": 2,
      "n": 500,
      "b_coh_vs_fixed": {
        "1": {
          "mean_delta": -0.02393553964793682,
          "se": 0.01015548687428236,
          "pass": false
        },
        "2": {
          "mean_delta": 0.007526598870754242,
          "se": 0.010250908322632313,
          "pass": true
        },
        "3": {
          "mean_delta": -0.03456300497055054,
          "se": 0.013963491655886173,
          "pass": false
        },
        "4": {
          "mean_delta": 0.009202497079968452,
          "se": 0.009121684357523918,
          "pass": true
        },
        "5": {
          "mean_delta": -0.0054684472270309925,
          "se": 0.008324407041072845,
          "pass": true
        },
        "6": {
          "mean_delta": -0.0009003696613945067,
          "se": 0.017577514052391052,
          "pass": true
        }
      },
      "b_coh_vs_control": {
        "1": {
          "mean_delta": 0.035701461136341095,
          "se": 0.024800697341561317,
          "pass": true
        },
        "2": {
          "mean_delta": -0.02645738609135151,
          "se": 0.009975502267479897,
          "pass": false
        },
        "3": {
          "mean_delta": 0.04204603284597397,
          "se": 0.02403903380036354,
          "pass": true
        },
        "4": {
          "mean_delta": 0.07853987067937851,
          "se": 0.01835145242512226,
          "pass": false
        },
        "5": {
          "mean_delta": 0.11680350452661514,
          "se": 0.01729726418852806,
          "pass": false
        },
        "6": {
          "mean_delta": -0.02069084160029888,
          "se": 0.012303491123020649,
          "pass": true
        }
      },
      "b_knee": {
        "r_star": 0,
        "delta_curve": {
          "1": 0.0,
          "2": -0.011488518446683887,
          "3": -0.013559495419263837,
          "4": 0.004511914223432542,
          "5": -0.028946469426155086,
          "6": -0.014270035803318024
        },
        "se": {
          "2": 0.00862383001310736
        }
      }
    }
  ],
  "b_knee_cross_seed": {
    "G_flat": {
      "r_star_by_seed": {
        "0": 0,
        "1": 0,
        "2": 0
      },
      "coherent": true
    }
  },
  "b_order": {
    "G_flat": {
      "n_query": 201,
      "query_x_range": [
        -1.0,
        1.0
      ],
      "per_depth_pairwise_corr": {
        "1": {
          "0-1": 0.9992821721789339,
          "0-2": 0.9992237996349295,
          "1-2": 0.99983538628185
        },
        "2": {
          "0-1": 0.9987522438543343,
          "0-2": 0.9991095390737723,
          "1-2": 0.9994966602167143
        },
        "3": {
          "0-1": 0.9989804166676401,
          "0-2": 0.9981238666843508,
          "1-2": 0.9990993443393457
        },
        "4": {
          "0-1": 0.9988223940081669,
          "0-2": 0.99800020106779,
          "1-2": 0.9984198846005168
        },
        "5": {
          "0-1": 0.9984838097162749,
          "0-2": 0.9971599250024137,
          "1-2": 0.998957691699607
        },
        "6": {
          "0-1": 0.9977270244174753,
          "0-2": 0.9965639353338102,
          "1-2": 0.9986840377424193
        }
      }
    }
  },
  "checks": {
    "B_coh_all_depths_all_toys_pass": false
  },
  "wall_time_sec": 7648.9144122600555,
  "note": "B-knee is not a registered F2 bar (EXECUTION_PLAN.md scopes it to F3); included per explicit dispatch instructions, reported not gated."
}