{
  "config": {
    "toys": [
      "H"
    ],
    "seeds": [
      0,
      1,
      2
    ],
    "max_depth": 6,
    "n_train": 1000,
    "n_test": 500,
    "n_epochs": 800,
    "hidden_size": 24,
    "learning_rate": 0.005
  },
  "per_case": [
    {
      "toy": "H",
      "seed": 0,
      "n": 500,
      "b_coh_vs_fixed": {
        "1": {
          "mean_delta": -0.6572280526161194,
          "se": 0.03690420091152191,
          "pass": false
        },
        "2": {
          "mean_delta": -0.03601713478565216,
          "se": 0.020717469975352287,
          "pass": true
        },
        "3": {
          "mean_delta": -0.011495852842926979,
          "se": 0.01857038401067257,
          "pass": true
        },
        "4": {
          "mean_delta": 0.01469076331704855,
          "se": 0.021048933267593384,
          "pass": true
        },
        "5": {
          "mean_delta": 0.0578058585524559,
          "se": 0.0287774745374918,
          "pass": false
        },
        "6": {
          "mean_delta": -0.05423416942358017,
          "se": 0.018856119364500046,
          "pass": false
        }
      },
      "b_coh_vs_control": {
        "1": {
          "mean_delta": -0.5280017256736755,
          "se": 0.031912315636873245,
          "pass": false
        },
        "2": {
          "mean_delta": 0.2662469148635864,
          "se": 0.021200696006417274,
          "pass": false
        },
        "3": {
          "mean_delta": 0.10071002691984177,
          "se": 0.01889224164187908,
          "pass": false
        },
        "4": {
          "mean_delta": 0.06643347442150116,
          "se": 0.023020312190055847,
          "pass": false
        },
        "5": {
          "mean_delta": 0.15825235843658447,
          "se": 0.026632407680153847,
          "pass": false
        },
        "6": {
          "mean_delta": 0.02302614040672779,
          "se": 0.023955130949616432,
          "pass": true
        }
      },
      "b_knee": {
        "r_star": 3,
        "delta_curve": {
          "1": 0.0,
          "2": 0.69289582445845,
          "3": 0.7255652053244412,
          "4": 0.7279634859450161,
          "5": 0.6898728985674679,
          "6": 0.6888996943123638
        },
        "se": {
          "2": 0.03599661332948318,
          "3": 0.0106187469810331,
          "4": 0.0112131854929946
        }
      }
    },
    {
      "toy": "H",
      "seed": 1,
      "n": 500,
      "b_coh_vs_fixed": {
        "1": {
          "mean_delta": -0.5147494077682495,
          "se": 0.03648827224969864,
          "pass": false
        },
        "2": {
          "mean_delta": -0.00813377182930708,
          "se": 0.017186295241117477,
          "pass": true
        },
        "3": {
          "mean_delta": -0.06192055344581604,
          "se": 0.016556410118937492,
          "pass": false
        },
        "4": {
          "mean_delta": -0.03970005363225937,
          "se": 0.01858234778046608,
          "pass": false
        },
        "5": {
          "mean_delta": 0.00956201832741499,
          "se": 0.021217528730630875,
          "pass": true
        },
        "6": {
          "mean_delta": 0.044308777898550034,
          "se": 0.02661082148551941,
          "pass": true
        }
      },
      "b_coh_vs_control": {
        "1": {
          "mean_delta": -0.37807103991508484,
          "se": 0.029581783339381218,
          "pass": false
        },
        "2": {
          "mean_delta": 0.01653328724205494,
          "se": 0.019630981609225273,
          "pass": true
        },
        "3": {
          "mean_delta": -0.059869520366191864,
          "se": 0.021616045385599136,
          "pass": false
        },
        "4": {
          "mean_delta": -0.04499373957514763,
          "se": 0.022928031161427498,
          "pass": true
        },
        "5": {
          "mean_delta": 0.006374570541083813,
          "se": 0.015736162662506104,
          "pass": true
        },
        "6": {
          "mean_delta": -0.012044181115925312,
          "se": 0.017679328098893166,
          "pass": true
        }
      },
      "b_knee": {
        "r_star": 2,
        "delta_curve": {
          "1": 0.0,
          "2": 0.5478581509143113,
          "3": 0.5271860617548227,
          "4": 0.5085250660777092,
          "5": 0.5449747595638036,
          "6": 0.5124780173897743
        },
        "se": {
          "2": 0.03637364211616103,
          "3": 0.01561098259856239
        }
      }
    },
    {
      "toy": "H",
      "seed": 2,
      "n": 500,
      "b_coh_vs_fixed": {
        "1": {
          "mean_delta": -0.7201324701309204,
          "se": 0.04140722006559372,
          "pass": false
        },
        "2": {
          "mean_delta": -0.081246018409729,
          "se": 0.01885375753045082,
          "pass": false
        },
        "3": {
          "mean_delta": 0.006072406657040119,
          "se": 0.0191916786134243,
          "pass": true
        },
        "4": {
          "mean_delta": -0.07776857912540436,
          "se": 0.01845107041299343,
          "pass": false
        },
        "5": {
          "mean_delta": -0.026678480207920074,
          "se": 0.02164257876574993,
          "pass": true
        },
        "6": {
          "mean_delta": -0.05098584666848183,
          "se": 0.026536548510193825,
          "pass": true
        }
      },
      "b_coh_vs_control": {
        "1": {
          "mean_delta": -0.6159933805465698,
          "se": 0.0355297289788723,
          "pass": false
        },
        "2": {
          "mean_delta": -0.05940529704093933,
          "se": 0.01767769642174244,
          "pass": false
        },
        "3": {
          "mean_delta": 0.026935309171676636,
          "se": 0.0259588360786438,
          "pass": true
        },
        "4": {
          "mean_delta": -0.08500208705663681,
          "se": 0.020993255078792572,
          "pass": false
        },
        "5": {
          "mean_delta": -0.01726401038467884,
          "se": 0.02813575603067875,
          "pass": true
        },
        "6": {
          "mean_delta": 0.016008121892809868,
          "se": 0.03290661796927452,
          "pass": true
        }
      },
      "b_knee": {
        "r_star": 2,
        "delta_curve": {
          "1": 0.0,
          "2": 0.6729261744581163,
          "3": 0.696376342907548,
          "4": 0.6723402888178827,
          "5": 0.6451887490153314,
          "6": 0.6705461728125811
        },
        "se": {
          "2": 0.04272784888229539,
          "3": 0.018694320897781492
        }
      }
    }
  ],
  "b_knee_cross_seed": {
    "H": {
      "r_star_by_seed": {
        "0": 3,
        "1": 2,
        "2": 2
      },
      "coherent": false
    }
  },
  "b_order": {
    "H": {
      "n_query": 201,
      "query_x_range": [
        -1.0,
        1.0
      ],
      "per_depth_pairwise_corr": {
        "1": {
          "0-1": 0.8832316588054963,
          "0-2": 0.777047030037202,
          "1-2": 0.9162195832656088
        },
        "2": {
          "0-1": 0.9676326353435792,
          "0-2": 0.9663626803841748,
          "1-2": 0.9818842944672075
        },
        "3": {
          "0-1": 0.9353100503396063,
          "0-2": 0.9646923420427537,
          "1-2": 0.9797973111270953
        },
        "4": {
          "0-1": 0.9557249762389823,
          "0-2": 0.954358934110733,
          "1-2": 0.9816061371886647
        },
        "5": {
          "0-1": 0.9645772677840974,
          "0-2": 0.9656121030189287,
          "1-2": 0.9802893397281607
        },
        "6": {
          "0-1": 0.9738786271960167,
          "0-2": 0.9616538440245052,
          "1-2": 0.971407263679062
        }
      }
    }
  },
  "checks": {
    "B_coh_all_depths_all_toys_pass": false
  },
  "wall_time_sec": 7642.724241018295,
  "note": "B-knee is not a registered F2 bar (EXECUTION_PLAN.md scopes it to F3); included per explicit dispatch instructions, reported not gated."
}