{
    "mae": 0.5817379970095287,
    "rmse": 0.7296764353202194,
    "r2_score": 0.46757229973837755,
    "mape": 701.269691591919,
    "median_ape": 69.64039040057301,
    "nll": 1.2933792716376928,
    "picp": 0.99812382739212,
    "ece": 0.2827140434192081
}