{
    "accuracy": 0.5997498436522827,
    "precision": 0.6213549791403251,
    "recall": 0.5997498436522827,
    "f1_score": 0.5992961408361611,
    "roc_auc": 0.784223723316754,
    "log_loss": 0.8663079243419896
}