{
  "config": {
    "k_max": 6,
    "c_grid": [
      1,
      2,
      3,
      4,
      5,
      6
    ],
    "toys": [
      "D",
      "E",
      "C_broad"
    ],
    "seeds": [
      0,
      1,
      2
    ],
    "n_train": 1500,
    "n_test": 1500,
    "n_epochs": 100,
    "lr": 0.01,
    "phase2_epochs": 300,
    "phase2_lr": 0.01,
    "finetune_epochs": 100,
    "finetune_lr": 0.0001
  },
  "cases": [
    {
      "toy": "D",
      "seed": 0,
      "n_train": 1500,
      "n_test": 1500,
      "a_shipping_joint": {
        "nll_blend": 0.9922605752944946,
        "marginal_p": [
          0.5037250518798828,
          0.09823673218488693,
          0.09962432086467743,
          0.09896594285964966,
          0.09970448911190033,
          0.09974342584609985
        ]
      },
      "b_two_phase": {
        "nll_blend": 0.8925501108169556,
        "marginal_p": [
          6.147687963675708e-05,
          0.2795141339302063,
          0.2161707729101181,
          0.16617757081985474,
          0.15072117745876312,
          0.18735486268997192
        ]
      },
      "b_standalone_router_nll_blend": 0.8923464417457581,
      "d_finetune": {
        "nll_blend": 0.9420962929725647,
        "marginal_p": [
          8.280570909846574e-05,
          0.24790766835212708,
          0.24066542088985443,
          0.16856874525547028,
          0.14206963777542114,
          0.20070570707321167
        ],
        "delta_vs_b": 0.04954618215560913
      },
      "c_fixed_k": {
        "per_k_nll": {
          "1": 1.1147073850561944,
          "2": 1.5635275568638767,
          "3": 1.1325393116087208,
          "4": 0.9758738088298448,
          "5": 1.1317177314259592,
          "6": 1.097651078227817
        },
        "best_k": 4,
        "best_nll": 0.9758738088298448
      }
    },
    {
      "toy": "D",
      "seed": 1,
      "n_train": 1500,
      "n_test": 1500,
      "a_shipping_joint": {
        "nll_blend": 0.9972386956214905,
        "marginal_p": [
          0.5107113718986511,
          0.10589981079101562,
          0.09651793539524078,
          0.096562460064888,
          0.09555871784687042,
          0.09474971145391464
        ]
      },
      "b_two_phase": {
        "nll_blend": 0.9190533757209778,
        "marginal_p": [
          0.0002709234249778092,
          0.3455738425254822,
          0.22880598902702332,
          0.051472585648298264,
          0.15191523730754852,
          0.22196145355701447
        ]
      },
      "b_standalone_router_nll_blend": 0.915494441986084,
      "d_finetune": {
        "nll_blend": 0.9175025224685669,
        "marginal_p": [
          0.00022795767290517688,
          0.39269405603408813,
          0.20932765305042267,
          0.041322119534015656,
          0.11788363754749298,
          0.2385445535182953
        ],
        "delta_vs_b": -0.0015508532524108887
      },
      "c_fixed_k": {
        "per_k_nll": {
          "1": 1.1169123680287467,
          "2": 0.9785993378741222,
          "3": 1.2098606821786888,
          "4": 1.3133386587796443,
          "5": 0.9482310818989445,
          "6": 1.1081493196038892
        },
        "best_k": 5,
        "best_nll": 0.9482310818989445
      }
    },
    {
      "toy": "D",
      "seed": 2,
      "n_train": 1500,
      "n_test": 1500,
      "a_shipping_joint": {
        "nll_blend": 1.0248013734817505,
        "marginal_p": [
          0.5097426176071167,
          0.09477158635854721,
          0.09158473461866379,
          0.10109034925699234,
          0.10114121437072754,
          0.1016695573925972
        ]
      },
      "b_two_phase": {
        "nll_blend": 0.9449841976165771,
        "marginal_p": [
          0.27792784571647644,
          0.42933034896850586,
          0.15375956892967224,
          0.047234803438186646,
          0.04595749080181122,
          0.045789942145347595
        ]
      },
      "b_standalone_router_nll_blend": 0.9439933896064758,
      "d_finetune": {
        "nll_blend": 0.9414204955101013,
        "marginal_p": [
          0.28608429431915283,
          0.4431886076927185,
          0.14001800119876862,
          0.04391249641776085,
          0.042785871773958206,
          0.04401073232293129
        ],
        "delta_vs_b": -0.00356370210647583
      },
      "c_fixed_k": {
        "per_k_nll": {
          "1": 1.1190331102987554,
          "2": 1.033106343559833,
          "3": 1.1460493912784142,
          "4": 1.0940518949626166,
          "5": 1.0111785082113751,
          "6": 1.0377243931081852
        },
        "best_k": 5,
        "best_nll": 1.0111785082113751
      }
    },
    {
      "toy": "E",
      "seed": 0,
      "n_train": 1500,
      "n_test": 1500,
      "a_shipping_joint": {
        "nll_blend": 0.7421541213989258,
        "marginal_p": [
          0.4907957911491394,
          0.10712802410125732,
          0.10035599768161774,
          0.10081548988819122,
          0.10091926157474518,
          0.09998544305562973
        ]
      },
      "b_two_phase": {
        "nll_blend": 0.6034336090087891,
        "marginal_p": [
          0.8121381998062134,
          0.0004005589580629021,
          0.000383613514713943,
          0.00854681245982647,
          0.008630759082734585,
          0.1699000597000122
        ]
      },
      "b_standalone_router_nll_blend": 0.6037171483039856,
      "d_finetune": {
        "nll_blend": 0.6048105955123901,
        "marginal_p": [
          0.8853896260261536,
          0.00028819465660490096,
          0.0002756709582172334,
          0.0059912241995334625,
          0.00611291965469718,
          0.10194232314825058
        ],
        "delta_vs_b": 0.0013769865036010742
      },
      "c_fixed_k": {
        "per_k_nll": {
          "1": 0.6508799642204653,
          "2": 1.067323923732232,
          "3": 0.830421757063291,
          "4": 0.646363533931376,
          "5": 0.827507358181451,
          "6": 0.7262152467819473
        },
        "best_k": 4,
        "best_nll": 0.646363533931376
      }
    },
    {
      "toy": "E",
      "seed": 1,
      "n_train": 1500,
      "n_test": 1500,
      "a_shipping_joint": {
        "nll_blend": 0.6379708051681519,
        "marginal_p": [
          0.5252665281295776,
          0.08932340145111084,
          0.09481575340032578,
          0.0942843109369278,
          0.09625965356826782,
          0.10005034506320953
        ]
      },
      "b_two_phase": {
        "nll_blend": 0.5794925093650818,
        "marginal_p": [
          0.3642028272151947,
          0.24917420744895935,
          0.14030732214450836,
          0.09047560393810272,
          0.0749305933713913,
          0.08090942353010178
        ]
      },
      "b_standalone_router_nll_blend": 0.5796478390693665,
      "d_finetune": {
        "nll_blend": 0.6074101328849792,
        "marginal_p": [
          0.41336652636528015,
          0.23921215534210205,
          0.1274661123752594,
          0.0774284303188324,
          0.06584741175174713,
          0.07667931169271469
        ],
        "delta_vs_b": 0.02791762351989746
      },
      "c_fixed_k": {
        "per_k_nll": {
          "1": 0.6514722383744349,
          "2": 0.6882863045989295,
          "3": 0.7695496529055922,
          "4": 0.6489174058808045,
          "5": 0.6826341862882742,
          "6": 0.8666005447974764
        },
        "best_k": 4,
        "best_nll": 0.6489174058808045
      }
    },
    {
      "toy": "E",
      "seed": 2,
      "n_train": 1500,
      "n_test": 1500,
      "a_shipping_joint": {
        "nll_blend": 0.6268442869186401,
        "marginal_p": [
          0.5052899718284607,
          0.11107303202152252,
          0.10386883467435837,
          0.09552127867937088,
          0.09357900172472,
          0.09066791087388992
        ]
      },
      "b_two_phase": {
        "nll_blend": 0.5659052729606628,