{
  "label": "all",
  "schedule": "all",
  "steps": 2000,
  "warmup_excluded": 50,
  "n_counted": 1950,
  "total_wall_clock_s": 7.798665562993847,
  "total_wall_clock_ms_per_step": 3.8993327814969234,
  "phase_means_ms_per_step": {
    "widths_select": 0.0036495432962114233,
    "trunk_forward": 0.09288470529449674,
    "head_loop": 1.0999396480381107,
    "backward": 1.5890610455654754,
    "opt_step": 1.0198854946364193
  },
  "phase_sum_ms_per_step_excl_eval": 3.8054204368307136,
  "n_eval_blocks": 4,
  "eval_block_mean_ms": 1.4626007614424452,
  "eval_amortized_ms_per_step": 0.0030002066901383493,
  "phase_sum_plus_eval_ms_per_step": 3.808420643520852,
  "order": "B",
  "invocation_wall_s": 9.024286531028338
}