{
  "toy": "hetero",
  "seed": 2,
  "width": 2,
  "arm": "ported",
  "held_out_mse": 0.050733793526887894,
  "train_mse": 0.05002228543162346,
  "held_out_trajectory": [
    [
      1,
      0.06655915826559067
    ],
    [
      2,
      0.06485195457935333
    ],
    [
      3,
      0.06289279460906982
    ],
    [
      4,
      0.06194765120744705
    ],
    [
      5,
      0.060564275830984116
    ],
    [
      6,
      0.06211305037140846
    ],
    [
      7,
      0.059991054236888885
    ],
    [
      8,
      0.05958884581923485
    ],
    [
      9,
      0.0607888288795948
    ],
    [
      10,
      0.060274772346019745
    ],
    [
      11,
      0.05968422442674637
    ],
    [
      12,
      0.061337247490882874
    ],
    [
      13,
      0.059124674648046494
    ],
    [
      14,
      0.06059291958808899
    ],
    [
      15,
      0.059970252215862274
    ],
    [
      16,
      0.05915569141507149
    ],
    [
      17,
      0.05949872359633446
    ],
    [
      18,
      0.05915768817067146
    ],
    [
      19,
      0.059098970144987106
    ],
    [
      20,
      0.058442384004592896
    ],
    [
      21,
      0.06011088192462921
    ],
    [
      22,
      0.05747297406196594
    ],
    [
      23,
      0.058552686125040054
    ],
    [
      24,
      0.05831274017691612
    ],
    [
      25,
      0.057838842272758484
    ],
    [
      26,
      0.05703418701887131
    ],
    [
      27,
      0.05838703736662865
    ],
    [
      28,
      0.05708033964037895
    ],
    [
      29,
      0.0568811297416687
    ],
    [
      30,
      0.0568314865231514
    ],
    [
      31,
      0.05645345151424408
    ],
    [
      32,
      0.05738859251141548
    ],
    [
      33,
      0.055884890258312225
    ],
    [
      34,
      0.05569225177168846
    ],
    [
      35,
      0.0555574931204319
    ],
    [
      36,
      0.05524355545639992
    ],
    [
      37,
      0.05567825213074684
    ],
    [
      38,
      0.054882731288671494
    ],
    [
      39,
      0.05490616336464882
    ],
    [
      40,
      0.053790461272001266
    ],
    [
      41,
      0.054198335856199265
    ],
    [
      42,
      0.05368625745177269
    ],
    [
      43,
      0.05312393978238106
    ],
    [
      44,
      0.05393637344241142
    ],
    [
      45,
      0.05287421494722366
    ],
    [
      46,
      0.053662605583667755
    ],
    [
      47,
      0.051967721432447433
    ],
    [
      48,
      0.05248432978987694
    ],
    [
      49,
      0.052956510335206985
    ],
    [
      50,
      0.05132162570953369
    ],
    [
      51,
      0.05197972431778908
    ],
    [
      52,
      0.051242370158433914
    ],
    [
      53,
      0.05160867050290108
    ],
    [
      54,
      0.050922941416502
    ],
    [
      55,
      0.05093693360686302
    ],
    [
      56,
      0.050052840262651443
    ],
    [
      57,
      0.05067522078752518
    ],
    [
      58,
      0.0501980260014534
    ],
    [
      59,
      0.05031612887978554
    ],
    [
      60,
      0.04946097731590271
    ],
    [
      61,
      0.049986619502305984
    ],
    [
      62,
      0.0492854043841362
    ],
    [
      63,
      0.04956516996026039
    ],
    [
      64,
      0.04964394494891167
    ],
    [
      65,
      0.04873046651482582
    ],
    [
      66,
      0.04914766550064087
    ],
    [
      67,
      0.0486728772521019
    ],
    [
      68,
      0.04897357150912285
    ],
    [
      69,
      0.04822976887226105
    ],
    [
      70,
      0.04874341934919357
    ],
    [
      71,
      0.048469554632902145
    ],
    [
      72,
      0.048416659235954285
    ],
    [
      73,
      0.04818098992109299
    ],
    [
      74,
      0.04864954575896263
    ],
    [
      75,
      0.047930050641298294
    ],
    [
      76,
      0.048174258321523666
    ],
    [
      77,
      0.047323159873485565
    ],
    [
      78,
      0.04790398105978966
    ],
    [
      79,
      0.047833945602178574
    ],
    [
      80,
      0.04844266176223755
    ],
    [
      81,
      0.04817753657698631
    ],
    [
      82,
      0.04729901999235153
    ],
    [
      83,
      0.0474899485707283
    ],
    [
      84,
      0.04706587642431259
    ],
    [
      85,
      0.048114050179719925
    ],
    [
      86,
      0.047504328191280365
    ],
    [
      87,
      0.04748648777604103
    ],
    [
      88,
      0.047357529401779175
    ],
    [
      89,
      0.047099336981773376
    ],
    [
      90,
      0.04689214751124382
    ],
    [
      91,
      0.04721357300877571
    ],
    [
      92,
      0.047423481941223145
    ],
    [
      93,
      0.047885216772556305
    ],
    [
      94,
      0.04764081910252571
    ],
    [
      95,
      0.046643827110528946
    ],
    [
      96,
      0.04686301574110985
    ],
    [
      97,
      0.0468810610473156
    ],
    [
      98,
      0.04687759280204773
    ],
    [
      99,
      0.04726996645331383
    ],
    [
      100,
      0.0465729646384716
    ],
    [
      101,
      0.04715589061379433
    ],
    [
      102,
      0.04672393947839737
    ],
    [
      103,
      0.0475606769323349
    ],
    [
      104,
      0.046728361397981644
    ],
    [
      105,
      0.04683490842580795
    ],
    [
      106,
      0.04647836089134216
    ],
    [
      107,
      0.046793028712272644
    ],
    [
      108,
      0.04636988416314125
    ],
    [
      109,
      0.04701416194438934
    ],
    [
      110,
      0.04617910832166672
    ],
    [
      111,
      0.04670518636703491
    ],
    [
      112,
      0.0469486378133297
    ],
    [
      113,
      0.046552348881959915
    ],
    [
      114,
      0.046222418546676636
    ],
    [
      115,
      0.046921372413635254
    ],
    [
      116,
      0.046414222568273544
    ],
    [
      117,
      0.04689277708530426
    ],
    [
      118,
      0.046189405024051666
    ],
    [
      119,
      0.04664939269423485
    ],
    [
      120,
      0.04740261659026146
    ],
    [
      121,
      0.04662727937102318
    ],
    [
      122,
      0.04644368216395378
    ],
    [
      123,
      0.046532437205314636
    ],
    [
      124,
      0.04705115780234337
    ],
    [
      125,
      0.04624105617403984
    ],
    [
      126,
      0.04654226452112198
    ],
    [
      127,
      0.046083156019449234
    ],
    [
      128,
      0.04644875228404999
    ],
    [
      129,
      0.04688335582613945
    ],
    [
      130,
      0.0468733049929142
    ],
    [
      131,
      0.04670893773436546
    ],
    [
      132,
      0.04620770737528801
    ],
    [
      133,
      0.04721081256866455
    ],
    [
      134,
      0.0459505058825016
    ],
    [
      135,
      0.04722039774060249
    ],
    [
      136,
      0.04592942073941231
    ],
    [
      137,
      0.04658456891775131
    ],
    [
      138,
      0.04650707542896271
    ],
    [
      139,
      0.046778734773397446
    ],
    [
      140,
      0.04605638608336449
    ],
    [
      141,
      0.04737551510334015
    ],
    [
      142,
      0.04683588817715645
    ],
    [
      143,
      0.04612767696380615
    ],
    [
      144,
      0.045995019376277924
    ],
    [
      145,
      0.046294961124658585
    ],
    [
      146,
      0.046418316662311554
    ],
    [
      147,
      0.04609116539359093
    ],
    [
      148,
      0.04651900380849838
    ],
    [
      149,
      0.04626859724521637
    ],
    [
      150,
      0.04587411880493164
    ],
    [
      151,
      0.04585348069667816
    ],
    [
      152,
      0.04621763154864311
    ],
    [
      153,
      0.04579627141356468
    ],
    [
      154,
      0.046436771750450134
    ],
    [
      155,
      0.046682581305503845
    ],
    [
      156,
      0.04595548287034035
    ],
    [
      157,
      0.046344369649887085
    ],
    [
      158,
      0.046021342277526855
    ],
