{
  "toy": "hetero",
  "seed": 0,
  "width": 3,
  "arm": "ported",
  "held_out_mse": 0.050102606415748596,
  "train_mse": 0.04608405753970146,
  "held_out_trajectory": [
    [
      1,
      0.13120193779468536
    ],
    [
      2,
      0.0961712971329689
    ],
    [
      3,
      0.0894072949886322
    ],
    [
      4,
      0.08037176728248596
    ],
    [
      5,
      0.07630636543035507
    ],
    [
      6,
      0.07510538399219513
    ],
    [
      7,
      0.07263395935297012
    ],
    [
      8,
      0.0708056092262268
    ],
    [
      9,
      0.06954344362020493
    ],
    [
      10,
      0.06846974790096283
    ],
    [
      11,
      0.06736354529857635
    ],
    [
      12,
      0.06654997915029526
    ],
    [
      13,
      0.06608856469392776
    ],
    [
      14,
      0.0656265839934349
    ],
    [
      15,
      0.06533730030059814
    ],
    [
      16,
      0.0650237500667572
    ],
    [
      17,
      0.06453116983175278
    ],
    [
      18,
      0.06450430303812027
    ],
    [
      19,
      0.06415598839521408
    ],
    [
      20,
      0.06400084495544434
    ],
    [
      21,
      0.0636914074420929
    ],
    [
      22,
      0.06341034919023514
    ],
    [
      23,
      0.06365268677473068
    ],
    [
      24,
      0.06304751336574554
    ],
    [
      25,
      0.06339175254106522
    ],
    [
      26,
      0.06234250217676163
    ],
    [
      27,
      0.062092144042253494
    ],
    [
      28,
      0.06176387891173363
    ],
    [
      29,
      0.061422187834978104
    ],
    [
      30,
      0.06103451922535896
    ],
    [
      31,
      0.06051316484808922
    ],
    [
      32,
      0.05995943024754524
    ],
    [
      33,
      0.05959486588835716
    ],
    [
      34,
      0.05879482999444008
    ],
    [
      35,
      0.05913648009300232
    ],
    [
      36,
      0.05898531526327133
    ],
    [
      37,
      0.05955548584461212
    ],
    [
      38,
      0.0578128881752491
    ],
    [
      39,
      0.05705925077199936
    ],
    [
      40,
      0.0570928119122982
    ],
    [
      41,
      0.05685960128903389
    ],
    [
      42,
      0.05628223344683647
    ],
    [
      43,
      0.055939916521310806
    ],
    [
      44,
      0.05615456774830818
    ],
    [
      45,
      0.055617835372686386
    ],
    [
      46,
      0.05549270659685135
    ],
    [
      47,
      0.0550108402967453
    ],
    [
      48,
      0.05496295914053917
    ],
    [
      49,
      0.05493442714214325
    ],
    [
      50,
      0.05462660640478134
    ],
    [
      51,
      0.0545465350151062
    ],
    [
      52,
      0.054536495357751846
    ],
    [
      53,
      0.054110798984766006
    ],
    [
      54,
      0.05399702116847038
    ],
    [
      55,
      0.05399784818291664
    ],
    [
      56,
      0.05362356826663017
    ],
    [
      57,
      0.053589656949043274
    ],
    [
      58,
      0.05347435548901558
    ],
    [
      59,
      0.05354691669344902
    ],
    [
      60,
      0.053232964128255844
    ],
    [
      61,
      0.053480587899684906
    ],
    [
      62,
      0.0531320683658123
    ],
    [
      63,
      0.05319896712899208
    ],
    [
      64,
      0.0532328300178051
    ],
    [
      65,
      0.0528167225420475
    ],
    [
      66,
      0.05313456803560257
    ],
    [
      67,
      0.05295758321881294
    ],
    [
      68,
      0.05258955433964729
    ],
    [
      69,
      0.05274433270096779
    ],
    [
      70,
      0.05251103267073631
    ],
    [
      71,
      0.052667297422885895
    ],
    [
      72,
      0.05248014256358147
    ],
    [
      73,
      0.052527688443660736
    ],
    [
      74,
      0.052454154938459396
    ],
    [
      75,
      0.0524924211204052
    ],
    [
      76,
      0.052316442131996155
    ],
    [
      77,
      0.052277252078056335
    ],
    [
      78,
      0.05226948484778404
    ],
    [
      79,
      0.052475377917289734
    ],
    [
      80,
      0.05231247469782829
    ],
    [
      81,
      0.0521206259727478
    ],
    [
      82,
      0.05216781049966812
    ],
    [
      83,
      0.05198314040899277
    ],
    [
      84,
      0.0521426685154438
    ],
    [
      85,
      0.05253779888153076
    ],
    [
      86,
      0.052078887820243835
    ],
    [
      87,
      0.05259796604514122
    ],
    [
      88,
      0.052243031561374664
    ],
    [
      89,
      0.0520598478615284
    ],
    [
      90,
      0.051956914365291595
    ],
    [
      91,
      0.05201828107237816
    ],
    [
      92,
      0.051965679973363876
    ],
    [
      93,
      0.05233676731586456
    ],
    [
      94,
      0.052277952432632446
    ],
    [
      95,
      0.05205883830785751
    ],
    [
      96,
      0.05184749513864517
    ],
    [
      97,
      0.051826879382133484
    ],
    [
      98,
      0.05192144587635994
    ],
    [
      99,
      0.052003517746925354
    ],
    [
      100,
      0.052030738443136215
    ],
    [
      101,
      0.05178624764084816
    ],
    [
      102,
      0.05193106457591057
    ],
    [
      103,
      0.05189959704875946
    ],
    [
      104,
      0.05184348672628403
    ],
    [
      105,
      0.05178311839699745
    ],
    [
      106,
      0.052085377275943756
    ],
    [
      107,
      0.052115973085165024
    ],
    [
      108,
      0.05181484296917915
    ],
    [
      109,
      0.0519753061234951
    ],
    [
      110,
      0.05198833346366882
    ],
    [
      111,
      0.05184265598654747
    ],
    [
      112,
      0.05207313597202301
    ],
    [
      113,
      0.05185166746377945
    ],
    [
      114,
      0.05223460495471954
    ],
    [
      115,
      0.05176146700978279
    ],
    [
      116,
      0.0519338920712471
    ],
    [
      117,
      0.05186142772436142
    ],
    [
      118,
      0.051832642406225204
    ],
    [
      119,
      0.05198757350444794
    ],
    [
      120,
      0.05214293673634529
    ],
    [
      121,
      0.05275747552514076
    ],
    [
      122,
      0.05217539891600609
    ],
    [
      123,
      0.052115343511104584
    ],
    [
      124,
      0.05197012424468994
    ],
    [
      125,
      0.051803410053253174
    ],
    [
      126,
      0.05184022709727287
    ],
    [
      127,
      0.051786527037620544
    ],
    [
      128,
      0.052297353744506836
    ],
    [
      129,
      0.05180678889155388
    ],
    [
      130,
      0.0521104633808136
    ],
    [
      131,
      0.05213365703821182
    ],
    [
      132,
      0.05186250060796738
    ],
    [
      133,
      0.051901184022426605
    ],
    [
      134,
      0.05169808864593506
    ],
    [
      135,
      0.05186306685209274
    ],
    [
      136,
      0.05182449519634247
    ],
    [
      137,
      0.05178297683596611
    ],
    [
      138,
      0.05178181454539299
    ],
    [
      139,
      0.05196414887905121
    ],
    [
      140,
      0.0520816370844841
    ],
    [
      141,
      0.05187564343214035
    ],
    [
      142,
      0.05176635831594467
    ],
    [
      143,
      0.05211665481328964
    ],
    [
      144,
      0.05170273408293724
    ],
    [
      145,
      0.051923662424087524
    ],
    [
      146,
      0.05199538171291351
    ],
    [
      147,
      0.051794081926345825
    ],
    [
      148,
      0.051784586161375046
    ],
    [
      149,
      0.052357301115989685
    ],
    [
      150,
      0.05179358646273613
    ],
    [
      151,
      0.051761701703071594
    ],
    [
      152,
      0.05180655047297478
    ],
    [
      153,
      0.051713548600673676
    ],
    [
      154,
      0.051931675523519516
    ],
    [
      155,
      0.05227522552013397
    ],
    [
      156,
      0.05281711742281914
    ],
    [
      157,
      0.05270283296704292
    ],
    [
      158,
      0.05203487351536751
    ],
    [
      159,
