{
  "toy": "hetero",
  "seed": 2,
  "width": 1,
  "arm": "ported",
  "held_out_mse": 0.07070628553628922,
  "train_mse": 0.07025016844272614,
  "held_out_trajectory": [
    [
      1,
      0.07610353827476501
    ],
    [
      2,
      0.07553238421678543
    ],
    [
      3,
      0.07483483105897903
    ],
    [
      4,
      0.07381447404623032
    ],
    [
      5,
      0.07373252511024475
    ],
    [
      6,
      0.07277459651231766
    ],
    [
      7,
      0.07090163230895996
    ],
    [
      8,
      0.07085811346769333
    ],
    [
      9,
      0.0696382075548172
    ],
    [
      10,
      0.07000965625047684
    ],
    [
      11,
      0.06938101351261139
    ],
    [
      12,
      0.06826436519622803
    ],
    [
      13,
      0.06765276193618774
    ],
    [
      14,
      0.06817369163036346
    ],
    [
      15,
      0.06786824762821198
    ],
    [
      16,
      0.06834136694669724
    ],
    [
      17,
      0.06954410672187805
    ],
    [
      18,
      0.06706983596086502
    ],
    [
      19,
      0.06665365397930145
    ],
    [
      20,
      0.06596894562244415
    ],
    [
      21,
      0.06576240807771683
    ],
    [
      22,
      0.0668688639998436
    ],
    [
      23,
      0.06609126925468445
    ],
    [
      24,
      0.06546957045793533
    ],
    [
      25,
      0.06597145646810532
    ],
    [
      26,
      0.06618302315473557
    ],
    [
      27,
      0.0670883059501648
    ],
    [
      28,
      0.06554253399372101
    ],
    [
      29,
      0.06435049325227737
    ],
    [
      30,
      0.06616262346506119
    ],
    [
      31,
      0.06532610207796097
    ],
    [
      32,
      0.06558269262313843
    ],
    [
      33,
      0.0667537972331047
    ],
    [
      34,
      0.06572148948907852
    ],
    [
      35,
      0.06526818871498108
    ],
    [
      36,
      0.0642537996172905
    ],
    [
      37,
      0.06796330213546753
    ],
    [
      38,
      0.06498716026544571
    ],
    [
      39,
      0.06453917920589447
    ],
    [
      40,
      0.06602490693330765
    ],
    [
      41,
      0.06630250066518784
    ],
    [
      42,
      0.06429817527532578
    ],
    [
      43,
      0.06482020020484924
    ],
    [
      44,
      0.0666065365076065
    ],
    [
      45,
      0.06490136682987213
    ],
    [
      46,
      0.06423342227935791
    ],
    [
      47,
      0.06556578725576401
    ],
    [
      48,
      0.06619635969400406
    ],
    [
      49,
      0.06519205868244171
    ],
    [
      50,
      0.06466803699731827
    ],
    [
      51,
      0.06472823023796082
    ],
    [
      52,
      0.0651780515909195
    ],
    [
      53,
      0.0646393746137619
    ],
    [
      54,
      0.06513524055480957
    ],
    [
      55,
      0.06637673079967499
    ],
    [
      56,
      0.06514914333820343
    ],
    [
      57,
      0.06538312882184982
    ],
    [
      58,
      0.06648283451795578
    ],
    [
      59,
      0.06439270824193954
    ],
    [
      60,
      0.06488794833421707
    ],
    [
      61,
      0.06546530872583389
    ],
    [
      62,
      0.06539949774742126
    ],
    [
      63,
      0.06678470969200134
    ],
    [
      64,
      0.06550201773643494
    ],
    [
      65,
      0.0638970285654068
    ],
    [
      66,
      0.06621186435222626
    ],
    [
      67,
      0.06499596685171127
    ],
    [
      68,
      0.06522663682699203
    ],
    [
      69,
      0.06742236763238907
    ],
    [
      70,
      0.06420939415693283
    ],
    [
      71,
      0.06472805142402649
    ],
    [
      72,
      0.06533245742321014
    ],
    [
      73,
      0.06586606055498123
    ],
    [
      74,
      0.0650649219751358
    ],
    [
      75,
      0.06407232582569122
    ],
    [
      76,
      0.06614813208580017
    ],
    [
      77,
      0.06484129279851913
    ],
    [
      78,
      0.06436501443386078
    ],
    [
      79,
      0.06649048626422882
    ],
    [
      80,
      0.0648665502667427
    ],
    [
      81,
      0.0651821419596672
    ],
    [
      82,
      0.06747177243232727
    ],
    [
      83,
      0.06552183628082275
    ],
    [
      84,
      0.06380723416805267
    ],
    [
      85,
      0.06537050008773804
    ],
    [
      86,
      0.06610044836997986
    ],
    [
      87,
      0.06491923332214355
    ],
    [
      88,
      0.06623949855566025
    ],
    [
      89,
      0.06529548764228821
    ],
    [
      90,
      0.06555797904729843
    ],
    [
      91,
      0.06446509063243866
    ],
    [
      92,
      0.06571776419878006
    ],
    [
      93,
      0.06645569950342178
    ],
    [
      94,
      0.06535350531339645
    ],
    [
      95,
      0.06484045088291168
    ],
    [
      96,
      0.06534089148044586
    ],
    [
      97,
      0.06519801169633865
    ],
    [
      98,
      0.06495802849531174
    ],
    [
      99,
      0.06609565764665604
    ],
    [
      100,
      0.06435171514749527
    ],
    [
      101,
      0.06516990065574646
    ],
    [
      102,
      0.06503685563802719
    ],
    [
      103,
      0.06584002077579498
    ],
    [
      104,
      0.06416652351617813
    ],
    [
      105,
      0.06524034589529037
    ],
    [
      106,
      0.06628403067588806
    ],
    [
      107,
      0.0655309334397316
    ],
    [
      108,
      0.06435622274875641
    ],
    [
      109,
      0.06428256630897522
    ],
    [
      110,
      0.0647483542561531
    ],
    [
      111,
      0.06601735949516296
    ],
    [
      112,
      0.06592083722352982
    ],
    [
      113,
      0.0647689551115036
    ],
    [
      114,
      0.06441318243741989
    ],
    [
      115,
      0.06541440635919571
    ],
    [
      116,
      0.0652061477303505
    ],
    [
      117,
      0.0644814744591713
    ],
    [
      118,
      0.06517384946346283
    ],
    [
      119,
      0.06495612114667892
    ],
    [
      120,
      0.06514351814985275
    ],
    [
      121,
      0.06599199771881104
    ],
    [
      122,
      0.06560689210891724
    ],
    [
      123,
      0.06468386203050613
    ],
    [
      124,
      0.06486894935369492
    ],
    [
      125,
      0.0654134750366211
    ],
    [
      126,
      0.06511124968528748
    ],
    [
      127,
      0.06532812118530273
    ],
    [
      128,
      0.06613212078809738
    ],
    [
      129,
      0.06444380432367325
    ],
    [
      130,
      0.06558746844530106
    ],
    [
      131,
      0.06558657437562943
    ],
    [
      132,
      0.06444443762302399
    ],
    [
      133,
      0.06526398658752441
    ],
    [
      134,
      0.06533712148666382
    ],
    [
      135,
      0.06495129317045212
    ],
    [
      136,
      0.06438448280096054
    ],
    [
      137,
      0.06443871557712555
    ],
    [
      138,
      0.06598127633333206
    ],
    [
      139,
      0.06419489532709122
    ],
    [
      140,
      0.06612533330917358
    ],
    [
      141,
      0.0654856488108635
    ],
    [
      142,
      0.0645485520362854
    ],
    [
      143,
      0.06550220400094986
    ],
    [
      144,
      0.06518036872148514
    ]
  ],
  "trustworthy": true,
  "hit_cap": false,
  "config": {
    "widths": [
      1
    ],
    "n_train": 1500,
    "n_test": 500,
    "lr": 0.01,
    "batch_size": 64,
    "max_epochs_cap": 1500,
    "patience": 60,
    "min_delta": 0.0001,
    "escalation": {
      "grad_clip_norm": 0.0,
      "warmup_epochs": 0,
      "init_scheme": "default",
      "normalize_inputs": false
    }
  },
  "provenance": {
    "driver": "automl_package/examples/width_wsel4.py",
    "class": "FlexibleWidthNN (automl_package/models/flexnn/width/model.py, SharedTrunkPerWidthHeadNet port)"
  }
}