{
  "toy": "hetero",
  "seed": 1,
  "width": 3,
  "arm": "ported",
  "held_out_mse": 0.04279561713337898,
  "train_mse": 0.04825655743479729,
  "held_out_trajectory": [
    [
      1,
      0.16477517783641815
    ],
    [
      2,
      0.09063900262117386
    ],
    [
      3,
      0.07581355422735214
    ],
    [
      4,
      0.07181952893733978
    ],
    [
      5,
      0.06615259498357773
    ],
    [
      6,
      0.06463345140218735
    ],
    [
      7,
      0.06354682892560959
    ],
    [
      8,
      0.06273142248392105
    ],
    [
      9,
      0.06212408095598221
    ],
    [
      10,
      0.06187188997864723
    ],
    [
      11,
      0.06153903901576996
    ],
    [
      12,
      0.06131128966808319
    ],
    [
      13,
      0.06094362959265709
    ],
    [
      14,
      0.0607934333384037
    ],
    [
      15,
      0.06085672974586487
    ],
    [
      16,
      0.060558415949344635
    ],
    [
      17,
      0.06056303158402443
    ],
    [
      18,
      0.060469746589660645
    ],
    [
      19,
      0.060344353318214417
    ],
    [
      20,
      0.06035178527235985
    ],
    [
      21,
      0.060174115002155304
    ],
    [
      22,
      0.06012555584311485
    ],
    [
      23,
      0.06008545681834221
    ],
    [
      24,
      0.05988674238324165
    ],
    [
      25,
      0.0600103959441185
    ],
    [
      26,
      0.059959184378385544
    ],
    [
      27,
      0.05975130572915077
    ],
    [
      28,
      0.05969323590397835
    ],
    [
      29,
      0.05968639254570007
    ],
    [
      30,
      0.05951691418886185
    ],
    [
      31,
      0.05941693112254143
    ],
    [
      32,
      0.0597742460668087
    ],
    [
      33,
      0.05921423062682152
    ],
    [
      34,
      0.05915682390332222
    ],
    [
      35,
      0.05899133160710335
    ],
    [
      36,
      0.058992717415094376
    ],
    [
      37,
      0.059149760752916336
    ],
    [
      38,
      0.0589878149330616
    ],
    [
      39,
      0.05888631194829941
    ],
    [
      40,
      0.05867975205183029
    ],
    [
      41,
      0.05895668640732765
    ],
    [
      42,
      0.0586632676422596
    ],
    [
      43,
      0.0585758201777935
    ],
    [
      44,
      0.05843142047524452
    ],
    [
      45,
      0.058947499841451645
    ],
    [
      46,
      0.05821334943175316
    ],
    [
      47,
      0.05814814940094948
    ],
    [
      48,
      0.057860735803842545
    ],
    [
      49,
      0.05798716843128204
    ],
    [
      50,
      0.057466670870780945
    ],
    [
      51,
      0.057350948452949524
    ],
    [
      52,
      0.05686220899224281
    ],
    [
      53,
      0.05643840879201889
    ],
    [
      54,
      0.056173890829086304
    ],
    [
      55,
      0.055773913860321045
    ],
    [
      56,
      0.05527858808636665
    ],
    [
      57,
      0.05496211349964142
    ],
    [
      58,
      0.05466407909989357
    ],
    [
      59,
      0.05426838621497154
    ],
    [
      60,
      0.05386441573500633
    ],
    [
      61,
      0.05350203812122345
    ],
    [
      62,
      0.05426132306456566
    ],
    [
      63,
      0.053171444684267044
    ],
    [
      64,
      0.05281975120306015
    ],
    [
      65,
      0.05233221873641014
    ],
    [
      66,
      0.052628982812166214
    ],
    [
      67,
      0.05216957628726959
    ],
    [
      68,
      0.05183982104063034
    ],
    [
      69,
      0.051697779446840286
    ],
    [
      70,
      0.05133354663848877
    ],
    [
      71,
      0.05140223354101181
    ],
    [
      72,
      0.05100354179739952
    ],
    [
      73,
      0.05080881714820862
    ],
    [
      74,
      0.05065802112221718
    ],
    [
      75,
      0.050867386162281036
    ],
    [
      76,
      0.05078074336051941
    ],
    [
      77,
      0.04996980354189873
    ],
    [
      78,
      0.050976913422346115
    ],
    [
      79,
      0.0502738393843174
    ],
    [
      80,
      0.04983605444431305
    ],
    [
      81,
      0.04960935562849045
    ],
    [
      82,
      0.05006564408540726
    ],
    [
      83,
      0.05026702955365181
    ],
    [
      84,
      0.04952869564294815
    ],
    [
      85,
      0.04969991371035576
    ],
    [
      86,
      0.04954897239804268
    ],
    [
      87,
      0.048936910927295685
    ],
    [
      88,
      0.049337729811668396
    ],
    [
      89,
      0.04900195449590683
    ],
    [
      90,
      0.04910006374120712
    ],
    [
      91,
      0.04889305680990219
    ],
    [
      92,
      0.04866202548146248
    ],
    [
      93,
      0.04895047843456268
    ],
    [
      94,
      0.048542097210884094
    ],
    [
      95,
      0.048859480768442154
    ],
    [
      96,
      0.04929779842495918
    ],
    [
      97,
      0.048496030271053314
    ],
    [
      98,
      0.048862259835004807
    ],
    [
      99,
      0.04851984232664108
    ],
    [
      100,
      0.048309359699487686
    ],
    [
      101,
      0.04848141223192215
    ],
    [
      102,
      0.04831796884536743
    ],
    [
      103,
      0.04850947856903076
    ],
    [
      104,
      0.04836145415902138
    ],
    [
      105,
      0.04821598157286644
    ],
    [
      106,
      0.048995137214660645
    ],
    [
      107,
      0.04808339476585388
    ],
    [
      108,
      0.0480031855404377
    ],
    [
      109,
      0.0488458089530468
    ],
    [
      110,
      0.04809731990098953
    ],
    [
      111,
      0.04815894365310669
    ],
    [
      112,
      0.048082463443279266
    ],
    [
      113,
      0.04787617549300194
    ],
    [
      114,
      0.049535736441612244
    ],
    [
      115,
      0.04789264127612114
    ],
    [
      116,
      0.04803593456745148
    ],
    [
      117,
      0.048390477895736694
    ],
    [
      118,
      0.04781194031238556
    ],
    [
      119,
      0.0480194166302681
    ],
    [
      120,
      0.04818539693951607
    ],
    [
      121,
      0.048098403960466385
    ],
    [
      122,
      0.04783296585083008
    ],
    [
      123,
      0.0480320118367672
    ],
    [
      124,
      0.04770476743578911
    ],
    [
      125,
      0.0477241650223732
    ],
    [
      126,
      0.048008475452661514
    ],
    [
      127,
      0.047809239476919174
    ],
    [
      128,
      0.04795404523611069
    ],
    [
      129,
      0.047826435416936874
    ],
    [
      130,
      0.04780113324522972
    ],
    [
      131,
      0.04781206697225571
    ],
    [
      132,
      0.047992195934057236
    ],
    [
      133,
      0.04826074466109276
    ],
    [
      134,
      0.04819124564528465
    ],
    [
      135,
      0.04758226498961449
    ],
    [
      136,
      0.04766165092587471
    ],
    [
      137,
      0.0476064458489418
    ],
    [
      138,
      0.047606442123651505
    ],
    [
      139,
      0.047629859298467636
    ],
    [
      140,
      0.0476933978497982
    ],
    [
      141,
      0.04746948927640915
    ],
    [
      142,
      0.04777899757027626
    ],
    [
      143,
      0.047364186495542526
    ],
    [
      144,
      0.047672998160123825
    ],
    [
      145,
      0.047995731234550476
    ],
    [
      146,
      0.0478174202144146
    ],
    [
      147,
      0.04742588475346565
    ],
    [
      148,
      0.04757072031497955
    ],
    [
      149,
      0.0485503226518631
    ],
    [
      150,
      0.04750769957900047
    ],
    [
      151,
      0.04742933437228203
    ],
    [
      152,
      0.04746769741177559
    ],
    [
      153,
      0.04761839658021927
    ],
    [
      154,
      0.047956738620996475
    ],
    [
      155,
      0.04890803247690201
    ],
    [
      156,
      0.04825917258858681
    ],
    [
      157,
      0.04734325408935547
    ],
    [
      158,
      0.048109378665685654
    ],
    [
