{
  "toy": "hetero",
  "seed": 2,
  "width": 3,
  "arm": "ported",
  "held_out_mse": 0.05110602453351021,
  "train_mse": 0.05064688250422478,
  "held_out_trajectory": [
    [
      1,
      0.1660384088754654
    ],
    [
      2,
      0.10013765841722488
    ],
    [
      3,
      0.07149696350097656
    ],
    [
      4,
      0.07125326991081238
    ],
    [
      5,
      0.06766285002231598
    ],
    [
      6,
      0.06339087337255478
    ],
    [
      7,
      0.06202550232410431
    ],
    [
      8,
      0.05980334430932999
    ],
    [
      9,
      0.05938660353422165
    ],
    [
      10,
      0.058207664638757706
    ],
    [
      11,
      0.05838223174214363
    ],
    [
      12,
      0.05722043290734291
    ],
    [
      13,
      0.05728280916810036
    ],
    [
      14,
      0.05607431381940842
    ],
    [
      15,
      0.055616289377212524
    ],
    [
      16,
      0.0559222474694252
    ],
    [
      17,
      0.05482663959264755
    ],
    [
      18,
      0.05504784733057022
    ],
    [
      19,
      0.05536497011780739
    ],
    [
      20,
      0.05448654294013977
    ],
    [
      21,
      0.05393863096833229
    ],
    [
      22,
      0.05411051586270332
    ],
    [
      23,
      0.05373871326446533
    ],
    [
      24,
      0.05336672440171242
    ],
    [
      25,
      0.053392600268125534
    ],
    [
      26,
      0.053265392780303955
    ],
    [
      27,
      0.053189367055892944
    ],
    [
      28,
      0.05326497182250023
    ],
    [
      29,
      0.05301715061068535
    ],
    [
      30,
      0.052481960505247116
    ],
    [
      31,
      0.052915606647729874
    ],
    [
      32,
      0.052569445222616196
    ],
    [
      33,
      0.053198833018541336
    ],
    [
      34,
      0.05278273671865463
    ],
    [
      35,
      0.05226119980216026
    ],
    [
      36,
      0.051884811371564865
    ],
    [
      37,
      0.051700104027986526
    ],
    [
      38,
      0.051695290952920914
    ],
    [
      39,
      0.05212609842419624
    ],
    [
      40,
      0.05160761997103691
    ],
    [
      41,
      0.05172717943787575
    ],
    [
      42,
      0.05163627490401268
    ],
    [
      43,
      0.051624372601509094
    ],
    [
      44,
      0.05120785906910896
    ],
    [
      45,
      0.051227353513240814
    ],
    [
      46,
      0.05125553533434868
    ],
    [
      47,
      0.05141804739832878
    ],
    [
      48,
      0.05106741562485695
    ],
    [
      49,
      0.0509762205183506
    ],
    [
      50,
      0.051139719784259796
    ],
    [
      51,
      0.05106496810913086
    ],
    [
      52,
      0.05082685500383377
    ],
    [
      53,
      0.05046206712722778
    ],
    [
      54,
      0.05031668767333031
    ],
    [
      55,
      0.05094406008720398
    ],
    [
      56,
      0.05093034356832504
    ],
    [
      57,
      0.05006996914744377
    ],
    [
      58,
      0.05041244626045227
    ],
    [
      59,
      0.0507892444729805
    ],
    [
      60,
      0.05013781040906906
    ],
    [
      61,
      0.050186771899461746
    ],
    [
      62,
      0.05075174197554588
    ],
    [
      63,
      0.04972866177558899
    ],
    [
      64,
      0.05008671432733536
    ],
    [
      65,
      0.050370603799819946
    ],
    [
      66,
      0.05004463344812393
    ],
    [
      67,
      0.05001052841544151
    ],
    [
      68,
      0.04986245930194855
    ],
    [
      69,
      0.04996870830655098
    ],
    [
      70,
      0.05043863132596016
    ],
    [
      71,
      0.04936668649315834
    ],
    [
      72,
      0.049905888736248016
    ],
    [
      73,
      0.04978805407881737
    ],
    [
      74,
      0.049954853951931
    ],
    [
      75,
      0.04988330975174904
    ],
    [
      76,
      0.04930060729384422
    ],
    [
      77,
      0.04951655864715576
    ],
    [
      78,
      0.04916159063577652
    ],
    [
      79,
      0.0493275411427021
    ],
    [
      80,
      0.049426160752773285
    ],
    [
      81,
      0.04912446811795235
    ],
    [
      82,
      0.049930471926927567
    ],
    [
      83,
      0.05009924992918968
    ],
    [
      84,
      0.04983098432421684
    ],
    [
      85,
      0.0497722402215004
    ],
    [
      86,
      0.048999857157468796
    ],
    [
      87,
      0.04875137284398079
    ],
    [
      88,
      0.0486590713262558
    ],
    [
      89,
      0.049278900027275085
    ],
    [
      90,
      0.0490388348698616
    ],
    [
      91,
      0.04905053228139877
    ],
    [
      92,
      0.04892823472619057
    ],
    [
      93,
      0.048719100654125214
    ],
    [
      94,
      0.04893333464860916
    ],
    [
      95,
      0.048880159854888916
    ],
    [
      96,
      0.04881596565246582
    ],
    [
      97,
      0.04956422001123428
    ],
    [
      98,
      0.04853324592113495
    ],
    [
      99,
      0.0491715744137764
    ],
    [
      100,
      0.04926304519176483
    ],
    [
      101,
      0.04917164519429207
    ],
    [
      102,
      0.048571694642305374
    ],
    [
      103,
      0.04910995438694954
    ],
    [
      104,
      0.048827119171619415
    ],
    [
      105,
      0.04865968972444534
    ],
    [
      106,
      0.049164220690727234
    ],
    [
      107,
      0.0482754148542881
    ],
    [
      108,
      0.049087077379226685
    ],
    [
      109,
      0.04864570125937462
    ],
    [
      110,
      0.04837901517748833
    ],
    [
      111,
      0.048709429800510406
    ],
    [
      112,
      0.0489409938454628
    ],
    [
      113,
      0.048892661929130554
    ],
    [
      114,
      0.04856586083769798
    ],
    [
      115,
      0.048190344125032425
    ],
    [
      116,
      0.048688534647226334
    ],
    [
      117,
      0.04915238544344902
    ],
    [
      118,
      0.04875243827700615
    ],
    [
      119,
      0.04859613999724388
    ],
    [
      120,
      0.048736732453107834
    ],
    [
      121,
      0.048436105251312256
    ],
    [
      122,
      0.04849688336253166
    ],
    [
      123,
      0.04828991740942001
    ],
    [
      124,
      0.04824414476752281
    ],
    [
      125,
      0.04911810904741287
    ],
    [
      126,
      0.04823986068367958
    ],
    [
      127,
      0.048257362097501755
    ],
    [
      128,
      0.048526979982852936
    ],
    [
      129,
      0.04802311584353447
    ],
    [
      130,
      0.04881498962640762
    ],
    [
      131,
      0.04872847720980644
    ],
    [
      132,
      0.048375193029642105
    ],
    [
      133,
      0.048780813813209534
    ],
    [
      134,
      0.0483136922121048
    ],
    [
      135,
      0.047952089458703995
    ],
    [
      136,
      0.048730168491601944
    ],
    [
      137,
      0.04834674671292305
    ],
    [
      138,
      0.04837866127490997
    ],
    [
      139,
      0.0482068732380867
    ],
    [
      140,
      0.04819222167134285
    ],
    [
      141,
      0.04838986322283745
    ],
    [
      142,
      0.04852958396077156
    ],
    [
      143,
      0.04808935895562172
    ],
    [
      144,
      0.04850461333990097
    ],
    [
      145,
      0.048014651983976364
    ],
    [
      146,
      0.048268262296915054
    ],
    [
      147,
      0.048268817365169525
    ],
    [
      148,
      0.04778840392827988
    ],
    [
      149,
      0.048683248460292816
    ],
    [
      150,
      0.048272836953401566
    ],
    [
      151,
      0.04913574829697609
    ],
    [
      152,
      0.0486735925078392
    ],
    [
      153,
      0.04797301068902016
    ],
    [
      154,
      0.048647768795490265
    ],
    [
      155,
      0.04832571744918823
    ],
    [
      156,
      0.048203226178884506
    ],
    [
      157,
      0.048118606209754944
    ],
    [
      158,
      0.048073749989271164
    ],
    [
