{
  "toy": "hetero",
  "seed": 1,
  "width": 1,
  "arm": "ported",
  "held_out_mse": 0.06479227542877197,
  "train_mse": 0.06870675086975098,
  "held_out_trajectory": [
    [
      1,
      0.3494925796985626
    ],
    [
      2,
      0.23474131524562836
    ],
    [
      3,
      0.15848411619663239
    ],
    [
      4,
      0.11500377953052521
    ],
    [
      5,
      0.09170358628034592
    ],
    [
      6,
      0.08007537573575974
    ],
    [
      7,
      0.07432987540960312
    ],
    [
      8,
      0.07167971134185791
    ],
    [
      9,
      0.07053186744451523
    ],
    [
      10,
      0.06999493390321732
    ],
    [
      11,
      0.0698452889919281
    ],
    [
      12,
      0.06959692388772964
    ],
    [
      13,
      0.06937751919031143
    ],
    [
      14,
      0.06920045614242554
    ],
    [
      15,
      0.06902739405632019
    ],
    [
      16,
      0.06874649226665497
    ],
    [
      17,
      0.06841658055782318
    ],
    [
      18,
      0.06815072149038315
    ],
    [
      19,
      0.06784132868051529
    ],
    [
      20,
      0.06747278571128845
    ],
    [
      21,
      0.06696754693984985
    ],
    [
      22,
      0.06625308841466904
    ],
    [
      23,
      0.06525958329439163
    ],
    [
      24,
      0.06382271647453308
    ],
    [
      25,
      0.06266222149133682
    ],
    [
      26,
      0.062302570790052414
    ],
    [
      27,
      0.06208323314785957
    ],
    [
      28,
      0.06174837052822113
    ],
    [
      29,
      0.06168355420231819
    ],
    [
      30,
      0.06151944026350975
    ],
    [
      31,
      0.061526380479335785
    ],
    [
      32,
      0.06132994219660759
    ],
    [
      33,
      0.06154218688607216
    ],
    [
      34,
      0.06129014864563942
    ],
    [
      35,
      0.0613732784986496
    ],
    [
      36,
      0.06124822795391083
    ],
    [
      37,
      0.06131882965564728
    ],
    [
      38,
      0.06123294308781624
    ],
    [
      39,
      0.0613304078578949
    ],
    [
      40,
      0.061229247599840164
    ],
    [
      41,
      0.06124323979020119
    ],
    [
      42,
      0.061245061457157135
    ],
    [
      43,
      0.061254121363162994
    ],
    [
      44,
      0.06129883974790573
    ],
    [
      45,
      0.061253275722265244
    ],
    [
      46,
      0.06122668460011482
    ],
    [
      47,
      0.06121666729450226
    ],
    [
      48,
      0.061200179159641266
    ],
    [
      49,
      0.06127822771668434
    ],
    [
      50,
      0.06121005490422249
    ],
    [
      51,
      0.061238691210746765
    ],
    [
      52,
      0.0612112432718277
    ],
    [
      53,
      0.06128718703985214
    ],
    [
      54,
      0.061240170150995255
    ],
    [
      55,
      0.0612366683781147
    ],
    [
      56,
      0.06134159862995148
    ],
    [
      57,
      0.061229974031448364
    ],
    [
      58,
      0.06122157350182533
    ],
    [
      59,
      0.06124519184231758
    ],
    [
      60,
      0.061262696981430054
    ],
    [
      61,
      0.06128410995006561
    ],
    [
      62,
      0.06131214275956154
    ],
    [
      63,
      0.061220843344926834
    ],
    [
      64,
      0.061289913952350616
    ],
    [
      65,
      0.06126374006271362
    ],
    [
      66,
      0.0613611601293087
    ],
    [
      67,
      0.06126847490668297
    ],
    [
      68,
      0.06124464049935341
    ],
    [
      69,
      0.061280544847249985
    ],
    [
      70,
      0.061189599335193634
    ],
    [
      71,
      0.06121876463294029
    ],
    [
      72,
      0.06134747713804245
    ],
    [
      73,
      0.06118709594011307
    ],
    [
      74,
      0.06124146282672882
    ],
    [
      75,
      0.06137120723724365
    ],
    [
      76,
      0.06122378632426262
    ],
    [
      77,
      0.06121576204895973
    ],
    [
      78,
      0.061273619532585144
    ],
    [
      79,
      0.061194706708192825
    ],
    [
      80,
      0.06124866008758545
    ],
    [
      81,
      0.06121133267879486
    ],
    [
      82,
      0.061303865164518356
    ],
    [
      83,
      0.061225853860378265
    ],
    [
      84,
      0.06131579726934433
    ],
    [
      85,
      0.061273518949747086
    ],
    [
      86,
      0.06134045869112015
    ],
    [
      87,
      0.06122822314500809
    ],
    [
      88,
      0.06134822219610214
    ],
    [
      89,
      0.06162113696336746
    ],
    [
      90,
      0.061168987303972244
    ],
    [
      91,
      0.06138210371136665
    ],
    [
      92,
      0.061207421123981476
    ],
    [
      93,
      0.06131438538432121
    ],
    [
      94,
      0.06123671680688858
    ],
    [
      95,
      0.06125255674123764
    ],
    [
      96,
      0.061260923743247986
    ],
    [
      97,
      0.06123162433505058
    ],
    [
      98,
      0.061245147138834
    ],
    [
      99,
      0.061279118061065674
    ],
    [
      100,
      0.061295390129089355
    ],
    [
      101,
      0.061373721808195114
    ],
    [
      102,
      0.06123066693544388
    ],
    [
      103,
      0.06131439283490181
    ],
    [
      104,
      0.06129936873912811
    ],
    [
      105,
      0.06121758744120598
    ],
    [
      106,
      0.0612899586558342
    ],
    [
      107,
      0.06127440929412842
    ],
    [
      108,
      0.06119144335389137
    ],
    [
      109,
      0.061356283724308014
    ],
    [
      110,
      0.06126975268125534
    ],
    [
      111,
      0.06123228743672371
    ],
    [
      112,
      0.06150084733963013
    ],
    [
      113,
      0.06123512238264084
    ],
    [
      114,
      0.061270199716091156
    ],
    [
      115,
      0.06119077652692795
    ],
    [
      116,
      0.061246369034051895
    ],
    [
      117,
      0.06129201129078865
    ],
    [
      118,
      0.06118635833263397
    ],
    [
      119,
      0.06126384809613228
    ],
    [
      120,
      0.061490632593631744
    ],
    [
      121,
      0.061328355222940445
    ],
    [
      122,
      0.061471886932849884
    ],
    [
      123,
      0.06124640256166458
    ],
    [
      124,
      0.06122267246246338
    ],
    [
      125,
      0.06127115339040756
    ],
    [
      126,
      0.06117873638868332
    ],
    [
      127,
      0.061253421008586884
    ],
    [
      128,
      0.061203956604003906
    ],
    [
      129,
      0.06127375364303589
    ],
    [
      130,
      0.06123059615492821
    ],
    [
      131,
      0.061335258185863495
    ],
    [
      132,
      0.06145689636468887
    ],
    [
      133,
      0.06126374378800392
    ],
    [
      134,
      0.061516761779785156
    ],
    [
      135,
      0.061271846294403076
    ],
    [
      136,
      0.061156462877988815
    ],
    [
      137,
      0.061432067304849625
    ],
    [
      138,
      0.06134035065770149
    ],
    [
      139,
      0.06116972491145134
    ],
    [
      140,
      0.061209775507450104
    ],
    [
      141,
      0.06126004084944725
    ],
    [
      142,
      0.061363447457551956
    ],
    [
      143,
      0.0612478069961071
    ],
    [
      144,
      0.06124638766050339
    ],
    [
      145,
      0.06133424863219261
    ],
    [
      146,
      0.06120401993393898
    ],
    [
      147,
      0.06120770052075386
    ],
    [
      148,
      0.06131672486662865
    ],
    [
      149,
      0.06131422519683838
    ],
    [
      150,
      0.0611860416829586
    ],
    [
      151,
      0.06126047670841217
    ],
    [
      152,
      0.0613325871527195
    ],
    [
      153,
      0.061238083988428116
    ],
    [
      154,
      0.06128111481666565
    ],
    [
      155,
      0.061174176633358
    ],
    [
      156,
      0.06124848127365112
    ],
    [
      157,
      0.06144510209560394
    ],
    [
      158,
      0.06126170605421066
    ],
    [
