{
  "toy": "hetero",
  "seed": 0,
  "width": 2,
  "arm": "ported",
  "held_out_mse": 0.05000528320670128,
  "train_mse": 0.04585583508014679,
  "held_out_trajectory": [
    [
      1,
      0.09949876368045807
    ],
    [
      2,
      0.08974297344684601
    ],
    [
      3,
      0.08838574588298798
    ],
    [
      4,
      0.08432421833276749
    ],
    [
      5,
      0.08151143044233322
    ],
    [
      6,
      0.07968571782112122
    ],
    [
      7,
      0.0781487300992012
    ],
    [
      8,
      0.07710893452167511
    ],
    [
      9,
      0.07581920176744461
    ],
    [
      10,
      0.07469581812620163
    ],
    [
      11,
      0.07376926392316818
    ],
    [
      12,
      0.07230150699615479
    ],
    [
      13,
      0.07100968807935715
    ],
    [
      14,
      0.06998997926712036
    ],
    [
      15,
      0.06887786835432053
    ],
    [
      16,
      0.06815710663795471
    ],
    [
      17,
      0.06768081337213516
    ],
    [
      18,
      0.06727714836597443
    ],
    [
      19,
      0.06696981936693192
    ],
    [
      20,
      0.06678007543087006
    ],
    [
      21,
      0.06647062301635742
    ],
    [
      22,
      0.06646259874105453
    ],
    [
      23,
      0.06602725386619568
    ],
    [
      24,
      0.06571447104215622
    ],
    [
      25,
      0.06555265933275223
    ],
    [
      26,
      0.06527328491210938
    ],
    [
      27,
      0.06503459811210632
    ],
    [
      28,
      0.06477991491556168
    ],
    [
      29,
      0.06455319374799728
    ],
    [
      30,
      0.06427359580993652
    ],
    [
      31,
      0.06402789801359177
    ],
    [
      32,
      0.06374207139015198
    ],
    [
      33,
      0.06386131793260574
    ],
    [
      34,
      0.06342485547065735
    ],
    [
      35,
      0.0632062703371048
    ],
    [
      36,
      0.06281983107328415
    ],
    [
      37,
      0.06197364255785942
    ],
    [
      38,
      0.060920704156160355
    ],
    [
      39,
      0.060386430472135544
    ],
    [
      40,
      0.06005003675818443
    ],
    [
      41,
      0.05969332531094551
    ],
    [
      42,
      0.059096165001392365
    ],
    [
      43,
      0.05870732665061951
    ],
    [
      44,
      0.058239758014678955
    ],
    [
      45,
      0.057838279753923416
    ],
    [
      46,
      0.0577552355825901
    ],
    [
      47,
      0.05729890987277031
    ],
    [
      48,
      0.05713195726275444
    ],
    [
      49,
      0.057048454880714417
    ],
    [
      50,
      0.05659107118844986
    ],
    [
      51,
      0.05620168149471283
    ],
    [
      52,
      0.056070562452077866
    ],
    [
      53,
      0.05575435608625412
    ],
    [
      54,
      0.05567692965269089
    ],
    [
      55,
      0.05564073100686073
    ],
    [
      56,
      0.05509977415204048
    ],
    [
      57,
      0.054909154772758484
    ],
    [
      58,
      0.05465688556432724
    ],
    [
      59,
      0.054463330656290054
    ],
    [
      60,
      0.05429032817482948
    ],
    [
      61,
      0.054129619151353836
    ],
    [
      62,
      0.054100360721349716
    ],
    [
      63,
      0.05406583845615387
    ],
    [
      64,
      0.05380059406161308
    ],
    [
      65,
      0.05381980910897255
    ],
    [
      66,
      0.053442440927028656
    ],
    [
      67,
      0.05344479903578758
    ],
    [
      68,
      0.053371917456388474
    ],
    [
      69,
      0.05310259014368057
    ],
    [
      70,
      0.05311901122331619
    ],
    [
      71,
      0.05283738672733307
    ],
    [
      72,
      0.05300052836537361
    ],
    [
      73,
      0.053353067487478256
    ],
    [
      74,
      0.053067415952682495
    ],
    [
      75,
      0.05303601548075676
    ],
    [
      76,
      0.05292171612381935
    ],
    [
      77,
      0.05250699445605278
    ],
    [
      78,
      0.052950356155633926
    ],
    [
      79,
      0.05247829481959343
    ],
    [
      80,
      0.05259387195110321
    ],
    [
      81,
      0.05226123332977295
    ],
    [
      82,
      0.052331842482089996
    ],
    [
      83,
      0.05234990268945694
    ],
    [
      84,
      0.05219945311546326
    ],
    [
      85,
      0.05208222568035126
    ],
    [
      86,
      0.052221354097127914
    ],
    [
      87,
      0.05199179798364639
    ],
    [
      88,
      0.05201532691717148
    ],
    [
      89,
      0.052113279700279236
    ],
    [
      90,
      0.052140310406684875
    ],
    [
      91,
      0.052001096308231354
    ],
    [
      92,
      0.05190904065966606
    ],
    [
      93,
      0.05181759223341942
    ],
    [
      94,
      0.052101124078035355
    ],
    [
      95,
      0.052101925015449524
    ],
    [
      96,
      0.05200495198369026
    ],
    [
      97,
      0.05198268964886665
    ],
    [
      98,
      0.05173887684941292
    ],
    [
      99,
      0.05165333300828934
    ],
    [
      100,
      0.0520225428044796
    ],
    [
      101,
      0.051918793469667435
    ],
    [
      102,
      0.05180804058909416
    ],
    [
      103,
      0.051997795701026917
    ],
    [
      104,
      0.05174988880753517
    ],
    [
      105,
      0.05174115672707558
    ],
    [
      106,
      0.05203727260231972
    ],
    [
      107,
      0.05173468217253685
    ],
    [
      108,
      0.05190172791481018
    ],
    [
      109,
      0.051787737756967545
    ],
    [
      110,
      0.05164992809295654
    ],
    [
      111,
      0.0516381673514843
    ],
    [
      112,
      0.05168929323554039
    ],
    [
      113,
      0.052040621638298035
    ],
    [
      114,
      0.05156397446990013
    ],
    [
      115,
      0.05160321667790413
    ],
    [
      116,
      0.05169287323951721
    ],
    [
      117,
      0.05180605873465538
    ],
    [
      118,
      0.05194569751620293
    ],
    [
      119,
      0.05202709138393402
    ],
    [
      120,
      0.05173623561859131
    ],
    [
      121,
      0.051912277936935425
    ],
    [
      122,
      0.05162079259753227
    ],
    [
      123,
      0.05162526294589043
    ],
    [
      124,
      0.052125729620456696
    ],
    [
      125,
      0.05156685411930084
    ],
    [
      126,
      0.05176716670393944
    ],
    [
      127,
      0.05152445659041405
    ],
    [
      128,
      0.05157700553536415
    ],
    [
      129,
      0.05161832645535469
    ],
    [
      130,
      0.05155622586607933
    ],
    [
      131,
      0.05165879428386688
    ],
    [
      132,
      0.05203188583254814
    ],
    [
      133,
      0.05215959623456001
    ],
    [
      134,
      0.0519072487950325
    ],
    [
      135,
      0.0516500361263752
    ],
    [
      136,
      0.05148719251155853
    ],
    [
      137,
      0.05175553262233734
    ],
    [
      138,
      0.05183374881744385
    ],
    [
      139,
      0.05179600417613983
    ],
    [
      140,
      0.0516776442527771
    ],
    [
      141,
      0.051547519862651825
    ],
    [
      142,
      0.051598526537418365
    ],
    [
      143,
      0.05187934264540672
    ],
    [
      144,
      0.05158837512135506
    ],
    [
      145,
      0.05156620964407921
    ],
    [
      146,
      0.051640089601278305
    ],
    [
      147,
      0.05162815749645233
    ],
    [
      148,
      0.05152397230267525
    ],
    [
      149,
      0.051478032022714615
    ],
    [
      150,
      0.05163748562335968
    ],
    [
      151,
      0.05170337110757828
    ],
    [
      152,
      0.05159630626440048
    ],
    [
      153,
      0.051801905035972595
    ],
    [
      154,
      0.051785971969366074
    ],
    [
      155,
      0.051797691732645035
    ],
    [
      156,
      0.051893267780542374
    ],
    [
      157,
      0.05243708938360214
    ],
    [
      158,
      0.05168650299310684
    ],
    [
