{
  "task": "P8",
  "toy": "heteroscedastic",
  "lambda": 0.01,
  "seed": 101,
  "n_samples": 1000,
  "k_grid": [
    5,
    8,
    10,
    12
  ],
  "n_epochs_cap": 100,
  "n_train": 560,
  "n_stopval": 140,
  "n_selection": 150,
  "n_report": 150,
  "selection_rule": "cheapest_within_tolerance (automl_package/utils/capacity_selection.py), 2x bootstrap SE",
  "selected_k": 5,
  "ceiling_bound": false,
  "held_out_trajectory": {
    "5": [
      2.230407238006592,
      2.2210350036621094,
      2.167330503463745,
      2.1043150424957275,
      1.9793422222137451,
      1.891598105430603,
      1.9148273468017578,
      1.8381190299987793,
      1.7086440324783325,
      1.8104453086853027,
      1.7139036655426025,
      1.6975904703140259,
      1.7059484720230103,
      1.7305285930633545,
      1.6474770307540894,
      1.6904782056808472,
      1.6253488063812256,
      1.6523642539978027,
      1.6065477132797241,
      1.6481643915176392,
      1.5980644226074219,
      1.6192560195922852,
      1.6092381477355957,
      1.5992367267608643,
      1.6106343269348145,
      1.5969427824020386,
      1.5788389444351196,
      1.6174894571304321,
      1.6296617984771729,
      1.6059380769729614,
      1.5705351829528809,
      1.604856252670288,
      1.6220937967300415,
      1.5620313882827759,
      1.6181179285049438,
      1.5619454383850098,
      1.6016310453414917,
      1.5770379304885864,
      1.6080057621002197,
      1.6557904481887817,
      1.5839049816131592,
      1.5652308464050293,
      1.6067219972610474,
      1.5453566312789917,
      1.6106802225112915,
      1.6037235260009766,
      1.5876853466033936,
      1.523726463317871,
      1.5931174755096436,
      1.549569845199585,
      1.5440629720687866,
      1.5900155305862427,
      1.6425644159317017,
      1.6432679891586304,
      1.5803453922271729,
      1.5195997953414917,
      1.5809553861618042,
      1.525508999824524,
      1.5118129253387451,
      1.5433822870254517,
      1.5039770603179932,
      1.5921378135681152,
      1.4926350116729736,
      1.6100196838378906,
      1.4719020128250122,
      1.533780574798584,
      1.4757211208343506,
      1.5328248739242554,
      1.4920120239257812,
      1.4986724853515625,
      1.5114294290542603,
      1.5889452695846558,
      1.5401663780212402,
      1.4640412330627441,
      1.6225506067276,
      1.4969367980957031,
      1.4263849258422852,
      1.479101300239563,
      1.4270374774932861,
      1.4436904191970825,
      1.4077885150909424,
      1.4391807317733765,
      1.4250723123550415,
      1.4301766157150269,
      1.4454822540283203,
      1.519655704498291,
      1.4402049779891968,
      1.4860211610794067,
      1.449190378189087,
      1.499313473701477,
      1.4413254261016846,
      1.467827558517456,
      1.3762599229812622,
      1.538419485092163,
      1.412106990814209,
      1.4467341899871826,
      1.4689706563949585,
      1.4059760570526123,
      1.478650450706482,
      1.4227731227874756
    ],
    "8": [
      2.126525640487671,
      1.9288290739059448,
      1.8472886085510254,
      1.8065276145935059,
      1.742020606994629,
      1.7117332220077515,
      1.7503266334533691,
      1.6561485528945923,
      1.6833195686340332,
      1.6743643283843994,
      1.6599127054214478,
      1.6362875699996948,
      1.6099495887756348,
      1.5877596139907837,
      1.6800462007522583,
      1.5651259422302246,
      1.5920814275741577,
      1.5827494859695435,
      1.590125322341919,
      1.548682689666748,
      1.5559210777282715,
      1.6171971559524536,
      1.5590952634811401,
      1.5035521984100342,
      1.5545135736465454,
      1.5508668422698975,
      1.484189748764038,
      1.480891466140747,
      1.510413646697998,
      1.5510485172271729,
      1.4677480459213257,
      1.440187692642212,
      1.616490125656128,
      1.4699268341064453,
      1.4722719192504883,
      1.4411159753799438,
      1.4708073139190674,
      1.386871337890625,
      1.4681330919265747,
      1.41414213180542,
      1.3814455270767212,
      1.522351622581482,
      1.4162352085113525,
      1.472041130065918,
      1.3806767463684082,
      1.3635766506195068,
      1.3770356178283691,
      1.3188666105270386,
      1.4385807514190674,
      1.3721603155136108,
      1.361171841621399,
      1.4067060947418213,
      1.3475654125213623,
      1.3736422061920166,
      1.3379874229431152,
      1.3556815385818481,
      1.375771164894104,
      1.3487510681152344,
      1.3533117771148682,
      1.385460376739502,
      1.341196060180664,
      1.3397587537765503,
      1.35391104221344
    ],
    "10": [
      1.9749650955200195,
      1.67668616771698,
      1.7747935056686401,
      1.6459864377975464,
      1.6587085723876953,
      1.5960462093353271,
      1.5398356914520264,
      1.533056378364563,
      1.53902268409729,
      1.59617018699646,
      1.585728406906128,
      1.5394021272659302,
      1.4915586709976196,
      1.5310178995132446,
      1.5467033386230469,
      1.5685328245162964,
      1.5088424682617188,
      1.5180665254592896,
      1.5269005298614502,
      1.5213322639465332,
      1.483176589012146,
      1.475831389427185,
      1.4936338663101196,
      1.4976674318313599,
      1.5984246730804443,
      1.4585542678833008,
      1.5707505941390991,
      1.535271167755127,
      1.503398060798645,
      1.483472466468811,
      1.4612321853637695,
      1.445982575416565,
      1.4808930158615112,
      1.4970306158065796,
      1.4670603275299072,
      1.4801459312438965,
      1.4423083066940308,
      1.5241854190826416,
      1.4621347188949585,
      1.4633370637893677,
      1.4293346405029297,
      1.4731138944625854,
      1.462234616279602,
      1.526028037071228,
      1.4623078107833862,
      1.5046557188034058,
      1.4594722986221313,
      1.4316637516021729,
      1.4243979454040527,
      1.4383832216262817,
      1.4277257919311523,
      1.4038318395614624,
      1.4807164669036865,
      1.4881633520126343,
      1.4440003633499146,
      1.4343777894973755,
      1.4358463287353516,
      1.450931429862976,
      1.3904705047607422,
      1.443028450012207,
      1.5401129722595215,
      1.4147887229919434,
      1.5102365016937256,
      1.4645328521728516,
      1.3936221599578857,
      1.434823751449585,
      1.4400399923324585,
      1.4779212474822998,
      1.428382158279419,
      1.3980401754379272,
      1.3795127868652344,
      1.3823577165603638,
      1.3867076635360718,
      1.3856078386306763,
      1.4130008220672607,
      1.3635624647140503,
      1.4013532400131226,
      1.3878252506256104,
      1.4448391199111938,
      1.352038860321045,
      1.386695384979248,
      1.3543437719345093,
      1.346297025680542,
      1.3934223651885986,
      1.4911303520202637,
      1.34207022190094,
      1.3939456939697266,
      1.3845375776290894,
      1.3933990001678467,
      1.4211302995681763,
      1.4135669469833374,
      1.423567533493042,
      1.3597520589828491,
      1.3527883291244507,
      1.3658360242843628,
      1.4204825162887573,
      1.4107112884521484,
      1.3713645935058594,
      1.3234782218933105,
      1.3487027883529663
    ],