{
  "task": "P8",
  "toy": "heteroscedastic",
  "lambda": 0.0,
  "seed": 101,
  "n_samples": 1000,
  "k_grid": [
    5,
    8,
    10,
    12
  ],
  "n_epochs_cap": 100,
  "n_train": 560,
  "n_stopval": 140,
  "n_selection": 150,
  "n_report": 150,
  "selection_rule": "cheapest_within_tolerance (automl_package/utils/capacity_selection.py), 2x bootstrap SE",
  "selected_k": 5,
  "ceiling_bound": false,
  "held_out_trajectory": {
    "5": [
      2.2307662963867188,
      2.2216567993164062,
      2.1675405502319336,
      2.1048457622528076,
      1.9775898456573486,
      1.8920748233795166,
      1.9067022800445557,
      1.8388479948043823,
      1.698613166809082,
      1.8110750913619995,
      1.719706416130066,
      1.6997785568237305,
      1.7078911066055298,
      1.7406035661697388,
      1.6521854400634766,
      1.698568344116211,
      1.634286880493164,
      1.6774333715438843,
      1.6136854887008667,
      1.6129963397979736,
      1.5921432971954346,
      1.5980846881866455,
      1.6366342306137085,
      1.5979845523834229,
      1.618009090423584,
      1.595932960510254,
      1.6009796857833862,
      1.620887279510498,
      1.5925742387771606,
      1.6108218431472778,
      1.5579732656478882,
      1.5183491706848145,
      1.5693014860153198,
      1.4966282844543457,
      1.647472620010376,
      1.5087478160858154,
      1.5695018768310547,
      1.5019593238830566,
      1.5235577821731567,
      1.6518316268920898,
      1.619057297706604,
      1.4923564195632935,
      1.516970157623291,
      1.4961587190628052,
      1.484373927116394,
      1.5026476383209229,
      1.4887442588806152,
      1.4423596858978271,
      1.4872937202453613,
      1.4741606712341309,
      1.4903388023376465,
      1.4769790172576904,
      1.4318434000015259,
      1.5619312524795532,
      1.4255515336990356,
      1.4595288038253784,
      1.5170979499816895,
      1.4514321088790894,
      1.4269473552703857,
      1.4652416706085205,
      1.4099992513656616,
      1.5231211185455322,
      1.4295400381088257,
      1.4811077117919922,
      1.4410889148712158,
      1.4592446088790894,
      1.39181387424469,
      1.4694232940673828,
      1.3935073614120483,
      1.4936381578445435,
      1.4628175497055054,
      1.4530082941055298,
      1.499807596206665,
      1.4239393472671509,
      1.5311188697814941,
      1.4232579469680786,
      1.4079252481460571,
      1.4195116758346558,
      1.419706106185913,
      1.4397881031036377,
      1.3926575183868408,
      1.4581283330917358
    ],
    "8": [
      2.1271238327026367,
      1.928963303565979,
      1.8464542627334595,
      1.8056795597076416,
      1.7406758069992065,
      1.7106142044067383,
      1.7514336109161377,
      1.6532771587371826,
      1.6826045513153076,
      1.6762419939041138,
      1.6706016063690186,
      1.6428073644638062,
      1.6025876998901367,
      1.5882900953292847,
      1.6726430654525757,
      1.5649961233139038,
      1.5902527570724487,
      1.5932189226150513,
      1.5977522134780884,
      1.541897177696228,
      1.5677517652511597,
      1.60526442527771,
      1.542928695678711,
      1.48579740524292,
      1.513405442237854,
      1.5749489068984985,
      1.4904366731643677,
      1.475842833518982,
      1.5048900842666626,
      1.7042710781097412,
      1.524397850036621,
      1.519156813621521,
      1.5016621351242065,
      1.6218878030776978,
      1.418453574180603,
      1.4169750213623047,
      1.5393900871276855,
      1.3682427406311035,
      1.4984067678451538,
      1.4858368635177612,
      1.3965431451797485,
      1.5264314413070679,
      1.4116343259811401,
      1.4063221216201782,
      1.437174916267395,
      1.38409423828125,
      1.3869818449020386,
      1.3364657163619995,
      1.408262848854065,
      1.4412671327590942,
      1.4001163244247437,
      1.3799591064453125,
      1.4058500528335571,
      1.3799721002578735,
      1.332829236984253,
      1.346543788909912,
      1.3197126388549805,
      1.3378307819366455,
      1.366607904434204,
      1.3909556865692139,
      1.3762894868850708,
      1.355393886566162,
      1.3166749477386475,
      1.3428356647491455,
      1.3501129150390625,
      1.3332679271697998,
      1.3818632364273071,
      1.4003151655197144,
      1.3517556190490723,
      1.358529806137085,
      1.3403503894805908,
      1.351072072982788,
      1.3460731506347656,
      1.3268777132034302,
      1.3134886026382446,
      1.3294270038604736,
      1.3574753999710083,
      1.4421650171279907,
      1.3752455711364746,
      1.3613041639328003,
      1.346219539642334,
      1.2898988723754883,
      1.2968446016311646,
      1.3267709016799927,
      1.3147424459457397,
      1.3167728185653687,
      1.3780786991119385,
      1.3272526264190674,
      1.3562126159667969,
      1.3263903856277466,
      1.3493186235427856,
      1.3151195049285889,
      1.3273552656173706,
      1.3013297319412231,
      1.3229129314422607,
      1.3587219715118408,
      1.2882459163665771,
      1.329649567604065,
      1.355764389038086,
      1.3149449825286865
    ],
    "10": [
      1.975461721420288,
      1.6764328479766846,
      1.7779407501220703,
      1.6477077007293701,
      1.6598429679870605,
      1.594813346862793,
      1.5404161214828491,
      1.5334080457687378,
      1.5448216199874878,
      1.5917634963989258,
      1.5908572673797607,
      1.5425574779510498,
      1.4933769702911377,
      1.5325514078140259,
      1.5501272678375244,
      1.5624558925628662,
      1.5159235000610352,
      1.518545389175415,
      1.5257518291473389,
      1.5165191888809204,
      1.4866962432861328,
      1.4783941507339478,
      1.4929968118667603,
      1.499356985092163,
      1.595375657081604,
      1.463830828666687,
      1.5762991905212402,
      1.5404164791107178,
      1.502444863319397,
      1.4889031648635864,
      1.46233069896698,
      1.4460784196853638,
      1.4765008687973022,
      1.4944616556167603,
      1.465673804283142,
      1.4817302227020264,
      1.4415556192398071,
      1.5216764211654663,
      1.458869218826294,
      1.4595783948898315,
      1.4358527660369873,
      1.4722002744674683,
      1.463902235031128,
      1.5196161270141602,
      1.4775160551071167,
      1.4823929071426392,
      1.4590883255004883,
      1.4332777261734009,
      1.4143917560577393,
      1.4421786069869995,
      1.4305007457733154,
      1.4008861780166626,
      1.5235931873321533,
      1.5484635829925537,
      1.5079243183135986,
      1.431594967842102,
      1.4238656759262085,
      1.4780164957046509,
      1.473386526107788,
      1.424207329750061,
      1.4830213785171509,
      1.380228877067566,
      1.3910425901412964,
      1.4286118745803833,
      1.4050989151000977,
      1.4272997379302979,
      1.4430489540100098,
      1.4592151641845703,
      1.4299629926681519,
      1.3769636154174805,
      1.3956141471862793,
      1.385603904724121,
      1.3887063264846802,
      1.3836181163787842,
      1.4144444465637207,
      1.3792235851287842,
      1.4747687578201294,
      1.3701512813568115,
      1.423425316810608,
      1.3572381734848022,
      1.3627365827560425,
      1.380799412727356,
      1.3583790063858032,
      1.4193392992019653,
      1.4889748096466064,
      1.3503960371017456,
      1.3877185583114624,
      1.3617228269577026,
      1.4774863719940186,
      1.4191681146621704,
      1.3762946128845215,
      1.600364089012146,
      1.4302929639816284,
      1.4194198846817017,
      1.3399090766906738,
      1.3767390251159668,
      1.3697291612625122,
      1.7120487689971924,
      1.5150481462478638,
      1.4540969133377075
    ],