{
  "task": "P8",
  "toy": "heteroscedastic",
  "lambda": 0.0001,
  "seed": 100,
  "n_samples": 1000,
  "k_grid": [
    5,
    8,
    10,
    12
  ],
  "n_epochs_cap": 400,
  "n_train": 560,
  "n_stopval": 140,
  "n_selection": 150,
  "n_report": 150,
  "selection_rule": "cheapest_within_tolerance (automl_package/utils/capacity_selection.py), 2x bootstrap SE",
  "selected_k": 8,
  "ceiling_bound": false,
  "held_out_trajectory": {
    "5": [
      2.111558198928833,
      2.0118343830108643,
      1.9790799617767334,
      1.9231665134429932,
      1.8917595148086548,
      1.779628038406372,
      1.7125812768936157,
      1.6027752161026,
      1.5930925607681274,
      1.5805400609970093,
      1.6167851686477661,
      1.5624455213546753,
      1.5271556377410889,
      1.5899815559387207,
      1.5372370481491089,
      1.604608178138733,
      1.5439653396606445,
      1.5981281995773315,
      1.5394773483276367,
      1.5622094869613647,
      1.5468857288360596,
      1.6107288599014282,
      1.5813138484954834,
      1.6307908296585083,
      1.5468000173568726,
      1.5330274105072021,
      1.5247507095336914,
      1.5127835273742676,
      1.6022332906723022,
      1.600429892539978,
      1.5375502109527588,
      1.5310014486312866,
      1.52269446849823,
      1.5516659021377563,
      1.619296669960022,
      1.5112794637680054,
      1.5684804916381836,
      1.5506627559661865,
      1.5382804870605469,
      1.6310527324676514,
      1.5225712060928345,
      1.5288350582122803,
      1.5310819149017334,
      1.5862640142440796,
      1.6001288890838623,
      1.5660862922668457,
      1.5533181428909302,
      1.6425015926361084,
      1.5784105062484741,
      1.5077121257781982,
      1.558506965637207,
      1.5060901641845703,
      1.5723216533660889,
      1.5337603092193604,
      1.5565648078918457,
      1.5378371477127075,
      1.5498894453048706,
      1.542418122291565,
      1.5337644815444946,
      1.4679189920425415,
      1.4860371351242065,
      1.5270497798919678,
      1.5700199604034424,
      1.5494507551193237,
      1.5111970901489258,
      1.5131973028182983,
      1.5276587009429932,
      1.4836214780807495,
      1.4849859476089478,
      1.5667527914047241,
      1.5873609781265259,
      1.4959423542022705,
      1.513612985610962,
      1.6052271127700806,
      1.537131667137146
    ],
    "8": [
      2.209294080734253,
      2.0256919860839844,
      1.9345872402191162,
      1.8788354396820068,
      1.8255841732025146,
      1.7912322282791138,
      1.745772123336792,
      1.7164119482040405,
      1.727359652519226,
      1.724486231803894,
      1.6507115364074707,
      1.6935962438583374,
      1.6341567039489746,
      1.6319246292114258,
      1.6479662656784058,
      1.615028977394104,
      1.687010645866394,
      1.6025160551071167,
      1.5851995944976807,
      1.5604969263076782,
      1.6321988105773926,
      1.559767723083496,
      1.7593110799789429,
      1.5718706846237183,
      1.6203793287277222,
      1.6065473556518555,
      1.5512934923171997,
      1.5394749641418457,
      1.5404386520385742,
      1.6325749158859253,
      1.511096715927124,
      1.5798490047454834,
      1.5346524715423584,
      1.5355802774429321,
      1.5211167335510254,
      1.544303297996521,
      1.467677354812622,
      1.5003337860107422,
      1.653411865234375,
      1.5428093671798706,
      1.4883819818496704,
      1.453456997871399,
      1.4868355989456177,
      1.5118924379348755,
      1.4879869222640991,
      1.4539999961853027,
      1.5010641813278198,
      1.4494811296463013,
      1.5979937314987183,
      1.4801157712936401,
      1.5053942203521729,
      1.4697225093841553,
      1.4299713373184204,
      1.4585551023483276,
      1.5089879035949707,
      1.4092458486557007,
      1.5606988668441772,
      1.5558357238769531,
      1.523192286491394,
      1.4295974969863892,
      1.436530351638794,
      1.4112375974655151,
      1.4777055978775024,
      1.4236310720443726,
      1.5260953903198242,
      1.4791004657745361,
      1.4232486486434937,
      1.435118556022644,
      1.4026515483856201,
      1.5231964588165283,
      1.3971257209777832,
      1.4767272472381592,
      1.64265775680542,
      1.5713727474212646,
      1.43767249584198,
      1.4083608388900757,
      1.4195524454116821,
      1.4535717964172363,
      1.361176609992981,
      1.404774785041809,
      1.3834232091903687,
      1.4922019243240356,
      1.452677845954895,
      1.58912992477417,
      1.722176194190979,
      1.591666579246521,
      1.5851242542266846,
      1.4141979217529297,
      1.4559118747711182,
      1.4671778678894043,
      1.3540023565292358,
      1.3859148025512695,
      1.3530901670455933,
      1.4724617004394531,
      1.3792332410812378,
      1.4408016204833984,
      1.3573129177093506,
      1.4162863492965698,
      1.4635810852050781,
      1.4350738525390625,
      1.3392963409423828,
      1.4379640817642212,
      1.3673458099365234,
      1.3714994192123413,
      1.3334860801696777,
      1.376388669013977,
      1.412268877029419,
      1.306494951248169,
      1.390634298324585,
      1.492760181427002,
      1.3462930917739868,
      1.4284557104110718,
      1.330949068069458,
      1.331917643547058,
      1.3145885467529297,
      1.356833577156067,
      1.4399679899215698,
      1.3250863552093506,
      1.3877931833267212,
      1.5168670415878296,
      1.3787833452224731,
      1.3340269327163696,
      1.3504951000213623
    ],