{
  "task": "P8",
  "toy": "heteroscedastic",
  "lambda": 0.01,
  "seed": 100,
  "n_samples": 1000,
  "k_grid": [
    5,
    8,
    10,
    12,
    20
  ],
  "n_epochs_cap": 100,
  "n_train": 560,
  "n_stopval": 140,
  "n_selection": 150,
  "n_report": 150,
  "selection_rule": "cheapest_within_tolerance (automl_package/utils/capacity_selection.py), 2x bootstrap SE",
  "selected_k": 12,
  "ceiling_bound": false,
  "held_out_trajectory": {
    "5": [
      2.11163330078125,
      2.011726140975952,
      1.979377269744873,
      1.923744797706604,
      1.893971562385559,
      1.7917020320892334,
      1.7215553522109985,
      1.6118658781051636,
      1.5918315649032593,
      1.5780951976776123,
      1.602868676185608,
      1.5670366287231445,
      1.5273422002792358,
      1.581092357635498,
      1.5358589887619019,
      1.6027805805206299,
      1.54496431350708,
      1.6059825420379639,
      1.5373197793960571,
      1.5596932172775269,
      1.5460121631622314,
      1.614737868309021,
      1.5742316246032715,
      1.6131565570831299,
      1.5479120016098022,
      1.5327943563461304,
      1.5208921432495117,
      1.5135389566421509,
      1.597900629043579,
      1.597230076789856,
      1.5411688089370728,
      1.533565878868103,
      1.5234988927841187,
      1.5461859703063965,
      1.6101733446121216,
      1.5152980089187622,
      1.5736584663391113,
      1.552641749382019,
      1.5383358001708984,
      1.6268278360366821,
      1.5242466926574707,
      1.5471001863479614,
      1.52436101436615
    ],
    "8": [
      2.209529161453247,
      2.026883602142334,
      1.9360747337341309,
      1.8804833889007568,
      1.8275820016860962,
      1.7933571338653564,
      1.747232437133789,
      1.7175840139389038,
      1.7227452993392944,
      1.7250856161117554,
      1.6540054082870483,
      1.6956002712249756,
      1.6324148178100586,
      1.6634129285812378,
      1.6148301362991333,
      1.6090141534805298,
      1.6363716125488281,
      1.5766737461090088,
      1.6308501958847046,
      1.5796995162963867,
      1.6092753410339355,
      1.5659085512161255,
      1.6301683187484741,
      1.595593810081482,
      1.6230372190475464,
      1.637412428855896,
      1.5967751741409302,
      1.6117314100265503,
      1.537298560142517,
      1.565360188484192,
      1.536887526512146,
      1.5003215074539185,
      1.5367661714553833,
      1.5670406818389893,
      1.5242109298706055,
      1.5060240030288696,
      1.4737950563430786,
      1.5005346536636353,
      1.4901856184005737,
      1.4887043237686157,
      1.4743623733520508,
      1.4389256238937378,
      1.5683786869049072,
      1.5503501892089844,
      1.494861364364624,
      1.5068061351776123,
      1.5233073234558105,
      1.4633322954177856,
      1.4796000719070435,
      1.4592788219451904,
      1.461545467376709,
      1.5995532274246216,
      1.5403658151626587,
      1.4842811822891235,
      1.4732344150543213,
      1.4056779146194458,
      1.6375348567962646,
      1.5278851985931396,
      1.585805892944336,
      1.4201927185058594,
      1.4269542694091797,
      1.3864778280258179,
      1.419248104095459,
      1.404707908630371,
      1.7705130577087402,
      1.5789625644683838,
      1.4693838357925415,
      1.4716485738754272,
      1.3898078203201294,
      1.4906933307647705,
      1.397933840751648,
      1.4361289739608765,
      1.6501195430755615,
      1.57040536403656,
      1.4400262832641602,
      1.5132759809494019,
      1.406911849975586
    ],
    "10": [
      1.8855222463607788,
      1.8225898742675781,
      1.792859673500061,
      1.6608202457427979,
      1.6796411275863647,
      1.6204184293746948,
      1.5917357206344604,
      1.572671890258789,
      1.5526505708694458,
      1.5486506223678589,
      1.545560359954834,
      1.6868205070495605,
      1.5952719449996948,
      1.5786274671554565,
      1.5771292448043823,
      1.583915114402771,
      1.551576852798462,
      1.5137192010879517,
      1.6164586544036865,
      1.5494556427001953,
      1.5071204900741577,
      1.4995924234390259,
      1.5660172700881958,
      1.5255759954452515,
      1.4937777519226074,
      1.5245710611343384,
      1.6597670316696167,
      1.5776129961013794,
      1.5402958393096924,
      1.5413771867752075,
      1.603748083114624,
      1.561777114868164,
      1.5215460062026978,
      1.5128459930419922,
      1.514344573020935,
      1.5316948890686035,
      1.5174193382263184,
      1.530523419380188,
      1.5082896947860718,
      1.5158631801605225
    ],
    "12": [
      2.355543851852417,
      2.1900787353515625,
      2.1392335891723633,
      2.089137315750122,
      2.0768580436706543,
      1.8424853086471558,
      1.967146635055542,
      1.723658800125122,
      1.74921715259552,
      1.7415502071380615,
      1.661481261253357,
      1.8304897546768188,
      1.7428865432739258,
      1.645236611366272,
      1.6199615001678467,
      1.6285423040390015,
      1.650180459022522,
      1.6334147453308105,
      1.803424596786499,
      1.6136817932128906,
      1.6366336345672607,
      1.5581680536270142,
      1.585666298866272,
      1.5634862184524536,
      1.5541287660598755,
      1.554434895515442,
      1.605714201927185,
      1.5403672456741333,
      1.5483437776565552,
      1.4673494100570679,
      1.5476162433624268,
      1.6638609170913696,
      1.7031960487365723,
      1.6003596782684326,
      1.5102866888046265,
      1.4686098098754883,
      1.4217252731323242,
      1.3742924928665161,
      1.5885041952133179,
      1.7915557622909546,
      1.6099706888198853,
      1.5637197494506836,
      1.734080195426941,
      1.6100250482559204,
      1.497661828994751,
      1.5204064846038818,
      1.3931375741958618,
      1.3588553667068481,
      1.3622394800186157,
      1.5927313566207886,
      1.4047094583511353,
      1.328765869140625,
      1.4970531463623047,
      1.3099238872528076,
      1.3500878810882568,
      1.384604811668396,
      1.3451709747314453,
      1.330339789390564,
      1.3850120306015015,
      1.3176496028900146,
      1.3431622982025146,
      1.3011846542358398,
      1.4105769395828247,
      1.3686692714691162,
      1.3363776206970215,
      1.357409954071045,
      1.3444616794586182,
      1.3302040100097656,
      1.315603256225586,
      1.3439756631851196,
      1.3500999212265015,
      1.4586762189865112,
      1.3359342813491821,
      1.3285976648330688,
      1.3157286643981934,
      1.3164094686508179,
      1.3010361194610596,
      1.315207600593567,
      1.3041605949401855,
      1.3262767791748047,
      1.338108777999878,
      1.3428338766098022,
      1.3313014507293701,
      1.3199974298477173,
      1.3020578622817993,
      1.342708945274353,
      1.4251997470855713,
      1.3549901247024536,
      1.3129240274429321,
      1.357515811920166,
      1.3248369693756104,
      1.308367133140564
    ],