{
  "task": "P8",
  "toy": "heteroscedastic",
  "lambda": 0.0,
  "seed": 100,
  "n_samples": 1000,
  "k_grid": [
    5,
    8,
    10,
    12
  ],
  "n_epochs_cap": 100,
  "n_train": 560,
  "n_stopval": 140,
  "n_selection": 150,
  "n_report": 150,
  "selection_rule": "cheapest_within_tolerance (automl_package/utils/capacity_selection.py), 2x bootstrap SE",
  "selected_k": 8,
  "ceiling_bound": false,
  "held_out_trajectory": {
    "5": [
      2.1115567684173584,
      2.011892318725586,
      1.9789271354675293,
      1.9232515096664429,
      1.891700029373169,
      1.7791920900344849,
      1.7121518850326538,
      1.603430151939392,
      1.5932544469833374,
      1.57915461063385,
      1.611504077911377,
      1.5644195079803467,
      1.5272530317306519,
      1.5917255878448486,
      1.5369625091552734,
      1.6037375926971436,
      1.5400538444519043,
      1.5973261594772339,
      1.5396426916122437,
      1.563376545906067,
      1.5448505878448486,
      1.5732707977294922,
      1.5702656507492065,
      1.5950334072113037,
      1.5397677421569824,
      1.549195647239685,
      1.5364389419555664,
      1.5044244527816772,
      1.5860202312469482,
      1.602936029434204,
      1.5220224857330322,
      1.5418484210968018,
      1.540644645690918,
      1.5449403524398804,
      1.6173871755599976,
      1.5307247638702393,
      1.5881192684173584,
      1.557184100151062,
      1.5117745399475098,
      1.6149510145187378,
      1.4996885061264038,
      1.5215095281600952,
      1.4971816539764404,
      1.5314797163009644,
      1.5287846326828003,
      1.5263547897338867,
      1.5331331491470337,
      1.6345196962356567,
      1.54208505153656,
      1.5020127296447754,
      1.515691876411438,
      1.5488152503967285,
      1.5167009830474854,
      1.4951142072677612,
      1.610449194908142,
      1.547182321548462,
      1.5411421060562134,
      1.500731348991394,
      1.5179320573806763,
      1.480067253112793,
      1.498236894607544,
      1.5032998323440552,
      1.5683379173278809,
      1.5337011814117432,
      1.5051170587539673,
      1.5247721672058105,
      1.5427862405776978,
      1.4965617656707764,
      1.5008717775344849,
      1.534927487373352,
      1.678078293800354,
      1.5092118978500366,
      1.4799643754959106,
      1.5440678596496582,
      1.5196759700775146,
      1.499450922012329,
      1.5533331632614136,
      1.497415542602539,
      1.526776671409607,
      1.518669843673706,
      1.5176401138305664,
      1.5321747064590454,
      1.5016765594482422,
      1.5515397787094116,
      1.4953901767730713,
      1.655356526374817,
      1.5932682752609253,
      1.5516886711120605
    ],
    "8": [
      2.2092926502227783,
      2.0256826877593994,
      1.9346094131469727,
      1.8788162469863892,
      1.8255292177200317,
      1.7913388013839722,
      1.7459393739700317,
      1.7163740396499634,
      1.7269927263259888,
      1.7259364128112793,
      1.650040626525879,
      1.6910377740859985,
      1.6352896690368652,
      1.6389375925064087,
      1.5975626707077026,
      1.6113998889923096,
      1.6131329536437988,
      1.6044254302978516,
      1.6185715198516846,
      1.5791822671890259,
      1.613798975944519,
      1.5839662551879883,
      1.688684105873108,
      1.5503792762756348,
      1.57161545753479,
      1.5808721780776978,
      1.6486533880233765,
      1.5766478776931763,
      1.5920416116714478,
      1.5528637170791626,
      1.512473225593567,
      1.5746054649353027,
      1.5189288854599,
      1.549932837486267,
      1.5056228637695312,
      1.4969438314437866,
      1.4688422679901123,
      1.5315415859222412,
      1.5384987592697144,
      1.5226792097091675,
      1.4470508098602295,
      1.5419883728027344,
      1.4368215799331665,
      1.49942946434021,
      1.4758800268173218,
      1.4553266763687134,
      1.475399136543274,
      1.4743738174438477,
      1.6080890893936157,
      1.4790416955947876,
      1.397761583328247,
      1.6660112142562866,
      1.471327543258667,
      1.5014026165008545,
      1.467781901359558,
      1.3926966190338135,
      1.6900352239608765,
      1.5407135486602783,
      1.5218815803527832,
      1.4093759059906006,
      1.4324885606765747,
      1.3942956924438477,
      1.4451839923858643,
      1.4067463874816895,
      1.7018074989318848,
      1.54135000705719,
      1.4395843744277954,
      1.4317163228988647,
      1.3885916471481323,
      1.6957343816757202,
      1.4529767036437988,
      1.4090441465377808,
      1.692867636680603,
      1.5595779418945312,
      1.4940837621688843,
      1.4549634456634521,
      1.3872138261795044,
      1.3866878747940063,
      1.5268914699554443,
      1.3918496370315552,
      1.4058730602264404,
      1.3917447328567505,
      1.5738577842712402,
      1.4826034307479858,
      1.4651330709457397,
      1.4420602321624756,
      1.421783208847046,
      1.3747663497924805,
      1.3826762437820435,
      1.456503987312317,
      1.512563705444336,
      1.435075044631958,
      1.3508069515228271,
      1.3879719972610474,
      1.343190312385559,
      1.3517990112304688,
      1.3486614227294922,
      1.5488617420196533,
      1.4339693784713745,
      1.414271593093872
    ],
    "10": [
      1.8857018947601318,
      1.8229434490203857,
      1.8004138469696045,
      1.6574186086654663,
      1.5779632329940796,
      1.5801817178726196,
      1.5716774463653564,
      1.5614616870880127,
      1.5497517585754395,
      1.5594260692596436,
      1.544900894165039,
      1.6765295267105103,
      1.5923136472702026,
      1.5644729137420654,
      1.567130208015442,
      1.5557501316070557,
      1.5398375988006592,
      1.5106066465377808,
      1.6093454360961914,
      1.6321051120758057,
      1.5144411325454712,
      1.4939603805541992,
      1.51518714427948,
      1.5283783674240112,
      1.4959948062896729,
      1.524598240852356,
      1.5294153690338135,
      1.5195757150650024,
      1.4753543138504028,
      1.4802141189575195,
      1.5295453071594238,
      1.6797577142715454,
      1.4946768283843994,
      1.5139065980911255,
      1.456072211265564,
      1.5757921934127808,
      1.4679763317108154,
      1.4637399911880493,
      1.4532660245895386,
      1.515414834022522,
      1.46198570728302,
      1.4394168853759766,
      1.4434285163879395,
      1.4485607147216797,
      1.4619526863098145,
      1.5020347833633423,
      1.8181178569793701,
      1.5275113582611084,
      1.4420788288116455,
      1.4617252349853516,
      1.433302402496338,
      1.4330265522003174,
      1.4803754091262817,
      1.4754689931869507,
      1.4189332723617554,
      1.409228801727295,
      1.539022445678711,
      1.5106595754623413,
      1.4151761531829834,
      1.4740350246429443,
      1.4135875701904297,
      1.4357835054397583,
      1.4527755975723267,
      1.4169937372207642,
      1.3937569856643677,
      1.4772740602493286,
      1.424497365951538,
      1.4568214416503906,
      1.3998788595199585,
      1.38720703125,
      1.4259692430496216,
      1.417620062828064,
      1.439221739768982,
      1.4716813564300537,
      1.4112091064453125,
      1.4473412036895752,
      1.3962132930755615,
      1.4594299793243408,
      1.3968050479888916,
      1.4071199893951416,
      1.4416719675064087,
      1.3960894346237183,
      1.411150574684143,
      1.420654296875,
      1.403026819229126
    ],