{
  "task": "P8",
  "toy": "heteroscedastic",
  "lambda": 0.0001,
  "seed": 101,
  "n_samples": 1000,
  "k_grid": [
    5,
    8,
    10,
    12
  ],
  "n_epochs_cap": 100,
  "n_train": 560,
  "n_stopval": 140,
  "n_selection": 150,
  "n_report": 150,
  "selection_rule": "cheapest_within_tolerance (automl_package/utils/capacity_selection.py), 2x bootstrap SE",
  "selected_k": 5,
  "ceiling_bound": false,
  "held_out_trajectory": {
    "5": [
      2.230762243270874,
      2.2216503620147705,
      2.167543411254883,
      2.104862689971924,
      1.9776426553726196,
      1.8920384645462036,
      1.9063459634780884,
      1.8387451171875,
      1.6998454332351685,
      1.8105788230895996,
      1.7199325561523438,
      1.6998704671859741,
      1.7079410552978516,
      1.7406989336013794,
      1.6521109342575073,
      1.6985111236572266,
      1.6341993808746338,
      1.6769179105758667,
      1.6141606569290161,
      1.6144185066223145,
      1.5938433408737183,
      1.5970622301101685,
      1.6325342655181885,
      1.597350835800171,
      1.626237154006958,
      1.6136300563812256,
      1.5852569341659546,
      1.6263242959976196,
      1.5873854160308838,
      1.6114275455474854,
      1.5555338859558105,
      1.5237337350845337,
      1.5692780017852783,
      1.5012062788009644,
      1.645038366317749,
      1.5454522371292114,
      1.546927809715271,
      1.529175043106079,
      1.6205335855484009,
      1.562258243560791,
      1.49827241897583,
      1.4665158987045288,
      1.5115762948989868,
      1.4501622915267944,
      1.4510141611099243,
      1.579961895942688,
      1.4920165538787842,
      1.4671854972839355,
      1.5374383926391602,
      1.4980697631835938,
      1.5199652910232544,
      1.4701311588287354,
      1.4294168949127197,
      1.509127140045166,
      1.3979182243347168,
      1.4233990907669067,
      1.561461091041565,
      1.4685570001602173,
      1.4135138988494873,
      1.4460935592651367,
      1.4210294485092163,
      1.5910931825637817,
      1.4748493432998657,
      1.5252026319503784,
      1.448303461074829,
      1.4436140060424805,
      1.3955163955688477,
      1.466317057609558,
      1.3735291957855225,
      1.4595763683319092,
      1.4474989175796509,
      1.4518847465515137,
      1.441861629486084,
      1.465476155281067,
      1.7108173370361328,
      1.4879695177078247,
      1.387001633644104,
      1.4547141790390015,
      1.4114707708358765,
      1.4299263954162598,
      1.4141197204589844,
      1.3840011358261108,
      1.3911349773406982,
      1.3628897666931152,
      1.393950343132019,
      1.5501303672790527,
      1.3921587467193604,
      1.3793038129806519,
      1.4418011903762817,
      1.4387531280517578,
      1.363580584526062,
      1.4179396629333496,
      1.4296964406967163,
      1.4897105693817139,
      1.3662359714508057,
      1.4048317670822144,
      1.3807759284973145,
      1.3437392711639404,
      1.370793342590332,
      1.4460657835006714
    ],
    "8": [
      2.12711763381958,
      1.9289617538452148,
      1.8464622497558594,
      1.8056883811950684,
      1.7406896352767944,
      1.710624098777771,
      1.7514123916625977,
      1.6532917022705078,
      1.682581901550293,
      1.6762394905090332,
      1.6706022024154663,
      1.6429023742675781,
      1.6028071641921997,
      1.5883105993270874,
      1.6725528240203857,
      1.5670305490493774,
      1.5890867710113525,
      1.5950722694396973,
      1.5996959209442139,
      1.5441336631774902,
      1.554715871810913,
      1.581272840499878,
      1.562844157218933,
      1.4898784160614014,
      1.4998804330825806,
      1.5531799793243408,
      1.5246760845184326,
      1.4938822984695435,
      1.520638108253479,
      1.4847633838653564,
      1.4577853679656982,
      1.436605453491211,
      1.5323880910873413,
      1.6437143087387085,
      1.453262209892273,
      1.399954915046692,
      1.5261363983154297,
      1.3956669569015503,
      1.4392976760864258,
      1.42939031124115,
      1.3705710172653198,
      1.5259596109390259,
      1.4604116678237915,
      1.46819007396698,
      1.3958282470703125,
      1.3605974912643433,
      1.3766319751739502,
      1.389553189277649,
      1.4876247644424438,
      1.4121344089508057,
      1.399698257446289,
      1.3773566484451294,
      1.3432745933532715,
      1.392372727394104,
      1.3465527296066284,
      1.3624986410140991,
      1.3289787769317627,
      1.3244889974594116,
      1.3763874769210815,
      1.3500961065292358,
      1.327481985092163,
      1.3454288244247437,
      1.374279260635376,
      1.330928087234497,
      1.4276307821273804,
      1.3519586324691772,
      1.4009339809417725,
      1.387173056602478,
      1.3618245124816895,
      1.3390965461730957,
      1.3009828329086304,
      1.3480050563812256,
      1.3405275344848633,
      1.3467004299163818,
      1.3433198928833008,
      1.3599817752838135,
      1.412988543510437,
      1.558499813079834,
      1.4230079650878906,
      1.3725966215133667,
      1.3776836395263672,
      1.3585262298583984,
      1.3014614582061768,
      1.3728450536727905,
      1.3648141622543335,
      1.2947540283203125,
      1.4926607608795166,
      1.412286400794983,
      1.3638688325881958,
      1.3398702144622803,
      1.3176203966140747,
      1.3388417959213257,
      1.3111735582351685,
      1.3072612285614014,
      1.3195171356201172,
      1.3620020151138306,
      1.3015488386154175,
      1.3517441749572754,
      1.3719292879104614,
      1.3029484748840332
    ],
    "10": [
      1.9754558801651,
      1.6764360666275024,
      1.777915596961975,
      1.6476904153823853,
      1.659829020500183,
      1.5947761535644531,
      1.5403987169265747,
      1.5334129333496094,
      1.544750452041626,
      1.5918468236923218,
      1.5907729864120483,
      1.542526364326477,
      1.4946649074554443,
      1.529293417930603,
      1.5517029762268066,
      1.5623193979263306,
      1.5182850360870361,
      1.5179643630981445,
      1.5295530557632446,
      1.5190932750701904,
      1.486977219581604,
      1.475503921508789,
      1.4953582286834717,
      1.4968440532684326,
      1.5824116468429565,
      1.4595025777816772,
      1.5737240314483643,
      1.5469673871994019,
      1.498247504234314,
      1.4994721412658691,
      1.4682825803756714,
      1.4544928073883057,
      1.4693347215652466,
      1.4890860319137573,
      1.468934178352356,
      1.4878458976745605,
      1.452926516532898,
      1.5387446880340576,
      1.4744430780410767,
      1.4664644002914429,
      1.4636377096176147,
      1.4746383428573608,
      1.4601603746414185,
      1.5345021486282349,
      1.423150658607483,
      1.4893652200698853,
      1.447206735610962,
      1.426513671875,
      1.4175567626953125,
      1.4419269561767578,
      1.4448931217193604,
      1.445443868637085,
      1.4061224460601807,
      1.416459321975708,
      1.4131616353988647,
      1.4250822067260742,
      1.4258618354797363,
      1.4324777126312256,
      1.4046614170074463,
      1.4816588163375854,
      1.4909420013427734,
      1.3792555332183838,
      1.3741647005081177,
      1.4117377996444702,
      1.4286339282989502,
      1.423316478729248,
      1.446657419204712,
      1.5538703203201294,
      1.5581785440444946,
      1.4954417943954468,
      1.4193637371063232,
      1.3878052234649658,
      1.395866870880127,
      1.4120057821273804,
      1.4221299886703491,
      1.3853751420974731,
      1.378185749053955,
      1.3788707256317139
    ],