{
  "task": "WSEL-14",
  "n_cells": 15,
  "arms": [
    "b1",
    "b12",
    "b2",
    "b4",
    "sandwich"
  ],
  "widths": [
    1,
    2,
    3,
    4,
    5,
    6,
    7,
    8,
    9,
    10,
    11,
    12
  ],
  "readouts": {
    "fit": {
      "per_arm": {
        "b1": {
          "held_out_mse_by_width": {
            "1": 0.7826216419537863,
            "2": 0.5755717754364014,
            "3": 0.5615147948265076,
            "4": 0.48760318756103516,
            "5": 0.44779467582702637,
            "6": 0.19158425802985826,
            "7": 0.0540485754609108,
            "8": 0.052037451416254044,
            "9": 0.03139760531485081,
            "10": 0.031122709934910137,
            "11": 0.031155953804651897,
            "12": 0.03089432728787263
          },
          "within_10pct_of_sandwich": {
            "1": false,
            "2": true,
            "3": true,
            "4": false,
            "5": false,
            "6": false,
            "7": false,
            "8": false,
            "9": true,
            "10": true,
            "11": true,
            "12": false
          },
          "all_widths_within_10pct": false
        },
        "b12": {
          "held_out_mse_by_width": {
            "1": 0.7542668779691061,
            "2": 0.6077595353126526,
            "3": 0.5883839329083761,
            "4": 0.1755739226937294,
            "5": 0.058548262963692345,
            "6": 0.046669001380602516,
            "7": 0.04072783887386322,
            "8": 0.03967793410023054,
            "9": 0.03462320069471995,
            "10": 0.030578024064501125,
            "11": 0.02898389721910159,
            "12": 0.02867926098406315
          },
          "within_10pct_of_sandwich": {
            "1": true,
            "2": true,
            "3": false,
            "4": true,
            "5": true,
            "6": true,
            "7": true,
            "8": true,
            "9": false,
            "10": true,
            "11": true,
            "12": true
          },
          "all_widths_within_10pct": false
        },
        "b2": {
          "held_out_mse_by_width": {
            "1": 0.8221471905708313,
            "2": 0.5768915414810181,
            "3": 0.5236723224322001,
            "4": 0.4196874399979909,
            "5": 0.2695133239030838,
            "6": 0.06572571645180385,
            "7": 0.04558869699637095,
            "8": 0.04328637818495432,
            "9": 0.03063572260240714,
            "10": 0.029634684945146244,
            "11": 0.02950689507027467,
            "12": 0.029163621986905735
          },
          "within_10pct_of_sandwich": {
            "1": false,
            "2": true,
            "3": true,
            "4": false,
            "5": false,
            "6": false,
            "7": false,
            "8": true,
            "9": true,
            "10": true,
            "11": true,
            "12": true
          },
          "all_widths_within_10pct": false
        },
        "b4": {
          "held_out_mse_by_width": {
            "1": 0.7944915493329366,
            "2": 0.6024530927340189,
            "3": 0.5333929459253947,
            "4": 0.4348343114058177,
            "5": 0.1287786066532135,
            "6": 0.05593825504183769,
            "7": 0.04347145060698191,
            "8": 0.03894453744093577,
            "9": 0.0389357041567564,
            "10": 0.03284845066567262,
            "11": 0.03068987901012103,
            "12": 0.028072543442249298
          },
          "within_10pct_of_sandwich": {
            "1": false,
            "2": true,
            "3": true,
            "4": false,
            "5": true,
            "6": true,
            "7": true,
            "8": true,
            "9": false,
            "10": true,
            "11": true,
            "12": true
          },
          "all_widths_within_10pct": false
        },
        "sandwich": {
          "held_out_mse_by_width": {
            "1": 0.6967224677403768,
            "2": 0.6371938586235046,
            "3": 0.5310812095801035,
            "4": 0.34424108763535816,
            "5": 0.1987393448750178,
            "6": 0.05673567826549212,
            "7": 0.04003650322556496,
            "8": 0.040327205012242,
            "9": 0.031237641349434853,
            "10": 0.031047677621245384,
            "11": 0.03038712777197361,
            "12": 0.027774459371964138
          },
          "within_10pct_of_sandwich": {
            "1": true,
            "2": true,
            "3": true,
            "4": true,
            "5": true,
            "6": true,
            "7": true,
            "8": true,
            "9": true,
            "10": true,
            "11": true,
            "12": true
          },
          "all_widths_within_10pct": true
        }
      },
      "sandwich_reference_mse_by_width": {
        "1": 0.6967224677403768,
        "2": 0.6371938586235046,
        "3": 0.5310812095801035,
        "4": 0.34424108763535816,
        "5": 0.1987393448750178,
        "6": 0.05673567826549212,
        "7": 0.04003650322556496,
        "8": 0.040327205012242,
        "9": 0.031237641349434853,
        "10": 0.031047677621245384,
        "11": 0.03038712777197361,
        "12": 0.027774459371964138
      },
      "bar": "held-out MSE within 10% of sandwich at every width"
    },
    "cost": {
      "per_arm": {
        "b1": {
          "train_wall_clock_s_mean": 47.2872043143337,
          "steps_to_converge_mean": 28166.666666666668,
          "wall_clock_ratio_to_b1": 1.0
        },
        "b12": {
          "train_wall_clock_s_mean": 122.73038242464342,
          "steps_to_converge_mean": 18000,
          "wall_clock_ratio_to_b1": 2.5954247920603204
        },
        "b2": {
          "train_wall_clock_s_mean": 71.09147848000673,
          "steps_to_converge_mean": 26833.333333333332,
          "wall_clock_ratio_to_b1": 1.5033977903924736
        },
        "b4": {
          "train_wall_clock_s_mean": 99.76176997167447,
          "steps_to_converge_mean": 29666.666666666668,
          "wall_clock_ratio_to_b1": 2.109699048996954
        },
        "sandwich": {
          "train_wall_clock_s_mean": 53.6954820350123,
          "steps_to_converge_mean": 22666.666666666668,
          "wall_clock_ratio_to_b1": 1.1355182192222795
        }
      },
      "prediction": "ALL arm within ~1.5x of b1 per-step wall-clock"
    },
    "regularisation": {
      "per_arm": {
        "b1": {
          "train_minus_heldout_by_width": {
            "1": 0.03749817609786987,
            "2": 0.003304580847422245,
            "3": -0.0021922290325164795,
            "4": -0.001927485068639101,
            "5": -0.009779900312423706,
            "6": -0.008881788700819016,
            "7": -0.005962132165829338,
            "8": -0.004759080087145172,
            "9": -0.0027416888624429703,
            "10": -0.0031872068842252084,
            "11": -0.0026756028334299735,
            "12": -0.00245420510570208
          }
        },
        "b12": {
          "train_minus_heldout_by_width": {
            "1": 0.04061228036880493,
            "2": 0.011956195036570194,
            "3": 0.006276309490203857,
            "4": -0.0055613977213700705,
            "5": 0.0038401633501052856,
            "6": -0.0008278203507264409,
            "7": -5.067264040311409e-05,
            "8": -0.0004317884643872602,
            "9": -0.0020369961857795715,
            "10": -0.003866192574302353,
            "11": -0.0029697051892677954,
            "12": -0.003313720226287842
          }
        },
        "b2": {
          "train_minus_heldout_by_width": {
            "1": 0.03092936674753821,
            "2": 0.002729793389638302,
            "3": -0.017197738091150883,
            "4": -0.0025162895520527973,
            "5": -0.0033680498600006104,
            "6": -0.007443827887376152,
            "7": 0.0005950319270292964,
            "8": -0.0011099042991797106,