{
  "prefix_norm_exact": true,
  "prefix_norm_max_abs_err": 2.384185791015625e-07,
  "per_arm_heldout_mse_by_width": {
    "a": {
      "1": 0.7336428165435791,
      "2": 0.6689649224281311,
      "3": 0.5220906436443329,
      "4": 0.34972503284613293,
      "5": 0.20905822018782297,
      "6": 0.06142279257376989,
      "7": 0.04144668330748876,
      "8": 0.04158742229143778,
      "9": 0.03202333549658457,
      "10": 0.031161290283004444,
      "11": 0.031231980149944622,
      "12": 0.02844308689236641
    },
    "b": {
      "1": 0.8287597298622131,
      "2": 0.6450583338737488,
      "3": 0.34792302052179974,
      "4": 0.20655315617720285,
      "5": 0.07574531311790149,
      "6": 0.060972689340511955,
      "7": 0.05366284896930059,
      "8": 0.04606743653615316,
      "9": 0.044433899223804474,
      "10": 0.03671568197508653,
      "11": 0.03453954495489597,
      "12": 0.029312451059619587
    },
    "c": {
      "1": 0.8282435735066732,
      "2": 0.6966729561487833,
      "3": 0.3296080653866132,
      "4": 0.18620516608158746,
      "5": 0.058898624032735825,
      "6": 0.049976697812477745,
      "7": 0.051342478642861046,
      "8": 0.04670912027359009,
      "9": 0.041208614905675255,
      "10": 0.04134523247679075,
      "11": 0.04071362813313802,
      "12": 0.036760818834106125
    }
  },
  "per_arm_train_mse_by_width": {
    "a": {
      "1": 0.7440845767656962,
      "2": 0.664913535118103,
      "3": 0.5307292838891348,
      "4": 0.3487056891123454,
      "5": 0.18997285390893617,
      "6": 0.053729332983493805,
      "7": 0.03901896563669046,
      "8": 0.03811450364689032,
      "9": 0.02850426733493805,
      "10": 0.02810766113301118,
      "11": 0.027424680689970653,
      "12": 0.025084624687830608
    },
    "b": {
      "1": 0.8237316807111105,
      "2": 0.6499473452568054,
      "3": 0.3569571723540624,
      "4": 0.19282684723536173,
      "5": 0.07471179341276486,
      "6": 0.05930771927038828,
      "7": 0.05004581188162168,
      "8": 0.0440301646788915,
      "9": 0.042940971752007805,
      "10": 0.034390042846401535,
      "11": 0.032051751390099525,
      "12": 0.02647296463449796
    },
    "c": {
      "1": 0.8252968788146973,
      "2": 0.6967745621999105,
      "3": 0.323612483839194,
      "4": 0.18083235869805017,
      "5": 0.05455709248781204,
      "6": 0.047037349392970405,
      "7": 0.04680633544921875,
      "8": 0.043529859433571495,
      "9": 0.037333800146977104,
      "10": 0.03699346321324507,
      "11": 0.035563467691342034,
      "12": 0.03278065472841263
    }
  },
  "per_arm_executed_flops_by_width": {
    "a": {
      "1": 2.0,
      "2": 4.0,
      "3": 6.0,
      "4": 8.0,
      "5": 10.0,
      "6": 12.0,
      "7": 14.0,
      "8": 16.0,
      "9": 18.0,
      "10": 20.0,
      "11": 22.0,
      "12": 24.0
    },
    "b": {
      "1": 2.0,
      "2": 4.0,
      "3": 6.0,
      "4": 8.0,
      "5": 10.0,
      "6": 12.0,
      "7": 14.0,
      "8": 16.0,
      "9": 18.0,
      "10": 20.0,
      "11": 22.0,
      "12": 24.0
    },
    "c": {
      "1": 2.0,
      "2": 4.0,
      "3": 6.0,
      "4": 8.0,
      "5": 10.0,
      "6": 12.0,
      "7": 14.0,
      "8": 16.0,
      "9": 18.0,
      "10": 20.0,
      "11": 22.0,
      "12": 24.0
    }
  },
  "per_arm_cost": {
    "a": {
      "train_wall_clock_s": 52.464945946335014,
      "steps_to_converge": 22666.666666666668,
      "params_allocated": 180,
      "params_effective": 78
    },
    "b": {
      "train_wall_clock_s": 73.52182929797952,
      "steps_to_converge": 32500.0,
      "params_allocated": 180,
      "params_effective": 78
    },
    "c": {
      "train_wall_clock_s": 82.92794139698769,
      "steps_to_converge": 36000.0,
      "params_allocated": 204,
      "params_effective": 78
    }
  },
  "accuracy_bar": {
    "threshold": 0.1,
    "rel_gap_b_vs_a_by_width": {
      "1": 0.1296501665030397,
      "2": 0.03573668476907424,
      "3": 0.33359652244827903,
      "4": 0.4093841253048672,
      "5": 0.6376831628536297,
      "6": 0.007327951309236746,
      "7": 0.2947441070539065,
      "8": 0.10772522070062862,
      "9": 0.38754750355544765,
      "10": 0.1782465245064479,
      "11": 0.1059031412376591,
      "12": 0.030565042765681616
    },
    "pass": false
  },
  "cost_bar": {
    "threshold": 1.3,
    "wall_clock_per_step_a": 0.0023146299682206624,
    "wall_clock_per_step_b": 0.0022622101322455237,
    "ratio_b_over_a": 0.9773528223971646,
    "pass": true
  },
  "per_width_affine_needed": true,
  "affine_detail": {
    "threshold": 0.1,
    "rel_gain_c_over_b_by_width": {
      "1": 0.0006228057866973522,
      "2": -0.08001543358888934,
      "3": 0.05264082585773882,
      "4": 0.09851212381455338,
      "5": 0.2224122971007186,
      "6": 0.18034289854963256,
      "7": 0.04323979011563438,
      "8": -0.013929226058266613,
      "9": 0.07258611948242762,
      "10": -0.12609191094000657,
      "11": -0.17875403935704934,
      "12": -0.2541025231679552
    },
    "prediction_on_record": false
  },
  "config": {
    "arch": "shared_trunk",
    "loss": "mse",
    "schedule": "sandwich",
    "toy": "hetero",
    "w_max": 12,
    "n_train": 1500,
    "n_test": 500,
    "sigma": 0.05,
    "seeds": [
      0,
      1,
      2
    ],
    "max_epochs_cap": 200000,
    "check_every": 500,
    "patience": 12,
    "min_delta": 0.002
  },
  "n_cells_present": {
    "a": 3,
    "b": 3,
    "c": 3
  },
  "provenance": {
    "timestamp_utc": "2026-07-22T03:08:10+00:00",
    "git": {
      "commit": "0903ab7b0fd622668ca4acff2c0d4cb6ea518afb",
      "dirty": true
    },
    "python": "3.12.13",
    "torch": "2.10.0+xpu",
    "numpy": "2.4.3",
    "platform": "Linux-7.1.3-200.fc44.x86_64-x86_64-with-glibc2.43",
    "threads": {
      "omp_num_threads": "4",
      "torch_num_threads": 4,
      "cpu_count": 22
    },
    "automl_device": "cpu"
  }
}