feature,importance
feature_0,0.37568239420655913
feature_1,0.276787746160668
feature_6,0.05646293487720821
feature_3,0.054876380946712225
feature_8,0.047784141494061856
feature_5,0.0436644627243023
feature_7,0.04068881367921466
feature_9,0.03929639379001995
feature_2,0.03394049430453993
feature_4,0.03081623781671359
