{
    "mae": 0.5838465901155186,
    "rmse": 0.728264199530121,
    "r2_score": 0.469631255682752,
    "mape": 551.9915613753868,
    "median_ape": 66.70312761162954,
    "nll": 1.37599087881045,
    "picp": 1.0,
    "ece": 0.27678069196053795
}