{
    "accuracy": 0.4646654158849281,
    "precision": 0.41743040873854825,
    "recall": 0.4646654158849281,
    "f1_score": 0.3974724286967614,
    "roc_auc": 0.6785719733369941,
    "log_loss": 1.5175157597492848
}