{
    "accuracy": 0.27204502814258913,
    "precision": 0.21315203777291197,
    "recall": 0.27204502814258913,
    "f1_score": 0.20301406583347328,
    "roc_auc": 0.4872874345715603,
    "log_loss": 2.014057740112975
}