{
    "mae": 0.6207396005237523,
    "rmse": 0.7754438197790207,
    "r2_score": 0.3986868823665215,
    "mape": 768.995160058169,
    "median_ape": 70.00398309425515,
    "nll": 1.4004562011834278,
    "picp": 0.9987492182614134,
    "ece": 0.2793525556417442
}