{
    "mae": 0.4529530834607613,
    "rmse": 0.574008486338881,
    "r2_score": 0.6705142576109465,
    "mape": 408.01299499806964,
    "median_ape": 53.91775905482012,
    "nll": 1.2605152213310138,
    "picp": 1.0,
    "ece": 0.24795292287561232
}