{
    "accuracy": 0.4146341463414634,
    "precision": 0.46777535067480147,
    "recall": 0.4146341463414634,
    "f1_score": 0.3302368818454201,
    "roc_auc": 0.7147724832710877,
    "log_loss": 1.073292174702026
}