feature,importance
Size_per_Bedroom,0.2745988730860065
Size (sq ft),0.22010868521906948
Parking Spaces,0.19317729953680488
Floor,0.15803865685698246
is Wardian,0.08342770076756151
is Pan Peninsula,0.055525531260372206
E14 Index Delta (Jan 2023),0.015123253273202918
