{
    "mae": 0.3344595911833953,
    "rmse": 0.4469400225674191,
    "r2_score": 0.8002446162274349,
    "mape": 62.918550084047396,
    "median_ape": 42.0109387929565,
    "nll": 9.987769188628253e+16,
    "picp": 0.0,
    "ece": 0.0
}