{"trajectory": [[1, 0.1903364062309265], [2, 0.14871442317962646], [3, 0.12504267692565918], [4, 0.11392949521541595], [5, 0.10959509760141373], [6, 0.10789034515619278], [7, 0.10637583583593369], [8, 0.1043393686413765], [9, 0.10202085971832275], [10, 0.0996033102273941], [11, 0.0972454696893692], [12, 0.09516187012195587], [13, 0.0935167595744133], [14, 0.09229856729507446], [15, 0.09135289490222931], [16, 0.09052907675504684], [17, 0.08977536857128143], [18, 0.08913099020719528], [19, 0.0886683240532875], [20, 0.08844487369060516], [21, 0.08846034854650497], [22, 0.08866485953330994], [23, 0.08899537473917007], [24, 0.08938431739807129], [25, 0.089765265583992], [26, 0.09008169919252396], [27, 0.0902942568063736], [28, 0.0903906598687172], [29, 0.0903918519616127], [30, 0.09033093601465225], [31, 0.09023033082485199], [32, 0.09010292589664459], [33, 0.0899631530046463], [34, 0.08983072638511658], [35, 0.0897192433476448], [36, 0.0896327868103981], [37, 0.08957507461309433], [38, 0.08954733610153198], [39, 0.08953676372766495], [40, 0.08953092247247696], [41, 0.08955218642950058], [42, 0.08964367210865021], [43, 0.08982738852500916], [44, 0.09009838849306107], [45, 0.09044254571199417], [46, 0.09084539115428925], [47, 0.09129445999860764], [48, 0.09178154915571213], [49, 0.09229746460914612], [50, 0.09282422810792923], [51, 0.09333707392215729], [52, 0.09381400048732758], [53, 0.09424237906932831], [54, 0.09462106972932816], [55, 0.09496179968118668], [56, 0.0952865481376648], [57, 0.09561506658792496], [58, 0.0959508866071701], [59, 0.09627900272607803], [60, 0.09657587856054306], [61, 0.09682248532772064], [62, 0.09701278060674667], [63, 0.09715518355369568], [64, 0.09726833552122116], [65, 0.09737487882375717], [66, 0.09749596565961838], [67, 0.09764830023050308], [68, 0.09784375131130219], [69, 0.09808986634016037], [70, 0.09838949888944626], [71, 0.09873875975608826], [72, 0.09912587702274323], [73, 0.09953339397907257], [74, 0.09994308650493622], [75, 0.1003405973315239], [76, 0.1007174476981163], [77, 0.1010710671544075], [78, 0.10140359401702881], [79, 0.10172096639871597], [80, 0.10203159600496292]], "actual_epochs": 80, "n_train_used": 1200, "trustworthy": true, "hit_cap": false, "objective": "mse"}