{"trajectory": [[1, 0.12068916112184525], [2, 0.10711389780044556], [3, 0.09819930046796799], [4, 0.0923701748251915], [5, 0.08870230615139008], [6, 0.08644147962331772], [7, 0.08508344739675522], [8, 0.0842045471072197], [9, 0.08348093926906586], [10, 0.08281528204679489], [11, 0.08218982070684433], [12, 0.08157717436552048], [13, 0.0809643566608429], [14, 0.08034015446901321], [15, 0.0797259509563446], [16, 0.07915371656417847], [17, 0.0786186158657074], [18, 0.07812545448541641], [19, 0.07770627737045288], [20, 0.07738858461380005], [21, 0.07719047367572784], [22, 0.07709862291812897], [23, 0.07706107944250107], [24, 0.07703329622745514], [25, 0.07702252268791199], [26, 0.07704867422580719], [27, 0.0770995244383812], [28, 0.07715814560651779], [29, 0.07721880078315735], [30, 0.0772864893078804], [31, 0.07737133651971817], [32, 0.07748396694660187], [33, 0.07763006538152695], [34, 0.07780345529317856], [35, 0.07798729091882706], [36, 0.07816152274608612], [37, 0.0783132016658783], [38, 0.07844071090221405], [39, 0.07854762673377991], [40, 0.07863876223564148], [41, 0.0787142738699913], [42, 0.07876411080360413], [43, 0.0787767767906189], [44, 0.07875262200832367], [45, 0.07870545238256454], [46, 0.07865414023399353], [47, 0.07861271500587463], [48, 0.0785892978310585], [49, 0.07859127223491669], [50, 0.07862454652786255], [51, 0.07868826389312744], [52, 0.07877650856971741], [53, 0.07888102531433105], [54, 0.07899483293294907], [55, 0.07911565899848938], [56, 0.07924315333366394], [57, 0.07937261462211609], [58, 0.0794980451464653], [59, 0.07962113618850708], [60, 0.07975032180547714], [61, 0.07989183813333511], [62, 0.08004297316074371], [63, 0.08019719272851944], [64, 0.0803503692150116], [65, 0.08050139248371124], [66, 0.08065016567707062], [67, 0.0807945728302002], [68, 0.08092965185642242], [69, 0.0810529813170433], [70, 0.08116848766803741], [71, 0.08128096908330917], [72, 0.08138904720544815], [73, 0.0814860612154007], [74, 0.08156407624483109], [75, 0.08161579072475433], [76, 0.08163708448410034], [77, 0.0816306322813034], [78, 0.08160648494958878], [79, 0.08157909661531448], [80, 0.0815633088350296], [81, 0.08157024532556534], [82, 0.08160460740327835], [83, 0.08166421204805374], [84, 0.08174201846122742], [85, 0.08182892203330994]], "actual_epochs": 85, "n_train_used": 3200, "trustworthy": true, "hit_cap": false, "objective": "mse"}