{"trajectory": [[1, 0.0807463526725769], [2, 0.07414691150188446], [3, 0.07909221947193146], [4, 0.0770195722579956], [5, 0.07967691123485565], [6, 0.07491602003574371], [7, 0.07625747472047806], [8, 0.07629808783531189], [9, 0.07713765650987625], [10, 0.07546171545982361], [11, 0.07729562371969223], [12, 0.06736932694911957], [13, 0.06582693010568619], [14, 0.06764455884695053], [15, 0.06745031476020813], [16, 0.06875839829444885], [17, 0.0640513151884079], [18, 0.06503476202487946], [19, 0.06558402627706528], [20, 0.06704304367303848], [21, 0.06620016694068909], [22, 0.06765373796224594], [23, 0.06668980419635773], [24, 0.06930151581764221], [25, 0.06480103731155396], [26, 0.06561633199453354], [27, 0.0681532621383667], [28, 0.06931216269731522], [29, 0.0665157288312912], [30, 0.06843028962612152], [31, 0.06477592140436172], [32, 0.06490644812583923], [33, 0.06612987071275711], [34, 0.06497334688901901], [35, 0.06571491807699203], [36, 0.067415751516819], [37, 0.06722172349691391], [38, 0.06852443516254425], [39, 0.06832669675350189], [40, 0.06754539906978607], [41, 0.07221440225839615], [42, 0.07009373605251312], [43, 0.06814738363027573], [44, 0.06756266951560974], [45, 0.07358070462942123], [46, 0.0660894587635994], [47, 0.0680120512843132], [48, 0.06789091974496841], [49, 0.06934558600187302], [50, 0.06700761616230011], [51, 0.07221662253141403], [52, 0.06903520226478577], [53, 0.07047735899686813], [54, 0.07289200276136398], [55, 0.06858403235673904], [56, 0.06936349719762802], [57, 0.07276621460914612], [58, 0.07538136094808578], [59, 0.0693737342953682], [60, 0.06975628435611725], [61, 0.06829240173101425], [62, 0.0681476891040802], [63, 0.06933830678462982], [64, 0.0695275366306305], [65, 0.07152058929204941], [66, 0.07080808281898499], [67, 0.07143949717283249], [68, 0.06946570426225662], [69, 0.06885641068220139], [70, 0.07012547552585602], [71, 0.06989338248968124], [72, 0.0692228302359581], [73, 0.07064232975244522], [74, 0.06967104971408844], [75, 0.06996388733386993], [76, 0.06835000962018967], [77, 0.07027138024568558]], "actual_epochs": 77, "n_train_used": 1200, "trustworthy": true, "hit_cap": false, "objective": "mse"}