{"trajectory": [[1, 0.09274650365114212], [2, 0.0829121395945549], [3, 0.07615914940834045], [4, 0.07785965502262115], [5, 0.07710931450128555], [6, 0.07455126196146011], [7, 0.07547715306282043], [8, 0.07807296514511108], [9, 0.08151984959840775], [10, 0.07825524359941483], [11, 0.07109063118696213], [12, 0.07035129517316818], [13, 0.06795483827590942], [14, 0.06781034916639328], [15, 0.0670962706208229], [16, 0.06460452824831009], [17, 0.06589412689208984], [18, 0.06411774456501007], [19, 0.0655987411737442], [20, 0.06478894501924515], [21, 0.0680420845746994], [22, 0.06716582179069519], [23, 0.06582760810852051], [24, 0.067429319024086], [25, 0.06901553273200989], [26, 0.06800233572721481], [27, 0.0686972588300705], [28, 0.06856164336204529], [29, 0.06871920824050903], [30, 0.06700567901134491], [31, 0.06864408403635025], [32, 0.06988941133022308], [33, 0.06617847830057144], [34, 0.06768251210451126], [35, 0.06991733610630035], [36, 0.07118944078683853], [37, 0.0682603120803833], [38, 0.07185515761375427], [39, 0.06776045262813568], [40, 0.06822125613689423], [41, 0.06878965348005295], [42, 0.06775842607021332], [43, 0.06885310262441635], [44, 0.06732732802629471], [45, 0.07230234146118164], [46, 0.06993028521537781], [47, 0.07165154814720154], [48, 0.06731310486793518], [49, 0.06627374142408371], [50, 0.07129731774330139], [51, 0.06892440468072891], [52, 0.06809961050748825], [53, 0.06789565086364746], [54, 0.06912340223789215], [55, 0.06904375553131104], [56, 0.06853704899549484], [57, 0.06851442158222198], [58, 0.07131283730268478], [59, 0.06830646842718124], [60, 0.07231699675321579], [61, 0.07085216045379639], [62, 0.07257308065891266], [63, 0.06855892390012741], [64, 0.06756678968667984], [65, 0.07123806327581406], [66, 0.06797563284635544], [67, 0.07135160267353058], [68, 0.07113336771726608], [69, 0.0673295110464096], [70, 0.06884303689002991], [71, 0.07073298841714859], [72, 0.066864512860775], [73, 0.0682356059551239], [74, 0.06746913492679596], [75, 0.07114095985889435], [76, 0.0681503564119339], [77, 0.07038785517215729], [78, 0.06741684675216675]], "actual_epochs": 78, "n_train_used": 1200, "trustworthy": true, "hit_cap": false, "objective": "mse"}