{"trajectory": [[1, 0.24717770516872406], [2, 0.20720702409744263], [3, 0.1822507232427597], [4, 0.1629069298505783], [5, 0.1485498547554016], [6, 0.13933515548706055], [7, 0.13275080919265747], [8, 0.1270638406276703], [9, 0.12182322144508362], [10, 0.11701785027980804], [11, 0.11278948187828064], [12, 0.10913078486919403], [13, 0.10590946674346924], [14, 0.10298158973455429], [15, 0.10032585263252258], [16, 0.09797855466604233], [17, 0.09596468508243561], [18, 0.09429080784320831], [19, 0.09297996014356613], [20, 0.09205049276351929], [21, 0.09149021655321121], [22, 0.09125751256942749], [23, 0.091281957924366], [24, 0.09148090332746506], [25, 0.09177785366773605], [26, 0.09210608154535294], [27, 0.09240788966417313], [28, 0.09264496713876724], [29, 0.09281139075756073], [30, 0.0929289311170578], [31, 0.09303081035614014], [32, 0.09314735978841782], [33, 0.09329885989427567], [34, 0.0934932678937912], [35, 0.09372994303703308], [36, 0.09400499612092972], [37, 0.09431307762861252], [38, 0.09464426338672638], [39, 0.09498395025730133], [40, 0.09531903266906738], [41, 0.09564083069562912], [42, 0.09594675898551941], [43, 0.09624089300632477], [44, 0.09652908891439438], [45, 0.09681572020053864], [46, 0.09710895270109177], [47, 0.09742856025695801], [48, 0.09780101478099823], [49, 0.09822721034288406], [50, 0.09866849333047867], [51, 0.09908348321914673], [52, 0.09945102035999298], [53, 0.09976119548082352], [54, 0.10000266134738922], [55, 0.10017156600952148], [56, 0.10028218477964401], [57, 0.10036037862300873], [58, 0.100429467856884], [59, 0.10050260275602341], [60, 0.10058604925870895], [61, 0.10068896412849426], [62, 0.10082747787237167], [63, 0.10101936012506485], [64, 0.10128066688776016], [65, 0.10162403434515], [66, 0.1020548865199089], [67, 0.10256921499967575], [68, 0.10315284878015518], [69, 0.10378366708755493], [70, 0.10443659126758575], [71, 0.10509037226438522], [72, 0.10573265701532364], [73, 0.1063581109046936], [74, 0.10695880651473999], [75, 0.10751707851886749], [76, 0.10800685733556747], [77, 0.10840218514204025], [78, 0.10868848115205765], [79, 0.10886881500482559], [80, 0.10895851254463196], [81, 0.10898109525442123], [82, 0.10897092521190643]], "actual_epochs": 82, "n_train_used": 1200, "trustworthy": true, "hit_cap": false, "objective": "mse"}