{"trajectory": [[1, 0.19518309831619263], [2, 0.1558557152748108], [3, 0.12931913137435913], [4, 0.11306978762149811], [5, 0.10339507460594177], [6, 0.09717206656932831], [7, 0.09264572709798813], [8, 0.08923500031232834], [9, 0.08683368563652039], [10, 0.08533002436161041], [11, 0.08446656912565231], [12, 0.08390182256698608], [13, 0.08335153013467789], [14, 0.08266722410917282], [15, 0.08181322365999222], [16, 0.08081964403390884], [17, 0.07975342124700546], [18, 0.07869774848222733], [19, 0.07773029059171677], [20, 0.07690352946519852], [21, 0.07623586803674698], [22, 0.07571586221456528], [23, 0.07531575858592987], [24, 0.07500672340393066], [25, 0.07476905733346939], [26, 0.07459485530853271], [27, 0.0744846984744072], [28, 0.07444191724061966], [29, 0.07446762174367905], [30, 0.07455745339393616], [31, 0.07469994574785233], [32, 0.07487691193819046], [33, 0.07506602257490158], [34, 0.07524474710226059], [35, 0.07539474219083786], [36, 0.07550493627786636], [37, 0.07557298243045807], [38, 0.0756044015288353], [39, 0.07561035454273224], [40, 0.07560427486896515], [41, 0.07559853047132492], [42, 0.0756019726395607], [43, 0.07561857253313065], [44, 0.07564758509397507], [45, 0.07568469643592834], [46, 0.0757238119840622], [47, 0.07575900107622147], [48, 0.0757858082652092], [49, 0.07580208033323288], [50, 0.07580793648958206], [51, 0.07580533623695374], [52, 0.07579724490642548], [53, 0.07578697800636292], [54, 0.07577750831842422], [55, 0.07577123492956161], [56, 0.07576970756053925], [57, 0.07577374577522278], [58, 0.07578357309103012], [59, 0.07579904794692993], [60, 0.07581991702318192], [61, 0.07584583014249802], [62, 0.07587634772062302], [63, 0.0759107694029808], [64, 0.07594795525074005], [65, 0.0759861022233963], [66, 0.07602289319038391], [67, 0.07605569064617157], [68, 0.07608206570148468], [69, 0.07610030472278595], [70, 0.07610993087291718], [71, 0.0761117935180664], [72, 0.07610805332660675], [73, 0.07610175758600235], [74, 0.07609624415636063], [75, 0.07609464973211288], [76, 0.07609937340021133], [77, 0.07611191272735596], [78, 0.07613270729780197], [79, 0.07616129517555237], [80, 0.07619653642177582], [81, 0.07623692601919174], [82, 0.07628078758716583], [83, 0.07632649689912796], [84, 0.07637270539999008], [85, 0.07641828060150146], [86, 0.07646248489618301], [87, 0.07650485634803772], [88, 0.07654517143964767]], "actual_epochs": 88, "n_train_used": 1200, "trustworthy": true, "hit_cap": false, "objective": "mse"}