{"trajectory": [[1, 0.2531028091907501], [2, 0.19951847195625305], [3, 0.16686196625232697], [4, 0.148478165268898], [5, 0.1375199854373932], [6, 0.12994986772537231], [7, 0.12387301027774811], [8, 0.11854652315378189], [9, 0.11364089697599411], [10, 0.10912293940782547], [11, 0.10524576902389526], [12, 0.10210900753736496], [13, 0.09960651397705078], [14, 0.0976853147149086], [15, 0.09629451483488083], [16, 0.09536876529455185], [17, 0.09485930949449539], [18, 0.09471359848976135], [19, 0.09484980255365372], [20, 0.09517266601324081], [21, 0.09561316668987274], [22, 0.09613308310508728], [23, 0.0967022255063057], [24, 0.09728771448135376], [25, 0.09785634279251099], [26, 0.0983768180012703], [27, 0.09882161766290665], [28, 0.09917300939559937], [29, 0.0994269922375679], [30, 0.09959098696708679], [31, 0.09967919439077377], [32, 0.09970884025096893], [33, 0.09969833493232727], [34, 0.09966680407524109], [35, 0.09963458776473999], [36, 0.0996236577630043], [37, 0.09965583682060242], [38, 0.0997476801276207], [39, 0.09990598261356354], [40, 0.10013137012720108], [41, 0.10042823106050491], [42, 0.10080616921186447], [43, 0.10126557946205139], [44, 0.10178004950284958], [45, 0.10230213403701782], [46, 0.10279208421707153], [47, 0.10322971642017365], [48, 0.10359761863946915], [49, 0.10387492179870605], [50, 0.1040501743555069], [51, 0.1041308343410492], [52, 0.1041378304362297], [53, 0.10409022122621536], [54, 0.10400408506393433], [55, 0.10389945656061172], [56, 0.1037985160946846], [57, 0.1037265732884407], [58, 0.10371968150138855], [59, 0.10381263494491577], [60, 0.1040065661072731], [61, 0.10426124930381775], [62, 0.10453938692808151], [63, 0.10488719493150711], [64, 0.10538873821496964], [65, 0.1060405895113945], [66, 0.1067729964852333], [67, 0.10748301446437836], [68, 0.10810310393571854], [69, 0.10864046961069107], [70, 0.10912805050611496], [71, 0.10959243774414062], [72, 0.11004380881786346], [73, 0.11047153174877167], [74, 0.11085087060928345], [75, 0.11115848273038864], [76, 0.11138567328453064], [77, 0.11152895539999008], [78, 0.11159481108188629]], "actual_epochs": 78, "n_train_used": 1200, "trustworthy": true, "hit_cap": false, "objective": "mse"}