{"trajectory": [[1, 0.2510993480682373], [2, 0.19843034446239471], [3, 0.1654452532529831], [4, 0.14456018805503845], [5, 0.13269314169883728], [6, 0.126598060131073], [7, 0.12309310585260391], [8, 0.120200015604496], [9, 0.11708531528711319], [10, 0.11399360746145248], [11, 0.11120263487100601], [12, 0.1085740178823471], [13, 0.10603306442499161], [14, 0.10373958945274353], [15, 0.10183166712522507], [16, 0.10034165531396866], [17, 0.09922531992197037], [18, 0.0984075665473938], [19, 0.09782421588897705], [20, 0.09743958711624146], [21, 0.09723740816116333], [22, 0.09719610959291458], [23, 0.09727339446544647], [24, 0.09741373360157013], [25, 0.09756705909967422], [26, 0.09770272672176361], [27, 0.09781160950660706], [28, 0.0978977158665657], [29, 0.09796880185604095], [30, 0.09803590178489685], [31, 0.0981171578168869], [32, 0.09823289513587952], [33, 0.09839379787445068], [34, 0.09859979897737503], [35, 0.09885051846504211], [36, 0.09915156662464142], [37, 0.09951070696115494], [38, 0.09992920607328415], [39, 0.1003955826163292], [40, 0.10088527947664261], [41, 0.10137130320072174], [42, 0.10184083133935928], [43, 0.10229846835136414], [44, 0.10275578498840332], [45, 0.10322504490613937], [46, 0.10371771454811096], [47, 0.10423862934112549], [48, 0.10478214919567108], [49, 0.1053374633193016], [50, 0.10589500516653061], [51, 0.10644721984863281], [52, 0.10698575526475906], [53, 0.10749979317188263], [54, 0.10797758400440216], [55, 0.1084098145365715], [56, 0.1087954193353653], [57, 0.1091495230793953], [58, 0.10950686037540436], [59, 0.10991279780864716], [60, 0.11040302366018295], [61, 0.11098901182413101], [62, 0.11166036128997803], [63, 0.11239271610975266], [64, 0.113155297935009], [65, 0.11392069607973099], [66, 0.11467046290636063], [67, 0.1153927743434906], [68, 0.1160784438252449], [69, 0.11672072112560272], [70, 0.117318294942379], [71, 0.11787839233875275], [72, 0.11841311305761337], [73, 0.1189296692609787], [74, 0.11942701041698456], [75, 0.11990081518888474], [76, 0.1203494668006897], [77, 0.12077531218528748], [78, 0.12118230015039444], [79, 0.12157373130321503], [80, 0.12195087224245071], [81, 0.12231194972991943], [82, 0.12264939397573471]], "actual_epochs": 82, "n_train_used": 1200, "trustworthy": true, "hit_cap": false, "objective": "mse"}