{"trajectory": [[1, 0.0859980434179306], [2, 0.07905516028404236], [3, 0.07905654609203339], [4, 0.0775427296757698], [5, 0.0776008665561676], [6, 0.08055786043405533], [7, 0.07692179083824158], [8, 0.07824381440877914], [9, 0.07695825397968292], [10, 0.07039032876491547], [11, 0.06930435448884964], [12, 0.06552409380674362], [13, 0.06526698172092438], [14, 0.06629970669746399], [15, 0.06869031488895416], [16, 0.06482493877410889], [17, 0.06611296534538269], [18, 0.0661780834197998], [19, 0.06822506338357925], [20, 0.06680002808570862], [21, 0.06427659839391708], [22, 0.06744062155485153], [23, 0.06957229971885681], [24, 0.06591898202896118], [25, 0.06870567798614502], [26, 0.0701248049736023], [27, 0.06633557379245758], [28, 0.07644738256931305], [29, 0.06777536123991013], [30, 0.07165960222482681], [31, 0.067323237657547], [32, 0.06970701366662979], [33, 0.06731163710355759], [34, 0.07207053154706955], [35, 0.0682855024933815], [36, 0.07489920407533646], [37, 0.07034134864807129], [38, 0.071488156914711], [39, 0.07261507958173752], [40, 0.07316625863313675], [41, 0.07042361795902252], [42, 0.0696895569562912], [43, 0.07289906591176987], [44, 0.06887418031692505], [45, 0.06945893913507462], [46, 0.07594607025384903], [47, 0.07261215150356293], [48, 0.07098297774791718], [49, 0.07426662743091583], [50, 0.07315494865179062], [51, 0.07083345204591751], [52, 0.0709836333990097], [53, 0.07817438989877701], [54, 0.07293131202459335], [55, 0.07393624633550644], [56, 0.07441180944442749], [57, 0.07547701150178909], [58, 0.07083913683891296], [59, 0.06992433965206146], [60, 0.0730394721031189], [61, 0.07567985355854034], [62, 0.07046414911746979], [63, 0.07030364871025085], [64, 0.0727672204375267], [65, 0.07312473654747009], [66, 0.0703134760260582], [67, 0.06834694743156433], [68, 0.07028325647115707], [69, 0.07237237691879272], [70, 0.06870536506175995], [71, 0.07161875069141388], [72, 0.07106849551200867], [73, 0.07787632197141647], [74, 0.07357887923717499], [75, 0.07131732255220413], [76, 0.07114534080028534], [77, 0.07329681515693665], [78, 0.07092949002981186], [79, 0.07444882392883301], [80, 0.07052507996559143], [81, 0.07275339961051941]], "actual_epochs": 81, "n_train_used": 1200, "trustworthy": true, "hit_cap": false, "objective": "mse"}