{"trajectory": [[1, 0.21664652228355408], [2, 0.17747509479522705], [3, 0.15079207718372345], [4, 0.13288037478923798], [5, 0.12079751491546631], [6, 0.11239220947027206], [7, 0.10597478598356247], [8, 0.10081956535577774], [9, 0.09650164842605591], [10, 0.092885822057724], [11, 0.09002853184938431], [12, 0.08786970376968384], [13, 0.08620806038379669], [14, 0.08489138633012772], [15, 0.0838632583618164], [16, 0.08310566842556], [17, 0.0825982317328453], [18, 0.08229372650384903], [19, 0.08211686462163925], [20, 0.0819862112402916], [21, 0.08182666450738907], [22, 0.08160306513309479], [23, 0.08130739629268646], [24, 0.08097069710493088], [25, 0.08068376779556274], [26, 0.08053163439035416], [27, 0.08054328709840775], [28, 0.08068840950727463], [29, 0.08090690523386002], [30, 0.08114160597324371], [31, 0.08135345578193665], [32, 0.08152788132429123], [33, 0.08167432993650436], [34, 0.08181412518024445], [35, 0.08197519928216934], [36, 0.08219800889492035], [37, 0.08253062516450882], [38, 0.08299751579761505], [39, 0.08357653766870499], [40, 0.08420330286026001], [41, 0.08479029685258865], [42, 0.08527202159166336], [43, 0.0856313705444336], [44, 0.08587529510259628], [45, 0.08602871000766754], [46, 0.0861126109957695], [47, 0.08614183217287064], [48, 0.08616316318511963], [49, 0.08624620735645294], [50, 0.08643880486488342], [51, 0.08675739169120789], [52, 0.08719956874847412], [53, 0.0877494141459465], [54, 0.08838160336017609], [55, 0.08907667547464371], [56, 0.08982788026332855], [57, 0.09062585979700089], [58, 0.09144794195890427], [59, 0.0922689363360405], [60, 0.09306705743074417], [61, 0.09382137656211853], [62, 0.09451359510421753], [63, 0.09513341635465622], [64, 0.09568203240633011], [65, 0.09616995602846146], [66, 0.09660907834768295], [67, 0.09699997305870056], [68, 0.09735313057899475], [69, 0.09770508855581284], [70, 0.0980883315205574], [71, 0.09851893037557602], [72, 0.09900327026844025], [73, 0.09953068941831589], [74, 0.10007383674383163], [75, 0.10060267150402069], [76, 0.10108853876590729], [77, 0.10149533301591873], [78, 0.10178704559803009], [79, 0.10195103287696838], [80, 0.10200992971658707], [81, 0.10201612114906311], [82, 0.10203654319047928], [83, 0.10212952643632889], [84, 0.10231919586658478], [85, 0.1025942787528038], [86, 0.10293111205101013]], "actual_epochs": 86, "n_train_used": 1200, "trustworthy": true, "hit_cap": false, "objective": "mse"}