{"trajectory": [[1, 0.3126826882362366], [2, 0.272158145904541], [3, 0.2360278069972992], [4, 0.20606708526611328], [5, 0.1802949607372284], [6, 0.15843476355075836], [7, 0.14087411761283875], [8, 0.12817682325839996], [9, 0.1189720407128334], [10, 0.11183331906795502], [11, 0.1066516786813736], [12, 0.10326492041349411], [13, 0.10129997134208679], [14, 0.10047578066587448], [15, 0.10033966600894928], [16, 0.10055501013994217], [17, 0.10093647241592407], [18, 0.10131128132343292], [19, 0.10157624632120132], [20, 0.1016828790307045], [21, 0.10157430917024612], [22, 0.10127102583646774], [23, 0.1008676290512085], [24, 0.10046032071113586], [25, 0.10012014955282211], [26, 0.09987584501504898], [27, 0.0997171550989151], [28, 0.09961920231580734], [29, 0.09956254810094833], [30, 0.09954749047756195], [31, 0.09958703070878983], [32, 0.09968232363462448], [33, 0.099808469414711], [34, 0.09993238002061844], [35, 0.10004023462533951], [36, 0.10013840347528458], [37, 0.10023985803127289], [38, 0.10034629702568054], [39, 0.10048187524080276], [40, 0.10065712034702301], [41, 0.10078946501016617], [42, 0.10085437446832657], [43, 0.10090033710002899], [44, 0.10096470266580582], [45, 0.10105995833873749], [46, 0.10116752237081528], [47, 0.10125401616096497], [48, 0.1013076975941658], [49, 0.10133808106184006], [50, 0.10135280340909958], [51, 0.10134867578744888], [52, 0.10133028030395508], [53, 0.10131639242172241], [54, 0.10131026804447174], [55, 0.10129401832818985], [56, 0.10124603658914566], [57, 0.10116280615329742], [58, 0.10106518119573593], [59, 0.10097947716712952], [60, 0.10092432796955109], [61, 0.10090665519237518], [62, 0.10092222690582275], [63, 0.10096327215433121], [64, 0.10102894902229309], [65, 0.10112443566322327], [66, 0.10125131160020828], [67, 0.1014031246304512], [68, 0.10156884789466858], [69, 0.10173795372247696], [70, 0.10190289467573166], [71, 0.10206028074026108], [72, 0.10221122205257416], [73, 0.10236082226037979], [74, 0.10251636803150177], [75, 0.10268433392047882], [76, 0.10286736488342285], [77, 0.10306375473737717], [78, 0.10326877236366272], [79, 0.10347602516412735], [80, 0.10367834568023682], [81, 0.10386745631694794], [82, 0.1040336862206459], [83, 0.10416705161333084], [84, 0.10426092147827148], [85, 0.10431624948978424], [86, 0.10434230417013168], [87, 0.10435319691896439], [88, 0.10436271876096725], [89, 0.10438094288110733], [90, 0.1044129878282547]], "actual_epochs": 90, "n_train_used": 1200, "trustworthy": true, "hit_cap": false, "objective": "mse"}