{"trajectory": [[1, 0.2536987364292145], [2, 0.21357004344463348], [3, 0.18555229902267456], [4, 0.16513486206531525], [5, 0.1503933221101761], [6, 0.13964353501796722], [7, 0.13082200288772583], [8, 0.12327985465526581], [9, 0.11701422184705734], [10, 0.1121072769165039], [11, 0.10852885991334915], [12, 0.10596944391727448], [13, 0.104057677090168], [14, 0.10256452858448029], [15, 0.10127463936805725], [16, 0.10005171597003937], [17, 0.09884616732597351], [18, 0.09767469018697739], [19, 0.09658695012331009], [20, 0.09563565254211426], [21, 0.09485149383544922], [22, 0.09422438591718674], [23, 0.09369757026433945], [24, 0.09321779012680054], [25, 0.09279252588748932], [26, 0.09247096627950668], [27, 0.09229907393455505], [28, 0.0922926589846611], [29, 0.09242687374353409], [30, 0.09264031052589417], [31, 0.09286297857761383], [32, 0.09305038303136826], [33, 0.09319107979536057], [34, 0.09328833967447281], [35, 0.09334767609834671], [36, 0.09338005632162094], [37, 0.09340322762727737], [38, 0.09343834221363068], [39, 0.0935053601861], [40, 0.09361794590950012], [41, 0.09377821534872055], [42, 0.09397567063570023], [43, 0.09419617801904678], [44, 0.09443432092666626], [45, 0.09469806402921677], [46, 0.09500447660684586], [47, 0.09537221491336823], [48, 0.09581800550222397], [49, 0.09635574370622635], [50, 0.09699299931526184], [51, 0.09772975742816925], [52, 0.09855913370847702], [53, 0.09945861250162125], [54, 0.10037554800510406], [55, 0.10123685002326965], [56, 0.10198552161455154], [57, 0.10261020809412003], [58, 0.10315883904695511], [59, 0.10372122377157211], [60, 0.10438485443592072], [61, 0.10520877689123154], [62, 0.10622058808803558], [63, 0.10741958767175674], [64, 0.10877364128828049], [65, 0.11020872741937637], [66, 0.11161693930625916], [67, 0.11289108544588089], [68, 0.11395833641290665], [69, 0.11479609459638596], [70, 0.11542942374944687], [71, 0.11591485142707825], [72, 0.11631863564252853], [73, 0.11669939756393433], [74, 0.1170961782336235], [75, 0.11752413213253021], [76, 0.11797796934843063], [77, 0.11843772977590561], [78, 0.11887703090906143], [79, 0.11927565187215805], [80, 0.11962977051734924], [81, 0.11994757503271103], [82, 0.12023749947547913], [83, 0.1205010861158371], [84, 0.12073131650686264], [85, 0.12091629207134247], [86, 0.12104591727256775], [87, 0.12111930549144745], [88, 0.1211545541882515]], "actual_epochs": 88, "n_train_used": 1200, "trustworthy": true, "hit_cap": false, "objective": "mse"}