{"trajectory": [[1, 0.0859980434179306], [2, 0.07905516773462296], [3, 0.0790565013885498], [4, 0.07754223793745041], [5, 0.07760022580623627], [6, 0.08055754005908966], [7, 0.0769200548529625], [8, 0.07824062556028366], [9, 0.07693810015916824], [10, 0.07036176323890686], [11, 0.06929080933332443], [12, 0.06551662087440491], [13, 0.06527045369148254], [14, 0.0663100853562355], [15, 0.06870082020759583], [16, 0.06483471393585205], [17, 0.06612160056829453], [18, 0.06616876274347305], [19, 0.0682578906416893], [20, 0.06680436432361603], [21, 0.06427187472581863], [22, 0.06746649742126465], [23, 0.06963558495044708], [24, 0.06589127331972122], [25, 0.06869740039110184], [26, 0.07016972452402115], [27, 0.06626702845096588], [28, 0.07654746621847153], [29, 0.06779620796442032], [30, 0.07172125577926636], [31, 0.06737247109413147], [32, 0.06975852698087692], [33, 0.0673082247376442], [34, 0.07215791940689087], [35, 0.06837423145771027], [36, 0.07503808289766312], [37, 0.07029996067285538], [38, 0.07164723426103592], [39, 0.07276901602745056], [40, 0.07315713912248611], [41, 0.07061278820037842], [42, 0.06962145864963531], [43, 0.07306253165006638], [44, 0.06898851692676544], [45, 0.06952149420976639], [46, 0.07599665224552155], [47, 0.07259897887706757], [48, 0.07104143500328064], [49, 0.07428465783596039], [50, 0.07270395755767822], [51, 0.07071635872125626], [52, 0.07111440598964691], [53, 0.07852605730295181], [54, 0.0730196088552475], [55, 0.0740722268819809], [56, 0.07457709312438965], [57, 0.07538296282291412], [58, 0.07092367857694626], [59, 0.06977496296167374], [60, 0.07309729605913162], [61, 0.07564271986484528], [62, 0.07042661309242249], [63, 0.0703321173787117], [64, 0.07260852307081223], [65, 0.07291828095912933], [66, 0.07025489956140518], [67, 0.06830698996782303], [68, 0.07029440253973007], [69, 0.07221575081348419], [70, 0.06846591830253601], [71, 0.07178191840648651], [72, 0.07101801037788391], [73, 0.07821488380432129], [74, 0.07346346229314804], [75, 0.07133903354406357], [76, 0.07098173350095749], [77, 0.07295405864715576], [78, 0.0713733434677124], [79, 0.07533587515354156], [80, 0.0702965185046196], [81, 0.07349967956542969]], "actual_epochs": 81, "n_train_used": 1200, "trustworthy": true, "hit_cap": false, "objective": "mse"}