{"trajectory": [[1, 0.39762064814567566], [2, 0.36168089509010315], [3, 0.32577019929885864], [4, 0.29252204298973083], [5, 0.262746661901474], [6, 0.23901093006134033], [7, 0.21973483264446259], [8, 0.20550043880939484], [9, 0.196132093667984], [10, 0.1891142725944519], [11, 0.18311500549316406], [12, 0.17718270421028137], [13, 0.17004911601543427], [14, 0.16191086173057556], [15, 0.15360598266124725], [16, 0.14550144970417023], [17, 0.1377485990524292], [18, 0.1305713653564453], [19, 0.12404396384954453], [20, 0.11790086328983307], [21, 0.11186815798282623], [22, 0.1062031164765358], [23, 0.10142958164215088], [24, 0.09765098243951797], [25, 0.09464814513921738], [26, 0.0921369418501854], [27, 0.08991072326898575], [28, 0.08801621198654175], [29, 0.08663235604763031], [30, 0.08581496775150299], [31, 0.08552448451519012], [32, 0.08568466454744339], [33, 0.08616828173398972], [34, 0.08685889840126038], [35, 0.087681844830513], [36, 0.08856558799743652], [37, 0.08939334750175476], [38, 0.09000646322965622], [39, 0.09025577455759048], [40, 0.09006109833717346], [41, 0.0894479900598526], [42, 0.08854396641254425], [43, 0.08753930032253265], [44, 0.0866306722164154], [45, 0.08596798032522202], [46, 0.08562021702528], [47, 0.08556938171386719], [48, 0.08573487401008606], [49, 0.08601894229650497], [50, 0.08634918928146362], [51, 0.08669374138116837], [52, 0.08704527467489243], [53, 0.0873943641781807], [54, 0.08771538734436035], [55, 0.08797135949134827], [56, 0.08812893182039261], [57, 0.0881744995713234], [58, 0.08812405914068222], [59, 0.0880175307393074], [60, 0.0878991112112999], [61, 0.08779856562614441], [62, 0.0877276211977005], [63, 0.087687648832798], [64, 0.08767524361610413], [65, 0.08768057823181152], [66, 0.08768539130687714], [67, 0.08766788989305496], [68, 0.08761356770992279], [69, 0.08752439171075821], [70, 0.08741927891969681], [71, 0.08732638508081436], [72, 0.08727174252271652], [73, 0.0872710645198822], [74, 0.08732713758945465], [75, 0.08743170648813248], [76, 0.08756843209266663], [77, 0.08771616965532303], [78, 0.08785238862037659], [79, 0.08795744925737381], [80, 0.08801830559968948], [81, 0.08803136646747589], [82, 0.08800303936004639], [83, 0.08794812858104706], [84, 0.08788538724184036], [85, 0.08783219754695892], [86, 0.08780089020729065], [87, 0.0877988412976265], [88, 0.08783096075057983], [89, 0.0879015401005745], [90, 0.08801370114088058], [91, 0.08816725760698318]], "actual_epochs": 91, "n_train_used": 1200, "trustworthy": true, "hit_cap": false, "objective": "mse"}