{"trajectory": [[1, 0.45938313007354736], [2, 0.4262855052947998], [3, 0.39474931359291077], [4, 0.3646783232688904], [5, 0.33599141240119934], [6, 0.30870482325553894], [7, 0.2830280661582947], [8, 0.259419709444046], [9, 0.2384023815393448], [10, 0.21975308656692505], [11, 0.20219659805297852], [12, 0.1847817748785019], [13, 0.16723844408988953], [14, 0.14970020949840546], [15, 0.13259907066822052], [16, 0.11662902683019638], [17, 0.10264855623245239], [18, 0.09145998954772949], [19, 0.08352334797382355], [20, 0.0787639319896698], [21, 0.07659488916397095], [22, 0.07615749537944794], [23, 0.07664262503385544], [24, 0.0774906799197197], [25, 0.07840581983327866], [26, 0.07927380502223969], [27, 0.08007488399744034], [28, 0.08082478493452072], [29, 0.08154278993606567], [30, 0.08223801106214523], [31, 0.08290622383356094], [32, 0.083531953394413], [33, 0.08409290015697479], [34, 0.08456449955701828], [35, 0.08492390811443329], [36, 0.08515280485153198], [37, 0.0852392390370369], [38, 0.08517855405807495], [39, 0.08497344702482224], [40, 0.08463366329669952], [41, 0.08417511731386185], [42, 0.08361868560314178], [43, 0.08298879861831665], [44, 0.08231168240308762], [45, 0.08161363005638123], [46, 0.08091924339532852], [47, 0.08024992793798447], [48, 0.07962261885404587], [49, 0.07904922217130661], [50, 0.07853639125823975], [51, 0.07808613032102585], [52, 0.07769667357206345], [53, 0.0773637518286705], [54, 0.07708185911178589], [55, 0.07684540003538132], [56, 0.07664947211742401], [57, 0.07649026066064835], [58, 0.07636505365371704], [59, 0.0762718915939331], [60, 0.07620906829833984], [61, 0.0761745348572731], [62, 0.07616541534662247], [63, 0.07617778331041336], [64, 0.07620661705732346], [65, 0.07624609768390656], [66, 0.07629004865884781], [67, 0.07633262127637863], [68, 0.0763688012957573], [69, 0.07639499008655548], [70, 0.07640916854143143], [71, 0.07641100138425827], [72, 0.07640163600444794], [73, 0.07638329267501831], [74, 0.07635882496833801], [75, 0.07633126527070999], [76, 0.07630341500043869], [77, 0.07627757638692856], [78, 0.0762554332613945], [79, 0.07623804360628128], [80, 0.07622593641281128], [81, 0.07621922343969345], [82, 0.07621776312589645]], "actual_epochs": 82, "n_train_used": 1200, "trustworthy": true, "hit_cap": false, "objective": "mse"}