{"trajectory": [[1, 0.17462944984436035], [2, 0.14097782969474792], [3, 0.1220579519867897], [4, 0.11149075627326965], [5, 0.10573196411132812], [6, 0.10230065137147903], [7, 0.09972001612186432], [8, 0.09752954542636871], [9, 0.09558999538421631], [10, 0.09394415467977524], [11, 0.09258487820625305], [12, 0.09134315699338913], [13, 0.09008041024208069], [14, 0.08880370110273361], [15, 0.08763445168733597], [16, 0.08671504259109497], [17, 0.08613324165344238], [18, 0.08589113503694534], [19, 0.08591129630804062], [20, 0.08607152849435806], [21, 0.08625283092260361], [22, 0.08637483417987823], [23, 0.08640414476394653], [24, 0.0863441526889801], [25, 0.08622168004512787], [26, 0.08607542514801025], [27, 0.08594469726085663], [28, 0.08586291968822479], [29, 0.08585870265960693], [30, 0.08595975488424301], [31, 0.08619093894958496], [32, 0.08656106144189835], [33, 0.0870533436536789], [34, 0.08762650191783905], [35, 0.08822235465049744], [36, 0.08878467977046967], [37, 0.08928078413009644], [38, 0.08970613032579422], [39, 0.09007468074560165], [40, 0.09041085839271545], [41, 0.09073793888092041], [42, 0.09106764197349548], [43, 0.09140048176050186], [44, 0.09173113852739334], [45, 0.09205438196659088], [46, 0.0923689678311348], [47, 0.09267833083868027], [48, 0.09298692643642426], [49, 0.09329494088888168], [50, 0.09359690546989441], [51, 0.09389083832502365], [52, 0.09418905526399612], [53, 0.094520203769207], [54, 0.09491484612226486], [55, 0.0953822061419487], [56, 0.09591249376535416], [57, 0.09648715704679489], [58, 0.09708275645971298], [59, 0.09767341613769531], [60, 0.09824059903621674], [61, 0.09878963977098465], [62, 0.09934838861227036], [63, 0.09994617849588394], [64, 0.1005898267030716], [65, 0.10125567764043808], [66, 0.10190300643444061], [67, 0.10249526053667068], [68, 0.10300815105438232], [69, 0.1034381315112114], [70, 0.10380352288484573], [71, 0.10412526875734329], [72, 0.10442007333040237], [73, 0.10471538454294205], [74, 0.105052649974823], [75, 0.1054588258266449], [76, 0.10592850297689438], [77, 0.10643229633569717], [78, 0.10693486779928207], [79, 0.1074141189455986], [80, 0.10787307471036911], [81, 0.10833670198917389], [82, 0.10883381217718124], [83, 0.10937638580799103], [84, 0.10995233803987503], [85, 0.11052507907152176], [86, 0.11102961003780365], [87, 0.11139704287052155], [88, 0.1116027683019638], [89, 0.1116853877902031]], "actual_epochs": 89, "n_train_used": 1200, "trustworthy": true, "hit_cap": false, "objective": "mse"}