{"trajectory": [[1, 0.11788681149482727], [2, 0.10363069176673889], [3, 0.09640216827392578], [4, 0.09306679666042328], [5, 0.09125516563653946], [6, 0.0902063325047493], [7, 0.08964097499847412], [8, 0.08933211863040924], [9, 0.08900441229343414], [10, 0.08855186402797699], [11, 0.08794450014829636], [12, 0.08721384406089783], [13, 0.08645918220281601], [14, 0.08576346188783646], [15, 0.08514851331710815], [16, 0.08462852239608765], [17, 0.08420766890048981], [18, 0.08388818055391312], [19, 0.08367966115474701], [20, 0.08356735110282898], [21, 0.0835394561290741], [22, 0.08362193405628204], [23, 0.08386930078268051], [24, 0.08432431519031525], [25, 0.08499104529619217], [26, 0.08582603186368942], [27, 0.08673960715532303], [28, 0.08762513846158981], [29, 0.08840298652648926], [30, 0.08904217928647995], [31, 0.08954634517431259], [32, 0.08994463086128235], [33, 0.09028134495019913], [34, 0.09059274941682816], [35, 0.090911366045475], [36, 0.0912805125117302], [37, 0.09172695130109787], [38, 0.09223160892724991], [39, 0.09274157136678696], [40, 0.09320486336946487], [41, 0.0935932993888855], [42, 0.09391383826732635], [43, 0.09418851137161255], [44, 0.09443065524101257], [45, 0.09464755654335022], [46, 0.0948299691081047], [47, 0.09493333101272583], [48, 0.09489668160676956], [49, 0.09468527138233185], [50, 0.09431815147399902], [51, 0.09387882798910141], [52, 0.09347652643918991], [53, 0.09318917244672775], [54, 0.09303844720125198], [55, 0.09299835562705994], [56, 0.0930173397064209], [57, 0.09304770082235336], [58, 0.0930728167295456], [59, 0.09310194849967957], [60, 0.09315648674964905], [61, 0.09325511008501053], [62, 0.09338738769292831], [63, 0.09350583702325821], [64, 0.09354931861162186], [65, 0.09349288791418076], [66, 0.09339318424463272], [67, 0.0933327004313469], [68, 0.09334973245859146], [69, 0.09344341605901718], [70, 0.0935891643166542], [71, 0.09375284612178802], [72, 0.09389986097812653], [73, 0.09401317685842514], [74, 0.0941111221909523], [75, 0.0942380502820015], [76, 0.09443125873804092], [77, 0.09468618035316467], [78, 0.09494887292385101], [79, 0.09515644609928131], [80, 0.09527537971735], [81, 0.09531301259994507]], "actual_epochs": 81, "n_train_used": 1200, "trustworthy": true, "hit_cap": false, "objective": "mse"}