{"trajectory": [[1, 0.11921272426843643], [2, 0.10812341421842575], [3, 0.10208534449338913], [4, 0.09817780554294586], [5, 0.09518487006425858], [6, 0.09269870817661285], [7, 0.09055578708648682], [8, 0.08874531090259552], [9, 0.08732695877552032], [10, 0.08634701371192932], [11, 0.08583814650774002], [12, 0.08563318103551865], [13, 0.08549783378839493], [14, 0.08533158898353577], [15, 0.08519742637872696], [16, 0.08517584949731827], [17, 0.08525412529706955], [18, 0.0852886438369751], [19, 0.0851597860455513], [20, 0.08493054658174515], [21, 0.08470343798398972], [22, 0.08443715423345566], [23, 0.08416630327701569], [24, 0.08402492851018906], [25, 0.08408203721046448], [26, 0.08430188149213791], [27, 0.08466718345880508], [28, 0.08518730103969574], [29, 0.08584902435541153], [30, 0.08659572154283524], [31, 0.08734629303216934], [32, 0.08801975846290588], [33, 0.08853044360876083], [34, 0.08879824727773666], [35, 0.08881257474422455], [36, 0.0886697992682457], [37, 0.08847527951002121], [38, 0.08826147764921188], [39, 0.08803887665271759], [40, 0.08782333135604858], [41, 0.08762669563293457], [42, 0.08745051920413971], [43, 0.08728840947151184], [44, 0.087181456387043], [45, 0.08715266734361649], [46, 0.08718451112508774], [47, 0.08726578950881958], [48, 0.08740745484828949], [49, 0.08762560784816742], [50, 0.08792009949684143], [51, 0.08827081322669983], [52, 0.08864965289831161], [53, 0.08902807533740997], [54, 0.08938497304916382], [55, 0.08971155434846878], [56, 0.09000420570373535], [57, 0.09025980532169342], [58, 0.09047757089138031], [59, 0.09065937995910645], [60, 0.09081079810857773], [61, 0.09094277024269104], [62, 0.09106764197349548], [63, 0.09119145572185516], [64, 0.09131620824337006], [65, 0.09145405888557434], [66, 0.09163232892751694], [67, 0.09187997132539749], [68, 0.09220870584249496], [69, 0.0926070511341095], [70, 0.09304577857255936], [71, 0.09348776191473007], [72, 0.09389868378639221], [73, 0.09425515681505203], [74, 0.09454729408025742], [75, 0.09477672725915909], [76, 0.094952791929245], [77, 0.09508910775184631], [78, 0.09520174562931061], [79, 0.09530675411224365], [80, 0.09541506320238113], [81, 0.09552798420190811], [82, 0.09563743323087692], [83, 0.09573079645633698], [84, 0.09579718858003616]], "actual_epochs": 84, "n_train_used": 1200, "trustworthy": true, "hit_cap": false, "objective": "mse"}