{"trajectory": [[1, 0.39852234721183777], [2, 0.3700339198112488], [3, 0.338467538356781], [4, 0.3031228184700012], [5, 0.2716732323169708], [6, 0.24693305790424347], [7, 0.22563117742538452], [8, 0.20618414878845215], [9, 0.1887708604335785], [10, 0.17372529208660126], [11, 0.16152061522006989], [12, 0.152998685836792], [13, 0.14811541140079498], [14, 0.1450193077325821], [15, 0.14207321405410767], [16, 0.13865125179290771], [17, 0.13427865505218506], [18, 0.12874700129032135], [19, 0.12251196801662445], [20, 0.11642227321863174], [21, 0.11080614477396011], [22, 0.10550978034734726], [23, 0.10077574849128723], [24, 0.09694956243038177], [25, 0.09403078258037567], [26, 0.0916987806558609], [27, 0.08961706608533859], [28, 0.08775085210800171], [29, 0.08631673455238342], [30, 0.0854916200041771], [31, 0.08533217012882233], [32, 0.08580313622951508], [33, 0.08676435798406601], [34, 0.08801046013832092], [35, 0.08931201696395874], [36, 0.09044100344181061], [37, 0.09121295809745789], [38, 0.09154120087623596], [39, 0.09147001802921295], [40, 0.09115222841501236], [41, 0.09077280759811401], [42, 0.09047622233629227], [43, 0.09033508598804474], [44, 0.09035170823335648], [45, 0.09047967195510864], [46, 0.0906539037823677], [47, 0.09081773459911346], [48, 0.09094066172838211], [49, 0.09102065116167068], [50, 0.09106776118278503], [51, 0.09108097106218338], [52, 0.09103601425886154], [53, 0.09089396893978119], [54, 0.09062328189611435], [55, 0.09021957963705063], [56, 0.08971171826124191], [57, 0.0891520157456398], [58, 0.08859836310148239], [59, 0.0880991593003273], [60, 0.08768698573112488], [61, 0.0873783603310585], [62, 0.08717352896928787], [63, 0.08705645054578781], [64, 0.08700037747621536], [65, 0.08697999268770218], [66, 0.08698222786188126], [67, 0.08700749278068542], [68, 0.08706175535917282], [69, 0.08714782446622849], [70, 0.08726256340742111], [71, 0.08739972114562988], [72, 0.087552510201931], [73, 0.0877138078212738], [74, 0.08787480741739273], [75, 0.08802534639835358], [76, 0.08815637230873108], [77, 0.08826305717229843], [78, 0.08834632486104965], [79, 0.0884125754237175], [80, 0.08847155421972275], [81, 0.08853379637002945], [82, 0.08860818296670914], [83, 0.08870047330856323], [84, 0.08881277590990067], [85, 0.08894381672143936], [86, 0.08908913284540176], [87, 0.08924124389886856], [88, 0.08938999474048615], [89, 0.08952346444129944], [90, 0.08963009715080261], [91, 0.089701347053051]], "actual_epochs": 91, "n_train_used": 1200, "trustworthy": true, "hit_cap": false, "objective": "mse"}