{"trajectory": [[1, 0.19947823882102966], [2, 0.1587473303079605], [3, 0.1323174685239792], [4, 0.1168425977230072], [5, 0.10987461358308792], [6, 0.10726890712976456], [7, 0.10607976466417313], [8, 0.10473397374153137], [9, 0.10259712487459183], [10, 0.09991999715566635], [11, 0.09722600132226944], [12, 0.09483249485492706], [13, 0.09283769875764847], [14, 0.09119193255901337], [15, 0.08982966840267181], [16, 0.0887673944234848], [17, 0.08800589293241501], [18, 0.08748667687177658], [19, 0.08715324103832245], [20, 0.08697230368852615], [21, 0.08692296594381332], [22, 0.08698118478059769], [23, 0.08711987733840942], [24, 0.08732190728187561], [25, 0.08757578581571579], [26, 0.08786115050315857], [27, 0.08814840018749237], [28, 0.08841732144355774], [29, 0.08867070823907852], [30, 0.08892182260751724], [31, 0.0891694501042366], [32, 0.08939328789710999], [33, 0.08957397192716599], [34, 0.0897069200873375], [35, 0.08980140835046768], [36, 0.08987364172935486], [37, 0.08994191139936447], [38, 0.09002578258514404], [39, 0.09014278650283813], [40, 0.09030025452375412], [41, 0.09048724174499512], [42, 0.09068432450294495], [43, 0.090883269906044], [44, 0.09108986705541611], [45, 0.0913088321685791], [46, 0.09153126925230026], [47, 0.09174419939517975], [48, 0.09194857627153397], [49, 0.09215550124645233], [50, 0.09237339347600937], [51, 0.09259345382452011], [52, 0.09280028939247131], [53, 0.09300553798675537], [54, 0.09324058890342712], [55, 0.0935361385345459], [56, 0.09391365200281143], [57, 0.09438113868236542], [58, 0.09493280202150345], [59, 0.09555413573980331], [60, 0.0962250679731369], [61, 0.09692008048295975], [62, 0.09761075675487518], [63, 0.09827190637588501], [64, 0.09888538718223572], [65, 0.09943976253271103], [66, 0.09993016719818115], [67, 0.10035975277423859], [68, 0.10074035078287125], [69, 0.10109105706214905], [70, 0.10143404453992844], [71, 0.10178662836551666], [72, 0.10215436667203903], [73, 0.10253215581178665], [74, 0.10291074216365814], [75, 0.10328067094087601], [76, 0.10363186150789261], [77, 0.10395291447639465], [78, 0.10423387587070465], [79, 0.10447116941213608], [80, 0.10467095673084259], [81, 0.10484854131937027]], "actual_epochs": 81, "n_train_used": 1200, "trustworthy": true, "hit_cap": false, "objective": "mse"}