{"trajectory": [[1, 0.24074290692806244], [2, 0.19571025669574738], [3, 0.1663721650838852], [4, 0.1476869136095047], [5, 0.1353456974029541], [6, 0.12610463798046112], [7, 0.11886870115995407], [8, 0.113413505256176], [9, 0.10955394804477692], [10, 0.10652954131364822], [11, 0.10388554632663727], [12, 0.10155468434095383], [13, 0.09971512109041214], [14, 0.09839142858982086], [15, 0.0972631648182869], [16, 0.09618762880563736], [17, 0.09518229216337204], [18, 0.09422127157449722], [19, 0.09327463805675507], [20, 0.09235561639070511], [21, 0.09150317311286926], [22, 0.09073463082313538], [23, 0.09004270285367966], [24, 0.08943524956703186], [25, 0.0889468640089035], [26, 0.08861316740512848], [27, 0.08844825625419617], [28, 0.08843997865915298], [29, 0.08856197446584702], [30, 0.0887894332408905], [31, 0.08910224586725235], [32, 0.08947912603616714], [33, 0.0898951068520546], [34, 0.09032320976257324], [35, 0.09073719382286072], [36, 0.09111389517784119], [37, 0.09143558144569397], [38, 0.0916924774646759], [39, 0.09188391268253326], [40, 0.09201721101999283], [41, 0.09210383147001266], [42, 0.09215515106916428], [43, 0.09218033403158188], [44, 0.09218651056289673], [45, 0.09217941015958786], [46, 0.09216515719890594], [47, 0.0921524167060852], [48, 0.0921517163515091], [49, 0.09217230975627899], [50, 0.092219777405262], [51, 0.09229721128940582], [52, 0.09240800142288208], [53, 0.09255480766296387], [54, 0.09273437410593033], [55, 0.0929345190525055], [56, 0.09313716739416122], [57, 0.09332377463579178], [58, 0.09347989410161972], [59, 0.09359782189130783], [60, 0.09367740154266357], [61, 0.09372510015964508], [62, 0.09375131875276566], [63, 0.09376747161149979], [64, 0.09378461539745331], [65, 0.0938120037317276], [66, 0.09385388344526291], [67, 0.09390834718942642], [68, 0.09396924078464508], [69, 0.09402966499328613], [70, 0.09408459812402725], [71, 0.0941317230463028], [72, 0.09417130053043365], [73, 0.09420605003833771], [74, 0.09424076229333878], [75, 0.09428168833255768], [76, 0.09433601051568985], [77, 0.0944116935133934], [78, 0.09451691061258316], [79, 0.09465872496366501], [80, 0.09484104812145233], [81, 0.09506244957447052], [82, 0.09531509876251221], [83, 0.09558524191379547], [84, 0.09585539251565933], [85, 0.09610819816589355], [86, 0.09633130580186844], [87, 0.0965203270316124], [88, 0.09667814522981644]], "actual_epochs": 88, "n_train_used": 1200, "trustworthy": true, "hit_cap": false, "objective": "mse"}