{"trajectory": [[1, 0.220648854970932], [2, 0.17977821826934814], [3, 0.15222731232643127], [4, 0.13337121903896332], [5, 0.12014452368021011], [6, 0.11065425723791122], [7, 0.10342799872159958], [8, 0.09756914526224136], [9, 0.0928090438246727], [10, 0.08894302695989609], [11, 0.0859646201133728], [12, 0.08378016203641891], [13, 0.08220172673463821], [14, 0.08114544302225113], [15, 0.08043160289525986], [16, 0.07988832145929337], [17, 0.0794847384095192], [18, 0.079221710562706], [19, 0.07907621562480927], [20, 0.07901789247989655], [21, 0.07898232340812683], [22, 0.07891194522380829], [23, 0.07878905534744263], [24, 0.07864455133676529], [25, 0.07854337245225906], [26, 0.07855186611413956], [27, 0.07867565006017685], [28, 0.07885992527008057], [29, 0.07905624061822891], [30, 0.07925683259963989], [31, 0.07947195321321487], [32, 0.0797106921672821], [33, 0.07999323308467865], [34, 0.08035256713628769], [35, 0.08081468939781189], [36, 0.08138717710971832], [37, 0.08205943554639816], [38, 0.08280287683010101], [39, 0.08357134461402893], [40, 0.08431173115968704], [41, 0.08498460799455643], [42, 0.08557215332984924], [43, 0.08607471734285355], [44, 0.08650911599397659], [45, 0.08689865469932556], [46, 0.08726222068071365], [47, 0.08761654049158096], [48, 0.0879833996295929], [49, 0.08838261663913727], [50, 0.0888192281126976], [51, 0.08928646892309189], [52, 0.0897793099284172], [53, 0.09030330926179886], [54, 0.0908704400062561], [55, 0.09148244559764862], [56, 0.09211957454681396], [57, 0.09274797886610031], [58, 0.09334186464548111], [59, 0.09391418844461441], [60, 0.09451199322938919], [61, 0.09517572820186615], [62, 0.09591291099786758], [63, 0.09670047461986542], [64, 0.09749779850244522], [65, 0.09826989471912384], [66, 0.09901010990142822], [67, 0.09973382204771042], [68, 0.10045364499092102], [69, 0.10117331892251968], [70, 0.1018974706530571], [71, 0.10262846946716309], [72, 0.10335707664489746], [73, 0.10407420247793198], [74, 0.10478710383176804], [75, 0.10550986230373383], [76, 0.1062391921877861], [77, 0.10694938898086548], [78, 0.10760615020990372], [79, 0.10817907750606537], [80, 0.10865096747875214], [81, 0.10902302712202072], [82, 0.10931219905614853], [83, 0.10954824090003967], [84, 0.10977230221033096], [85, 0.11002785712480545]], "actual_epochs": 85, "n_train_used": 1200, "trustworthy": true, "hit_cap": false, "objective": "mse"}