{"trajectory": [[1, 0.09574544429779053], [2, 0.08035208284854889], [3, 0.07652455568313599], [4, 0.07524648308753967], [5, 0.0730806514620781], [6, 0.0747784823179245], [7, 0.07539566606283188], [8, 0.07512057572603226], [9, 0.07501140236854553], [10, 0.07559551298618317], [11, 0.07615405321121216], [12, 0.07726535946130753], [13, 0.07546050101518631], [14, 0.0754334032535553], [15, 0.07727813720703125], [16, 0.07427780330181122], [17, 0.07456007599830627], [18, 0.07278720289468765], [19, 0.07194387167692184], [20, 0.06960798799991608], [21, 0.06756191700696945], [22, 0.06621692329645157], [23, 0.06543020904064178], [24, 0.0641680434346199], [25, 0.06451757997274399], [26, 0.06331838667392731], [27, 0.06409526616334915], [28, 0.06468649208545685], [29, 0.064447782933712], [30, 0.06403272598981857], [31, 0.06404202431440353], [32, 0.0651569664478302], [33, 0.06524418294429779], [34, 0.06425002962350845], [35, 0.06580742448568344], [36, 0.06534314155578613], [37, 0.06624019145965576], [38, 0.06614735722541809], [39, 0.06723067164421082], [40, 0.06710881739854813], [41, 0.06555043905973434], [42, 0.06621547043323517], [43, 0.06548281013965607], [44, 0.0670434981584549], [45, 0.06670156121253967], [46, 0.06672225892543793], [47, 0.06790871918201447], [48, 0.06796951591968536], [49, 0.06743346154689789], [50, 0.06928066909313202], [51, 0.06855203956365585], [52, 0.06868098676204681], [53, 0.06893619149923325], [54, 0.06734169274568558], [55, 0.06785911321640015], [56, 0.06788015365600586], [57, 0.06746862083673477], [58, 0.067244753241539], [59, 0.06829243898391724], [60, 0.0672253966331482], [61, 0.06781523674726486], [62, 0.06799738854169846], [63, 0.0674903392791748], [64, 0.06734056025743484], [65, 0.06719057261943817], [66, 0.06749613583087921], [67, 0.06758197396993637], [68, 0.06731504946947098], [69, 0.06765734404325485], [70, 0.06582462787628174], [71, 0.06637188047170639], [72, 0.06616289168596268], [73, 0.06680206954479218], [74, 0.06654845178127289], [75, 0.06667287647724152], [76, 0.06815477460622787], [77, 0.06948714703321457], [78, 0.0669603943824768], [79, 0.06824426352977753], [80, 0.0671544298529625], [81, 0.06807538121938705], [82, 0.06729591637849808], [83, 0.06773117184638977], [84, 0.06660888344049454], [85, 0.06717429310083389], [86, 0.06724803894758224]], "actual_epochs": 86, "n_train_used": 1200, "trustworthy": true, "hit_cap": false, "objective": "mse"}