{"trajectory": [[1, 0.25577279925346375], [2, 0.20442749559879303], [3, 0.17782102525234222], [4, 0.16323648393154144], [5, 0.15424303710460663], [6, 0.14653483033180237], [7, 0.1390320062637329], [8, 0.13215048611164093], [9, 0.12626269459724426], [10, 0.1212361752986908], [11, 0.11667788028717041], [12, 0.11236660182476044], [13, 0.10832030326128006], [14, 0.10466842353343964], [15, 0.10154101252555847], [16, 0.09899816662073135], [17, 0.09703122824430466], [18, 0.09558406472206116], [19, 0.09455011785030365], [20, 0.09379981458187103], [21, 0.09323333203792572], [22, 0.09279288351535797], [23, 0.092462919652462], [24, 0.09225165098905563], [25, 0.09215758740901947], [26, 0.09215972572565079], [27, 0.09222563356161118], [28, 0.09233147650957108], [29, 0.09246672689914703], [30, 0.09262020140886307], [31, 0.09277187287807465], [32, 0.09289995580911636], [33, 0.09299307316541672], [34, 0.09306072443723679], [35, 0.09312950819730759], [36, 0.09322545677423477], [37, 0.09336613863706589], [38, 0.09355892986059189], [39, 0.09379825741052628], [40, 0.09407267719507217], [41, 0.09436674416065216], [42, 0.09466307610273361], [43, 0.09495032578706741], [44, 0.09521863609552383], [45, 0.09546191245317459], [46, 0.09568628668785095], [47, 0.09591221809387207], [48, 0.09616469591856003], [49, 0.09645672887563705], [50, 0.09678249806165695], [51, 0.09712725877761841], [52, 0.09747974574565887], [53, 0.09783710539340973], [54, 0.09819961339235306], [55, 0.09856356680393219], [56, 0.09892317652702332], [57, 0.09927855432033539], [58, 0.0996360257267952], [59, 0.10000534355640411], [60, 0.10040044039487839], [61, 0.10083448886871338], [62, 0.10131216049194336], [63, 0.10182586312294006], [64, 0.1023573949933052], [65, 0.10288302600383759], [66, 0.1033795028924942], [67, 0.10382919013500214], [68, 0.10422120988368988], [69, 0.10454834997653961], [70, 0.10480491816997528], [71, 0.10498736798763275], [72, 0.10509348660707474], [73, 0.10511822253465652], [74, 0.10506243258714676], [75, 0.10494662821292877], [76, 0.10480485111474991], [77, 0.1046711802482605], [78, 0.10457456856966019], [79, 0.10454054921865463], [80, 0.10459176450967789], [81, 0.10474473983049393], [82, 0.10500361025333405], [83, 0.10535702854394913], [84, 0.1057807058095932], [85, 0.10624563694000244]], "actual_epochs": 85, "n_train_used": 1200, "trustworthy": true, "hit_cap": false, "objective": "mse"}