{"trajectory": [[1, 0.09274650365114212], [2, 0.08291219919919968], [3, 0.07615888863801956], [4, 0.0778600350022316], [5, 0.07711108028888702], [6, 0.07455040514469147], [7, 0.07547614723443985], [8, 0.07807338982820511], [9, 0.08151969313621521], [10, 0.07822923362255096], [11, 0.0710252895951271], [12, 0.07032639533281326], [13, 0.06792035698890686], [14, 0.06782689690589905], [15, 0.06706281751394272], [16, 0.0645793229341507], [17, 0.06591366231441498], [18, 0.064101442694664], [19, 0.06558416038751602], [20, 0.06476842612028122], [21, 0.06802304089069366], [22, 0.06713413447141647], [23, 0.06580601632595062], [24, 0.06744857132434845], [25, 0.06903290748596191], [26, 0.06803426146507263], [27, 0.06873154640197754], [28, 0.06866581737995148], [29, 0.068720743060112], [30, 0.06697343289852142], [31, 0.06871362030506134], [32, 0.06993395835161209], [33, 0.06616447865962982], [34, 0.06774267554283142], [35, 0.07003917545080185], [36, 0.0712769404053688], [37, 0.06826756149530411], [38, 0.07216766476631165], [39, 0.0678045004606247], [40, 0.06819415092468262], [41, 0.06886007636785507], [42, 0.06772138923406601], [43, 0.06906671822071075], [44, 0.0673331469297409], [45, 0.07237694412469864], [46, 0.0700998604297638], [47, 0.0718349814414978], [48, 0.06733087450265884], [49, 0.06636058539152145], [50, 0.07159922271966934], [51, 0.06898050010204315], [52, 0.06823331117630005], [53, 0.06812667101621628], [54, 0.06934323161840439], [55, 0.06941206008195877], [56, 0.06894154101610184], [57, 0.06902238726615906], [58, 0.07226760685443878], [59, 0.06851090490818024], [60, 0.0724109336733818], [61, 0.07092416286468506], [62, 0.07270810753107071], [63, 0.06850743293762207], [64, 0.06759779155254364], [65, 0.07165718078613281], [66, 0.06803521513938904], [67, 0.07109955698251724], [68, 0.0710945799946785], [69, 0.0672234371304512], [70, 0.06892983615398407], [71, 0.07113756239414215], [72, 0.06661631911993027], [73, 0.06870909035205841], [74, 0.06757146865129471], [75, 0.07145997136831284], [76, 0.06822683662176132], [77, 0.06976120918989182], [78, 0.06770600378513336]], "actual_epochs": 78, "n_train_used": 1200, "trustworthy": true, "hit_cap": false, "objective": "mse"}