{"trajectory": [[1, 0.11871060729026794], [2, 0.10473975539207458], [3, 0.09643413871526718], [4, 0.09172886610031128], [5, 0.08920028060674667], [6, 0.08780169486999512], [7, 0.08700409531593323], [8, 0.08654242753982544], [9, 0.08606468141078949], [10, 0.0854053720831871], [11, 0.08463533222675323], [12, 0.08386050164699554], [13, 0.0831167921423912], [14, 0.08240465819835663], [15, 0.08172514289617538], [16, 0.08107826113700867], [17, 0.08048824220895767], [18, 0.07999107241630554], [19, 0.07960774749517441], [20, 0.07931222766637802], [21, 0.07907979935407639], [22, 0.07891375571489334], [23, 0.07882919907569885], [24, 0.07883612811565399], [25, 0.07892665266990662], [26, 0.07908561080694199], [27, 0.0792967677116394], [28, 0.07954120635986328], [29, 0.07979857176542282], [30, 0.08004344999790192], [31, 0.08025405555963516], [32, 0.08042022585868835], [33, 0.08054114133119583], [34, 0.08062073588371277], [35, 0.08067015558481216], [36, 0.08070540428161621], [37, 0.0807323008775711], [38, 0.08074376732110977], [39, 0.08074568957090378], [40, 0.08075052499771118], [41, 0.08076582849025726], [42, 0.0807974636554718], [43, 0.08084633201360703], [44, 0.0809101089835167], [45, 0.08098907768726349], [46, 0.08108507096767426], [47, 0.08119846135377884], [48, 0.08132795244455338], [49, 0.08146974444389343], [50, 0.08161594718694687], [51, 0.0817570611834526], [52, 0.08188604563474655], [53, 0.08199947327375412], [54, 0.08209722489118576], [55, 0.08218095451593399], [56, 0.08225147426128387], [57, 0.08230703324079514], [58, 0.0823453739285469], [59, 0.08236762881278992], [60, 0.08237683027982712], [61, 0.08237262815237045], [62, 0.08235413581132889], [63, 0.08232574164867401], [64, 0.08229578286409378], [65, 0.08227510750293732], [66, 0.08227738738059998], [67, 0.08231643587350845], [68, 0.08239919692277908], [69, 0.08251779526472092], [70, 0.08265167474746704], [71, 0.08278008550405502], [72, 0.08288775384426117], [73, 0.08296360075473785], [74, 0.08300121128559113], [75, 0.08300096541643143], [76, 0.08297018706798553], [77, 0.08292068541049957], [78, 0.08286493271589279], [79, 0.08281350135803223], [80, 0.08277396112680435], [81, 0.08275104314088821], [82, 0.08274728059768677], [83, 0.08276335895061493]], "actual_epochs": 83, "n_train_used": 3200, "trustworthy": true, "hit_cap": false, "objective": "mse"}