{
  "device": "cpu",
  "depths": [
    1,
    2,
    3,
    4,
    5,
    6
  ],
  "seeds": [
    0,
    1,
    2
  ],
  "n_train": 1000,
  "n_val": 500,
  "hidden_size": 24,
  "epochs": 300,
  "lr": 0.005,
  "toy_g_marginal_variance": {
    "target": 0.25,
    "lo": 0.25086498260498047,
    "hi": 0.24998189508914948
  },
  "G": {
    "mean_nll_lo": [
      0.07316893531466101,
      0.05690330461201995,
      0.0628526095900519,
      0.08303498110532799,
      0.06340195102095304,
      0.08552570191514515
    ],
    "mean_nll_hi": [
      0.6075564675480482,
      0.45786103650252435,
      0.26963519828362464,
      0.14810988545232615,
      0.11483196804267902,
      0.15669795878961967
    ],
    "argmin_depth_lo": 2,
    "argmin_depth_hi": 5,
    "knee_r_star_lo": 2,
    "knee_r_star_hi": 5,
    "knee_delta_curve_lo": {
      "1": 0.0,
      "2": 0.016651341042991687,
      "3": 0.01039975635834655,
      "4": -0.009097635187942946,
      "5": 0.010538117419169546,
      "6": -0.011535082506835853
    },
    "knee_delta_curve_hi": {
      "1": 0.0,
      "2": 0.14366535609462,
      "3": 0.3513243985211121,
      "4": 0.4565456748425869,
      "5": 0.48893179262626574,
      "6": 0.4506364016408032
    },
    "knee_se_lo": {
      "2": 0.00734362445007412,
      "3": 0.0058865071430549264
    },
    "knee_se_hi": {
      "2": 0.01483227432859324,
      "3": 0.02898575984298377,
      "4": 0.023476318749886302,
      "5": 0.010579677811109196,
      "6": 0.01183346424848398
    },
    "cap_saturation_warnings": []
  },
  "G_flat": {
    "mean_nll_lo": [
      0.05817910391497535,
      0.06126686559756824,
      0.06162095914607191,
      0.06544416077441473,
      0.06261426425327704,
      0.06287595811730078
    ],
    "mean_nll_hi": [
      0.04062129404491326,
      0.04199345465366345,
      0.044679363592641186,
      0.045246043616223725,
      0.04463385069731154,
      0.0456484613989022
    ],
    "argmin_depth_lo": 1,
    "argmin_depth_hi": 1,
    "knee_r_star_lo": 0,
    "knee_r_star_hi": 0,
    "knee_delta_curve_lo": {
      "1": 0.0,
      "2": -0.003159018975049846,
      "3": -0.003418682145539781,
      "4": -0.007208462280763425,
      "5": -0.00456250918130837,
      "6": -0.0046322819202864185
    },
    "knee_delta_curve_hi": {
      "1": 0.0,
      "2": -0.0013530259606641462,
      "3": -0.004165216352846043,
      "4": -0.004701692978971224,
      "5": -0.003945460802647356,
      "6": -0.005208439126872889
    },
    "knee_se_lo": {
      "2": 0.0020178298064382006
    },
    "knee_se_hi": {
      "2": 0.0021984321046998405
    },
    "cap_saturation_warnings": []
  },
  "H": {
    "mean_nll_lo": [
      -0.13421214160691278,
      -0.7350695410386665,
      -0.7261266344132551,
      -0.7899305865432865,
      -0.7925232000588927,
      -0.7737102561235352
    ],
    "mean_nll_hi": [
      1.3307450381040298,
      1.2813831341680355,
      1.2405911435818897,
      1.2332560613501613,
      1.2479281923178958,
      1.249917032239147
    ],
    "argmin_depth_lo": 5,
    "argmin_depth_hi": 4,
    "knee_r_star_lo": 2,
    "knee_r_star_hi": 3,
    "knee_delta_curve_lo": {
      "1": 0.0,
      "2": 0.6161345731269363,
      "3": 0.6100185266533762,
      "4": 0.6718161283070088,
      "5": 0.673891690528784,
      "6": 0.6549378556726224
    },
    "knee_delta_curve_hi": {
      "1": 0.0,
      "2": 0.04980092739915731,
      "3": 0.0891191952550563,
      "4": 0.0968060651579834,
      "5": 0.082490846628124,
      "6": 0.07975837581504908
    },
    "knee_se_lo": {
      "2": 0.02931298824757916,
      "3": 0.016910200701616654
    },
    "knee_se_hi": {
      "2": 0.015277317545892935,
      "3": 0.01018053749409892,
      "4": 0.007189555800063568
    },
    "cap_saturation_warnings": []
  },
  "wall_time_sec": 169.10411763191223
}