{
  "config": {
    "k_max": 6,
    "alpha0": 0.1,
    "sigma": 0.3,
    "sep": [
      0.3,
      4.0
    ],
    "n_tr": 1500,
    "n_te": 4000,
    "epochs": 500,
    "seeds": [
      0,
      1,
      2
    ],
    "x_star": 0.45945945945945943
  },
  "conditions": [
    {
      "label": "make_toy_c (genuine)",
      "grid": [
        0.0,
        0.025641025975346565,
        0.05128205195069313,
        0.07692307978868484,
        0.10256410390138626,
        0.12820513546466827,
        0.1538461595773697,
        0.1794871836900711,
        0.20512820780277252,
        0.23076923191547394,
        0.25641027092933655,
        0.28205129504203796,
        0.3076923191547394,
        0.3333333432674408,
        0.3589743673801422,
        0.38461539149284363,
        0.41025641560554504,
        0.43589743971824646,
        0.4615384638309479,
        0.4871794879436493,
        0.5128205418586731,
        0.5384615659713745,
        0.5641025900840759,
        0.5897436141967773,
        0.6153846383094788,
        0.6410256624221802,
        0.6666666865348816,
        0.692307710647583,
        0.7179487347602844,
        0.7435897588729858,
        0.7692307829856873,
        0.7948718070983887,
        0.8205128312110901,
        0.8461538553237915,
        0.8717948794364929,
        0.8974359035491943,
        0.9230769276618958,
        0.9487179517745972,
        0.9743589758872986,
        1.0
      ],
      "bin_centers": [
        0.020833333333333332,
        0.0625,
        0.10416666666666666,
        0.14583333333333331,
        0.1875,
        0.22916666666666666,
        0.2708333333333333,
        0.3125,
        0.35416666666666663,
        0.3958333333333333,
        0.4375,
        0.47916666666666663,
        0.5208333333333333,
        0.5625,
        0.6041666666666666,
        0.6458333333333333,
        0.6875,
        0.7291666666666666,
        0.7708333333333333,
        0.8125,
        0.8541666666666666,
        0.8958333333333333,
        0.9375,
        0.9791666666666666
      ],
      "binned_delta_mean": [
        -0.016676508200665314,
        -0.029786416174223024,
        -0.02275499375537038,
        0.002006204022715489,
        -0.0018226047977805138,
        -0.0214466517791152,
        -0.006978611617038648,
        -0.006304316998769839,
        -0.012158814507226149,
        -0.01666982875516017,
        -0.027172177331522107,
        -0.009118102801342806,
        0.014080082066357136,
        0.008903238301475843,
        0.01428249548189342,
        0.03370277645687262,
        0.026935766140619915,
        0.04376036844526728,
        0.042518707613150276,
        0.054249349127834044,
        0.10804961870114009,
        0.1104263886809349,
        0.12758712967236838,
        0.06970283885796864
      ],
      "binned_delta_std": [
        0.019812059633477035,
        0.028610363245446774,
        0.02214065263228916,
        0.004515444855455166,
        0.01027979338865161,
        0.009606917394807296,
        0.006791061760138434,
        0.0009575581728936503,
        0.01440485846061696,
        0.012614987846082804,
        0.020029099467723775,
        0.016973921562275396,
        0.005099847935206165,
        0.03559525557481129,
        0.012981699463952577,
        0.009709268719781219,
        0.010223315062276821,
        0.030881442486118932,
        0.0024135604245182126,
        0.042653532666824104,
        0.012617176759478725,
        0.0398038248714985,
        0.02318662819709664,
        0.03435735585396544
      ],
      "gold_delta_mean": [
        -0.03268093382939696,
        -0.02124320964018504,
        -0.024425578924516838,
        -0.019942686427384615,
        -0.01833409324171953,
        -0.021248146270712216,
        -0.02015888841803341,
        -0.019037465021635096,
        -0.016508690391977627,
        -0.01084283630674084,
        -0.0034871240301678577,
        -0.010076493180046478,
        -0.007136752363294363,
        -0.008881301735527813,
        -0.009905844771613678,
        -0.0046297999991414445,
        -0.015720361998925608,
        -0.027799884594666462,
        -0.011465086291233698,
        0.0014602793380618095,
        0.007945786773537597,
        0.01541943196207285,
        0.027704523876309395,
        0.028812739998102188,
        0.03151581063866615,
        0.027598594315350056,
        0.0393952081600825,
        0.04422946025927862,
        0.05235055213173231,
        0.043336515625317894,
        0.07198679198821385,
        0.0696231983602047,
        0.08046482503414154,
        0.10143086065848668,
        0.09882138917843501,
        0.11101137846708298,
        0.12207584083080292,
        0.13567911585172018,
        0.13834803303082785,
        0.1304066280523936
      ],
      "gold_delta_std": [
        0.020780369138923716,
        0.009064565569085636,
        0.011512006928840076,
        0.0178568569086028,
        0.023449803837599602,
        0.014345973915544973,
        0.015921132294049366,
        0.012264667346301985,
        0.00811308350367629,
        0.0028855369130866026,
        0.004192856048067098,
        0.0036095412705458955,
        0.0012149738473162654,
        0.010444984590977816,
        0.006345975396766236,
        0.011453223844926695,
        0.018286503784315806,
        0.045673459506648986,
        0.025760218480453026,
        0.01852451778960972,
        0.004403966237647023,
        0.003350463332193523,
        0.007484093308857202,
        0.005879290899308938,
        0.011624267185084884,
        0.011449451267965425,
        0.002609250885144973,
        0.005171851645364542,
        0.016105019273782294,
        0.0033926647686786,
        0.0054073973539602175,
        0.009923297744145403,
        0.00019183625352336476,
        0.008032902868307918,
        0.012022379854737258,
        0.003987356564871006,
        0.005652085956143521,
        0.007488879411299578,
        0.00585639081497179,
        0.025198742985120332
      ],
      "global_surviving_k": {
        "median": 2.0,
        "values": [
          2,
          4,
          2
        ]
      },
      "global_effective_number": {
        "mean": 2.903557913460912,
        "values": [
          2.4050061233216957,
          3.5062125777492916,
          2.7994550393117485
        ]
      }
    },
    {
      "label": "make_toy_c_broad (trap)",
      "grid": [
        0.0,
        0.025641025975346565,
        0.05128205195069313,
        0.07692307978868484,
        0.10256410390138626,
        0.12820513546466827,
        0.1538461595773697,
        0.1794871836900711,
        0.20512820780277252,
        0.23076923191547394,
        0.25641027092933655,
        0.28205129504203796,
        0.3076923191547394,
        0.3333333432674408,
        0.3589743673801422,
        0.38461539149284363,
        0.41025641560554504,
        0.43589743971824646,
        0.4615384638309479,
        0.4871794879436493,
        0.5128205418586731,
        0.5384615659713745,
        0.5641025900840759,
        0.5897436141967773,
        0.6153846383094788,
        0.6410256624221802,
        0.6666666865348816,
        0.692307710647583,
        0.7179487347602844,
        0.7435897588729858,
        0.7692307829856873,
        0.7948718070983887,
        0.8205128312110901,
        0.8461538553237915,
        0.8717948794364929,
        0.8974359035491943,
        0.9230769276618958,
        0.9487179517745972,
        0.9743589758872986,
        1.0
      ],