{
  "arm": "prefix_all_rungs",
  "targets": "prefix",
  "schedule": "all_rungs",
  "group": "a5",
  "seq_len": 6,
  "readout": "shared",
  "seed": 1,
  "ladder": [
    1,
    2,
    3,
    4,
    5,
    6
  ],
  "full_depth": 6,
  "width": 32,
  "params": 8060,
  "n_classes": 60,
  "chance": 0.016666666666666666,
  "n_train": 3072,
  "n_val": 512,
  "n_test": 512,
  "hyperparameters": {
    "lr": 0.003,
    "clip_max_norm": 1.0,
    "max_epochs": 40000,
    "train_frac": 0.75,
    "val_frac": 0.125,
    "test_frac": 0.125,
    "weight_decay": 0.0,
    "dropout": 0.0
  },
  "positive_control_bar_acc": 0.9,
  "test_acc": 0.427734375,
  "val_acc": 0.462890625,
  "train_acc": 0.9973958134651184,
  "trustworthy_ce": false,
  "trustworthy_acc": true,
  "trustworthy": false,
  "hit_cap": false,
  "clears_bar": false,
  "train_acc_per_depth": {
    "1": 1.0,
    "2": 1.0,
    "3": 0.9996744990348816,
    "4": 0.9996744990348816,
    "5": 0.9990234375,
    "6": 0.9973958134651184
  },
  "val_acc_per_depth": {
    "1": 1.0,
    "2": 1.0,
    "3": 0.99609375,
    "4": 0.986328125,
    "5": 0.89453125,
    "6": 0.462890625
  },
  "test_acc_per_depth": {
    "1": 1.0,
    "2": 1.0,
    "3": 0.994140625,
    "4": 0.990234375,
    "5": 0.880859375,
    "6": 0.427734375
  },
  "ce_gate": {
    "converged": true,
    "hit_cap": false,
    "trustworthy": false,
    "still_improving_at_stop": false,
    "diverged": true,
    "stop_epoch": 3500,
    "best_val": 0.4204123225451137,
    "best_epoch": 1000,
    "recent_improvement": -0.20279421360646666,
    "trajectory": [
      [
        250,
        1.3532577579220135
      ],
      [
        500,
        0.605224677051107
      ],
      [
        750,
        0.44725649466272444
      ],
      [
        1000,
        0.4204123225451137
      ],
      [
        1250,
        0.43813069849663105
      ],
      [
        1500,
        0.464677496580407
      ],
      [
        1750,
        0.49048727257953334
      ],
      [
        2000,
        0.5158863347411776
      ],
      [
        2250,
        0.54260453718598
      ],
      [
        2500,
        0.5754032259671172
      ],
      [
        2750,
        0.5899915644258726
      ],
      [
        3000,
        0.6236086815721743
      ],
      [
        3250,
        0.6486765589070274
      ],
      [
        3500,
        0.6705568671847383
      ],
      [
        3750,
        0.6914374013989194
      ],
      [
        4000,
        0.9635262187221088
      ],
      [
        4250,
        0.7070797458861003
      ],
      [
        4500,
        0.7328678719313757
      ],
      [
        4750,
        0.7532307920931393
      ],
      [
        5000,
        0.7733283148233264
      ],
      [
        5250,
        0.7927857780323393
      ]
    ]
  },
  "acc_gate": {
    "converged": true,
    "hit_cap": false,
    "still_improving": false,
    "diverged": false,
    "trustworthy": true,
    "stop_epoch": 5250,
    "best_val": 0.462890625,
    "best_epoch": 2750,
    "recent_improvement": -0.009765625,
    "trajectory": [
      [
        250,
        0.142578125
      ],
      [
        500,
        0.2421875
      ],
      [
        750,
        0.3828125
      ],
      [
        1000,
        0.423828125
      ],
      [
        1250,
        0.4375
      ],
      [
        1500,
        0.44921875
      ],
      [
        1750,
        0.458984375
      ],
      [
        2000,
        0.44921875
      ],
      [
        2250,
        0.451171875
      ],
      [
        2500,
        0.4375
      ],
      [
        2750,
        0.462890625
      ],
      [
        3000,
        0.453125
      ],
      [
        3250,
        0.4609375
      ],
      [
        3500,
        0.462890625
      ],
      [
        3750,
        0.451171875
      ],
      [
        4000,
        0.3203125
      ],
      [
        4250,
        0.4609375
      ],
      [
        4500,
        0.451171875
      ],
      [
        4750,
        0.453125
      ],
      [
        5000,
        0.451171875
      ],
      [
        5250,
        0.453125
      ]
    ]
  },
  "val_ce_trajectory": [
    [
      250,
      1.3532577579220135
    ],
    [
      500,
      0.605224677051107
    ],
    [
      750,
      0.44725649466272444
    ],
    [
      1000,
      0.4204123225451137
    ],
    [
      1250,
      0.43813069849663105
    ],
    [
      1500,
      0.464677496580407
    ],
    [
      1750,
      0.49048727257953334
    ],
    [
      2000,
      0.5158863347411776
    ],
    [
      2250,
      0.54260453718598
    ],
    [
      2500,
      0.5754032259671172
    ],
    [
      2750,
      0.5899915644258726
    ],
    [
      3000,
      0.6236086815721743
    ],
    [
      3250,
      0.6486765589070274
    ],
    [
      3500,
      0.6705568671847383
    ],
    [
      3750,
      0.6914374013989194
    ],
    [
      4000,
      0.9635262187221088
    ],
    [
      4250,
      0.7070797458861003
    ],
    [
      4500,
      0.7328678719313757
    ],
    [
      4750,
      0.7532307920931393
    ],
    [
      5000,
      0.7733283148233264
    ],
    [
      5250,
      0.7927857780323393
    ]
  ],
  "val_acc_full_trajectory": [
    [
      250,
      0.142578125
    ],
    [
      500,
      0.2421875
    ],
    [
      750,
      0.3828125
    ],
    [
      1000,
      0.423828125
    ],
    [
      1250,
      0.4375
    ],
    [
      1500,
      0.44921875
    ],
    [
      1750,
      0.458984375
    ],
    [
      2000,
      0.44921875
    ],
    [
      2250,
      0.451171875
    ],
    [
      2500,
      0.4375
    ],
    [
      2750,
      0.462890625
    ],
    [
      3000,
      0.453125
    ],
    [
      3250,
      0.4609375
    ],
    [
      3500,
      0.462890625
    ],
    [
      3750,
      0.451171875
    ],
    [
      4000,
      0.3203125
    ],
    [
      4250,
      0.4609375
    ],
    [
      4500,
      0.451171875
    ],
    [
      4750,
      0.453125
    ],
    [
      5000,
      0.451171875
    ],
    [
      5250,
      0.453125
    ]
  ],
  "train_acc_full_trajectory": [
    [
      250,
      0.1627604216337204
    ],
    [
      500,
      0.3743489682674408
    ],
    [
      750,
      0.6686198115348816
    ],
    [
      1000,
      0.8388671875
    ],
    [
      1250,
      0.9228515625
    ],
    [
      1500,
      0.9449869990348816
    ],
    [
      1750,
      0.9765625
    ],
    [
      2000,
      0.9889323115348816
    ],
    [
      2250,
      0.994140625
    ],
    [
      2500,
      0.99609375
    ],
    [
      2750,
      0.9973958134651184
    ],
    [
      3000,
      0.9993489384651184
    ],
    [
      3250,
      0.9993489384651184
    ],
    [
      3500,
      1.0
    ],
    [
      3750,
      1.0
    ],
    [
      4000,
      0.6022135615348816
    ],
    [
      4250,
      1.0
    ],
    [
      4500,
      1.0
    ],
    [
      4750,
      1.0
    ],
    [
      5000,
      1.0
    ],
    [
      5250,
      1.0
    ]
  ]
}