{
  "arm": "prefix_all_rungs",
  "targets": "prefix",
  "schedule": "all_rungs",
  "group": "a5",
  "seq_len": 6,
  "readout": "shared",
  "seed": 0,
  "ladder": [
    1,
    2,
    3,
    4,
    5,
    6
  ],
  "full_depth": 6,
  "width": 32,
  "params": 8060,
  "n_classes": 60,
  "chance": 0.016666666666666666,
  "n_train": 3072,
  "n_val": 512,
  "n_test": 512,
  "hyperparameters": {
    "lr": 0.003,
    "clip_max_norm": 1.0,
    "max_epochs": 40000,
    "train_frac": 0.75,
    "val_frac": 0.125,
    "test_frac": 0.125,
    "weight_decay": 0.0,
    "dropout": 0.0
  },
  "positive_control_bar_acc": 0.9,
  "test_acc": 0.41015625,
  "val_acc": 0.41796875,
  "train_acc": 0.9264323115348816,
  "trustworthy_ce": false,
  "trustworthy_acc": true,
  "trustworthy": false,
  "hit_cap": false,
  "clears_bar": false,
  "train_acc_per_depth": {
    "1": 1.0,
    "2": 1.0,
    "3": 1.0,
    "4": 0.9983723759651184,
    "5": 0.9830729365348816,
    "6": 0.9264323115348816
  },
  "val_acc_per_depth": {
    "1": 1.0,
    "2": 1.0,
    "3": 0.998046875,
    "4": 0.984375,
    "5": 0.873046875,
    "6": 0.41796875
  },
  "test_acc_per_depth": {
    "1": 1.0,
    "2": 1.0,
    "3": 0.998046875,
    "4": 0.970703125,
    "5": 0.8515625,
    "6": 0.41015625
  },
  "ce_gate": {
    "converged": true,
    "hit_cap": false,
    "trustworthy": false,
    "still_improving_at_stop": false,
    "diverged": true,
    "stop_epoch": 3500,
    "best_val": 0.457214800757356,
    "best_epoch": 1000,
    "recent_improvement": -0.36743365757865837,
    "trajectory": [
      [
        250,
        1.2519151506324608
      ],
      [
        500,
        0.6014261751746138
      ],
      [
        750,
        0.4580374259191255
      ],
      [
        1000,
        0.457214800757356
      ],
      [
        1250,
        0.468496182661814
      ],
      [
        1500,
        0.5120026506095504
      ],
      [
        1750,
        0.5495285227467926
      ],
      [
        2000,
        0.6518519322174446
      ],
      [
        2250,
        0.630342275306854
      ],
      [
        2500,
        0.6659191259677755
      ],
      [
        2750,
        0.7055565204985518
      ],
      [
        3000,
        0.7446303776232526
      ],
      [
        3250,
        0.7809680186061693
      ],
      [
        3500,
        0.8017834661780702
      ],
      [
        3750,
        0.8359298402404723
      ]
    ]
  },
  "acc_gate": {
    "converged": true,
    "hit_cap": false,
    "still_improving": false,
    "diverged": false,
    "trustworthy": true,
    "stop_epoch": 3750,
    "best_val": 0.41796875,
    "best_epoch": 1250,
    "recent_improvement": -0.0234375,
    "trajectory": [
      [
        250,
        0.154296875
      ],
      [
        500,
        0.224609375
      ],
      [
        750,
        0.326171875
      ],
      [
        1000,
        0.373046875
      ],
      [
        1250,
        0.41796875
      ],
      [
        1500,
        0.41796875
      ],
      [
        1750,
        0.41796875
      ],
      [
        2000,
        0.40234375
      ],
      [
        2250,
        0.404296875
      ],
      [
        2500,
        0.40234375
      ],
      [
        2750,
        0.3984375
      ],
      [
        3000,
        0.390625
      ],
      [
        3250,
        0.39453125
      ],
      [
        3500,
        0.396484375
      ],
      [
        3750,
        0.39453125
      ]
    ]
  },
  "val_ce_trajectory": [
    [
      250,
      1.2519151506324608
    ],
    [
      500,
      0.6014261751746138
    ],
    [
      750,
      0.4580374259191255
    ],
    [
      1000,
      0.457214800757356
    ],
    [
      1250,
      0.468496182661814
    ],
    [
      1500,
      0.5120026506095504
    ],
    [
      1750,
      0.5495285227467926
    ],
    [
      2000,
      0.6518519322174446
    ],
    [
      2250,
      0.630342275306854
    ],
    [
      2500,
      0.6659191259677755
    ],
    [
      2750,
      0.7055565204985518
    ],
    [
      3000,
      0.7446303776232526
    ],
    [
      3250,
      0.7809680186061693
    ],
    [
      3500,
      0.8017834661780702
    ],
    [
      3750,
      0.8359298402404723
    ]
  ],
  "val_acc_full_trajectory": [
    [
      250,
      0.154296875
    ],
    [
      500,
      0.224609375
    ],
    [
      750,
      0.326171875
    ],
    [
      1000,
      0.373046875
    ],
    [
      1250,
      0.41796875
    ],
    [
      1500,
      0.41796875
    ],
    [
      1750,
      0.41796875
    ],
    [
      2000,
      0.40234375
    ],
    [
      2250,
      0.404296875
    ],
    [
      2500,
      0.40234375
    ],
    [
      2750,
      0.3984375
    ],
    [
      3000,
      0.390625
    ],
    [
      3250,
      0.39453125
    ],
    [
      3500,
      0.396484375
    ],
    [
      3750,
      0.39453125
    ]
  ],
  "train_acc_full_trajectory": [
    [
      250,
      0.1630859375
    ],
    [
      500,
      0.337890625
    ],
    [
      750,
      0.6624348759651184
    ],
    [
      1000,
      0.8427734375
    ],
    [
      1250,
      0.9264323115348816
    ],
    [
      1500,
      0.9456380009651184
    ],
    [
      1750,
      0.9791666865348816
    ],
    [
      2000,
      0.7633463740348816
    ],
    [
      2250,
      0.9967448115348816
    ],
    [
      2500,
      0.9680989384651184
    ],
    [
      2750,
      0.9983723759651184
    ],
    [
      3000,
      0.9993489384651184
    ],
    [
      3250,
      0.9993489384651184
    ],
    [
      3500,
      0.9993489384651184
    ],
    [
      3750,
      0.9993489384651184
    ]
  ]
}