{
  "arm": "prefix_sampled",
  "targets": "prefix",
  "schedule": "sampled",
  "group": "a5",
  "seq_len": 6,
  "readout": "shared",
  "seed": 1,
  "ladder": [
    1,
    2,
    3,
    4,
    5,
    6
  ],
  "full_depth": 6,
  "width": 32,
  "params": 8060,
  "n_classes": 60,
  "chance": 0.016666666666666666,
  "n_train": 3072,
  "n_val": 512,
  "n_test": 512,
  "hyperparameters": {
    "lr": 0.003,
    "clip_max_norm": 1.0,
    "max_epochs": 40000,
    "train_frac": 0.75,
    "val_frac": 0.125,
    "test_frac": 0.125,
    "weight_decay": 0.0,
    "dropout": 0.0
  },
  "positive_control_bar_acc": 0.9,
  "test_acc": 0.599609375,
  "val_acc": 0.60546875,
  "train_acc": 0.9820963740348816,
  "trustworthy_ce": false,
  "trustworthy_acc": true,
  "trustworthy": false,
  "hit_cap": false,
  "clears_bar": false,
  "train_acc_per_depth": {
    "1": 1.0,
    "2": 1.0,
    "3": 1.0,
    "4": 0.9986979365348816,
    "5": 0.9947916865348816,
    "6": 0.9820963740348816
  },
  "val_acc_per_depth": {
    "1": 1.0,
    "2": 1.0,
    "3": 0.9921875,
    "4": 0.958984375,
    "5": 0.876953125,
    "6": 0.60546875
  },
  "test_acc_per_depth": {
    "1": 1.0,
    "2": 1.0,
    "3": 0.994140625,
    "4": 0.955078125,
    "5": 0.873046875,
    "6": 0.599609375
  },
  "ce_gate": {
    "converged": true,
    "hit_cap": false,
    "trustworthy": false,
    "still_improving_at_stop": false,
    "diverged": true,
    "stop_epoch": 4750,
    "best_val": 0.3513538264572465,
    "best_epoch": 2250,
    "recent_improvement": -0.10362688034729212,
    "trajectory": [
      [
        250,
        1.3398267837862174
      ],
      [
        500,
        0.7722570328041911
      ],
      [
        750,
        0.5549904011034718
      ],
      [
        1000,
        0.4607323680538684
      ],
      [
        1250,
        0.4089212967082858
      ],
      [
        1500,
        0.3739689578845476
      ],
      [
        1750,
        0.3557095998839941
      ],
      [
        2000,
        0.3527756078013529
      ],
      [
        2250,
        0.3513538264572465
      ],
      [
        2500,
        0.3575042592419777
      ],
      [
        2750,
        0.36555073770675034
      ],
      [
        3000,
        0.37697291807853617
      ],
      [
        3250,
        0.382757846765647
      ],
      [
        3500,
        0.40179083377976593
      ],
      [
        3750,
        0.39887140470576316
      ],
      [
        4000,
        0.4115588037190416
      ],
      [
        4250,
        0.41843856653819483
      ],
      [
        4500,
        0.4236079430459843
      ],
      [
        4750,
        0.42832688457807916
      ],
      [
        5000,
        0.4430856889036174
      ],
      [
        5250,
        0.44857635427130543
      ],
      [
        5500,
        0.45687772129895166
      ],
      [
        5750,
        0.46548171914643416
      ],
      [
        6000,
        0.47685691119234735
      ],
      [
        6250,
        0.4834728267645308
      ],
      [
        6500,
        0.5102540533262072
      ],
      [
        6750,
        0.5097382127132732
      ],
      [
        7000,
        0.5252244363667463
      ],
      [
        7250,
        0.5451703979294203
      ],
      [
        7500,
        0.5343510157993782
      ],
      [
        7750,
        0.5490470375528579
      ],
      [
        8000,
        0.556938867647356
      ],
      [
        8250,
        0.5691085994937263
      ]
    ]
  },
  "acc_gate": {
    "converged": true,
    "hit_cap": false,
    "still_improving": false,
    "diverged": false,
    "trustworthy": true,
    "stop_epoch": 8250,
    "best_val": 0.60546875,
    "best_epoch": 5750,
    "recent_improvement": -0.013671875,
    "trajectory": [
      [
        250,
        0.111328125
      ],
      [
        500,
        0.224609375
      ],
      [
        750,
        0.27734375
      ],
      [
        1000,
        0.279296875
      ],
      [
        1250,
        0.35546875
      ],
      [
        1500,
        0.4140625
      ],
      [
        1750,
        0.455078125
      ],
      [
        2000,
        0.494140625
      ],
      [
        2250,
        0.51953125
      ],
      [
        2500,
        0.544921875
      ],
      [
        2750,
        0.54296875
      ],
      [
        3000,
        0.54296875
      ],
      [
        3250,
        0.556640625
      ],
      [
        3500,
        0.5390625
      ],
      [
        3750,
        0.560546875
      ],
      [
        4000,
        0.57421875
      ],
      [
        4250,
        0.58203125
      ],
      [
        4500,
        0.580078125
      ],
      [
        4750,
        0.5859375
      ],
      [
        5000,
        0.580078125
      ],
      [
        5250,
        0.5859375
      ],
      [
        5500,
        0.5859375
      ],
      [
        5750,
        0.60546875
      ],
      [
        6000,
        0.58984375
      ],
      [
        6250,
        0.595703125
      ],
      [
        6500,
        0.59375
      ],
      [
        6750,
        0.58984375
      ],
      [
        7000,
        0.591796875
      ],
      [
        7250,
        0.591796875
      ],
      [
        7500,
        0.58984375
      ],
      [
        7750,
        0.587890625
      ],
      [
        8000,
        0.59765625
      ],
      [
        8250,
        0.591796875
      ]
    ]
  },
  "val_ce_trajectory": [
    [
      250,
      1.3398267837862174
    ],
    [
      500,
      0.7722570328041911
    ],
    [
      750,
      0.5549904011034718
    ],
    [
      1000,
      0.4607323680538684
    ],
    [
      1250,
      0.4089212967082858
    ],
    [
      1500,
      0.3739689578845476
    ],
    [
      1750,
      0.3557095998839941
    ],
    [
      2000,
      0.3527756078013529
    ],
    [
      2250,
      0.3513538264572465
    ],
    [
      2500,
      0.3575042592419777
    ],
    [
      2750,
      0.36555073770675034
    ],
    [
      3000,
      0.37697291807853617
    ],
    [
      3250,
      0.382757846765647
    ],
    [
      3500,
      0.40179083377976593
    ],
    [
      3750,
      0.39887140470576316
    ],
    [
      4000,
      0.4115588037190416
    ],
    [
      4250,
      0.41843856653819483
    ],
    [
      4500,
      0.4236079430459843
    ],
    [
      4750,
      0.42832688457807916
    ],
    [
      5000,
      0.4430856889036174
    ],
    [
      5250,
      0.44857635427130543
    ],
    [
      5500,
      0.45687772129895166
    ],
    [
      5750,
      0.46548171914643416
    ],
    [
      6000,
      0.47685691119234735
    ],
    [
      6250,
      0.4834728267645308
    ],
    [
      6500,
      0.5102540533262072
    ],
    [
      6750,
      0.5097382127132732
    ],
    [
      7000,
      0.5252244363667463
    ],
    [
      7250,
      0.5451703979294203
    ],
    [
      7500,
      0.5343510157993782
    ],
    [
      7750,
      0.5490470375528579
    ],
    [
      8000,
      0.556938867647356
    ],
    [
      8250,
      0.5691085994937263
    ]
  ],