{
  "arm": "full_sampled",
  "targets": "full",
  "schedule": "sampled",
  "group": "a5",
  "seq_len": 6,
  "readout": "shared",
  "seed": 0,
  "ladder": [
    1,
    2,
    3,
    4,
    5,
    6
  ],
  "full_depth": 6,
  "width": 32,
  "params": 8060,
  "n_classes": 60,
  "chance": 0.016666666666666666,
  "n_train": 3072,
  "n_val": 512,
  "n_test": 512,
  "hyperparameters": {
    "lr": 0.003,
    "clip_max_norm": 1.0,
    "max_epochs": 40000,
    "train_frac": 0.75,
    "val_frac": 0.125,
    "test_frac": 0.125,
    "weight_decay": 0.0,
    "dropout": 0.0
  },
  "positive_control_bar_acc": 0.9,
  "test_acc": 0.646484375,
  "val_acc": 0.662109375,
  "train_acc": 0.9889323115348816,
  "trustworthy_ce": true,
  "trustworthy_acc": true,
  "trustworthy": true,
  "hit_cap": false,
  "clears_bar": false,
  "train_acc_per_depth": {
    "1": 0.3818359375,
    "2": 0.671875,
    "3": 0.8157551884651184,
    "4": 0.9345703125,
    "5": 0.9847005009651184,
    "6": 0.9889323115348816
  },
  "val_acc_per_depth": {
    "1": 0.2890625,
    "2": 0.5234375,
    "3": 0.595703125,
    "4": 0.63671875,
    "5": 0.654296875,
    "6": 0.662109375
  },
  "test_acc_per_depth": {
    "1": 0.26171875,
    "2": 0.494140625,
    "3": 0.58984375,
    "4": 0.599609375,
    "5": 0.638671875,
    "6": 0.646484375
  },
  "ce_gate": {
    "converged": true,
    "hit_cap": false,
    "trustworthy": true,
    "still_improving_at_stop": false,
    "diverged": false,
    "stop_epoch": 4000,
    "best_val": 1.5186180075009663,
    "best_epoch": 1500,
    "recent_improvement": -0.171182672182719,
    "trajectory": [
      [
        250,
        2.4045039812723794
      ],
      [
        500,
        2.077985684076945
      ],
      [
        750,
        1.8822425603866577
      ],
      [
        1000,
        1.6886965831120808
      ],
      [
        1250,
        1.579482654730479
      ],
      [
        1500,
        1.5186180075009663
      ],
      [
        1750,
        1.5357337991396587
      ],
      [
        2000,
        1.5612034400304158
      ],
      [
        2250,
        1.5472373167673747
      ],
      [
        2500,
        1.5499466458956401
      ],
      [
        2750,
        1.5567543705304463
      ],
      [
        3000,
        1.6043738921483357
      ],
      [
        3250,
        1.649291733900706
      ],
      [
        3500,
        1.6660162607828777
      ],
      [
        3750,
        1.6715447902679443
      ],
      [
        4000,
        1.6799901525179546
      ],
      [
        4250,
        1.6942655245463054
      ],
      [
        4500,
        1.6979101101557414
      ],
      [
        4750,
        1.7019928495089214
      ],
      [
        5000,
        1.6884968876838684
      ],
      [
        5250,
        1.6915888984998066
      ],
      [
        5500,
        1.7493839065233867
      ],
      [
        5750,
        1.7262052694956462
      ],
      [
        6000,
        1.763866126537323
      ],
      [
        6250,
        1.8003031810124714
      ],
      [
        6500,
        1.832587738831838
      ],
      [
        6750,
        1.885421613852183
      ],
      [
        7000,
        1.9077709714571636
      ],
      [
        7250,
        1.9350534876187642
      ],
      [
        7500,
        1.9553168614705403
      ],
      [
        7750,
        1.958220859368642
      ],
      [
        8000,
        1.9725417097409566
      ],
      [
        8250,
        1.97691814104716
      ],
      [
        8500,
        1.9910073081652324
      ],
      [
        8750,
        2.0341220696767173
      ],
      [
        9000,
        2.070155660311381
      ],
      [
        9250,
        2.059660851955414
      ],
      [
        9500,
        2.1133718887964883
      ],
      [
        9750,
        2.0988473892211914
      ],
      [
        10000,
        2.1290777722994485
      ],
      [
        10250,
        2.1382256944974265
      ],
      [
        10500,
        2.1437243819236755
      ]
    ]
  },
  "acc_gate": {
    "converged": true,
    "hit_cap": false,
    "still_improving": false,
    "diverged": false,
    "trustworthy": true,
    "stop_epoch": 10500,
    "best_val": 0.662109375,
    "best_epoch": 8000,
    "recent_improvement": -0.009765625,
    "trajectory": [
      [
        250,
        0.15625
      ],
      [
        500,
        0.1875
      ],
      [
        750,
        0.205078125
      ],
      [
        1000,
        0.32421875
      ],
      [
        1250,
        0.357421875
      ],
      [
        1500,
        0.373046875
      ],
      [
        1750,
        0.369140625
      ],
      [
        2000,
        0.365234375
      ],
      [
        2250,
        0.400390625
      ],
      [
        2500,
        0.44921875
      ],
      [
        2750,
        0.443359375
      ],
      [
        3000,
        0.482421875
      ],
      [
        3250,
        0.505859375
      ],
      [
        3500,
        0.5546875
      ],
      [
        3750,
        0.541015625
      ],
      [
        4000,
        0.5703125
      ],
      [
        4250,
        0.59765625
      ],
      [
        4500,
        0.609375
      ],
      [
        4750,
        0.609375
      ],
      [
        5000,
        0.6171875
      ],
      [
        5250,
        0.6328125
      ],
      [
        5500,
        0.603515625
      ],
      [
        5750,
        0.642578125
      ],
      [
        6000,
        0.630859375
      ],
      [
        6250,
        0.63671875
      ],
      [
        6500,
        0.642578125
      ],
      [
        6750,
        0.642578125
      ],
      [
        7000,
        0.623046875
      ],
      [
        7250,
        0.638671875
      ],
      [
        7500,
        0.634765625
      ],
      [
        7750,
        0.64453125
      ],
      [
        8000,
        0.662109375
      ],
      [
        8250,
        0.65625
      ],
      [
        8500,
        0.66015625
      ],
      [
        8750,
        0.658203125
      ],
      [
        9000,
        0.6484375
      ],
      [
        9250,
        0.64453125
      ],
      [
        9500,
        0.6484375
      ],
      [
        9750,
        0.650390625
      ],
      [
        10000,
        0.646484375
      ],
      [
        10250,
        0.646484375
      ],
      [
        10500,
        0.65234375
      ]
    ]
  },