{
  "arm": "full_sampled",
  "targets": "full",
  "schedule": "sampled",
  "group": "a5",
  "seq_len": 6,
  "readout": "shared",
  "seed": 1,
  "ladder": [
    1,
    2,
    3,
    4,
    5,
    6
  ],
  "full_depth": 6,
  "width": 32,
  "params": 8060,
  "n_classes": 60,
  "chance": 0.016666666666666666,
  "n_train": 3072,
  "n_val": 512,
  "n_test": 512,
  "hyperparameters": {
    "lr": 0.003,
    "clip_max_norm": 1.0,
    "max_epochs": 40000,
    "train_frac": 0.75,
    "val_frac": 0.125,
    "test_frac": 0.125,
    "weight_decay": 0.0,
    "dropout": 0.0
  },
  "positive_control_bar_acc": 0.9,
  "test_acc": 0.412109375,
  "val_acc": 0.46875,
  "train_acc": 0.9869791865348816,
  "trustworthy_ce": false,
  "trustworthy_acc": true,
  "trustworthy": false,
  "hit_cap": false,
  "clears_bar": false,
  "train_acc_per_depth": {
    "1": 0.4866536557674408,
    "2": 0.6298828125,
    "3": 0.7727864384651184,
    "4": 0.921875,
    "5": 0.9807942509651184,
    "6": 0.9869791865348816
  },
  "val_acc_per_depth": {
    "1": 0.38671875,
    "2": 0.443359375,
    "3": 0.421875,
    "4": 0.455078125,
    "5": 0.455078125,
    "6": 0.46875
  },
  "test_acc_per_depth": {
    "1": 0.375,
    "2": 0.453125,
    "3": 0.46484375,
    "4": 0.43359375,
    "5": 0.443359375,
    "6": 0.412109375
  },
  "ce_gate": {
    "converged": true,
    "hit_cap": false,
    "trustworthy": false,
    "still_improving_at_stop": false,
    "diverged": true,
    "stop_epoch": 3500,
    "best_val": 1.682507872581482,
    "best_epoch": 1000,
    "recent_improvement": -0.27565131584803293,
    "trajectory": [
      [
        250,
        2.420152942339579
      ],
      [
        500,
        2.033691128094991
      ],
      [
        750,
        1.8043515880902607
      ],
      [
        1000,
        1.682507872581482
      ],
      [
        1250,
        1.7177228132883708
      ],
      [
        1500,
        1.753225306669871
      ],
      [
        1750,
        1.8170218467712402
      ],
      [
        2000,
        1.8645466367403667
      ],
      [
        2250,
        1.9063744743665059
      ],
      [
        2500,
        1.9375877777735393
      ],
      [
        2750,
        1.9870856602986653
      ],
      [
        3000,
        2.0213861664136252
      ],
      [
        3250,
        2.0890362660090127
      ],
      [
        3500,
        2.145353297392527
      ],
      [
        3750,
        2.206869920094808
      ],
      [
        4000,
        2.2957528630892434
      ],
      [
        4250,
        2.3317304054896035
      ],
      [
        4500,
        2.379927615324656
      ],
      [
        4750,
        2.4605255325635276
      ],
      [
        5000,
        2.511241892973582
      ],
      [
        5250,
        2.579150994618734
      ],
      [
        5500,
        2.6587904493014016
      ],
      [
        5750,
        2.7146739761034646
      ],
      [
        6000,
        2.727366030216217
      ],
      [
        6250,
        2.7623224457105002
      ],
      [
        6500,
        2.803457756837209
      ],
      [
        6750,
        2.7873876094818115
      ],
      [
        7000,
        2.867246945699056
      ],
      [
        7250,
        2.877723435560862
      ],
      [
        7500,
        2.8591620723406472
      ],
      [
        7750,
        2.9289607405662537
      ],
      [
        8000,
        2.949400544166565
      ],
      [
        8250,
        2.9298115571339927
      ],
      [
        8500,
        2.9897693594296775
      ],
      [
        8750,
        3.0081883867581687
      ],
      [
        9000,
        3.0063772598902383
      ],
      [
        9250,
        3.0382827321688333
      ],
      [
        9500,
        3.059930423895518
      ],
      [
        9750,
        3.065563897291819
      ],
      [
        10000,
        3.112593332926432
      ],
      [
        10250,
        3.0732186834017434
      ],
      [
        10500,
        3.1341792345046997
      ],
      [
        10750,
        3.1650595466295877
      ],
      [
        11000,
        3.1617687940597534
      ],
      [
        11250,
        3.1709104975064597
      ],
      [
        11500,
        3.237285296122233
      ],
      [
        11750,
        3.2756196657816568
      ],
      [
        12000,
        3.249856452147166
      ],
      [
        12250,
        3.254969537258148
      ],
      [
        12500,
        3.298998932043711
      ],
      [
        12750,
        3.3488699992497764
      ]
    ]
  },
  "acc_gate": {
    "converged": true,
    "hit_cap": false,
    "still_improving": false,
    "diverged": false,
    "trustworthy": true,
    "stop_epoch": 12750,
    "best_val": 0.46875,
    "best_epoch": 10250,
    "recent_improvement": -0.013671875,
    "trajectory": [
      [
        250,
        0.150390625
      ],
      [
        500,
        0.244140625
      ],
      [
        750,
        0.263671875
      ],
      [
        1000,
        0.3046875
      ],
      [
        1250,
        0.279296875
      ],
      [
        1500,
        0.328125
      ],
      [
        1750,
        0.328125
      ],
      [
        2000,
        0.341796875
      ],
      [
        2250,
        0.365234375
      ],
      [
        2500,
        0.38671875
      ],
      [
        2750,
        0.37109375
      ],
      [
        3000,
        0.396484375
      ],
      [
        3250,
        0.396484375
      ],
      [
        3500,
        0.38671875
      ],
      [
        3750,
        0.390625
      ],
      [
        4000,
        0.3984375
      ],
      [
        4250,
        0.416015625
      ],
      [
        4500,
        0.404296875
      ],
      [
        4750,
        0.404296875
      ],
      [
        5000,
        0.4140625
      ],
      [
        5250,
        0.396484375
      ],
      [
        5500,
        0.4140625
      ],
      [
        5750,
        0.404296875
      ],
      [
        6000,
        0.3984375
      ],
      [
        6250,
        0.4140625
      ],
      [
        6500,
        0.412109375
      ],
      [
        6750,
        0.427734375
      ],
      [
        7000,
        0.419921875
      ],
      [
        7250,
        0.419921875
      ],
      [
        7500,
        0.416015625
      ],
      [
        7750,
        0.431640625
      ],
      [
        8000,
        0.41796875
      ],
      [
        8250,
        0.43359375
      ],
      [
        8500,
        0.427734375
      ],
      [
        8750,
        0.412109375
      ],
      [
        9000,
        0.421875
      ],
      [
        9250,
        0.451171875
      ],
      [
        9500,
        0.44140625
      ],
      [
        9750,
        0.43359375
      ],
      [
        10000,
        0.451171875
      ],
      [
        10250,
        0.46875
      ],
      [
        10500,
        0.466796875
      ],
      [
        10750,
        0.46484375
      ],
      [
        11000,
        0.45703125
      ],
      [
        11250,
        0.462890625
      ],
      [
        11500,
        0.45703125
      ],
      [
        11750,
        0.455078125
      ],
      [
        12000,
        0.4609375
      ],
      [
        12250,
        0.45703125
      ],
      [
        12500,
        0.451171875
      ],
      [
        12750,
        0.455078125
      ]
    ]
  },