{
  "arm": "prefix_sampled",
  "targets": "prefix",
  "schedule": "sampled",
  "group": "a5",
  "seq_len": 6,
  "readout": "shared",
  "seed": 0,
  "ladder": [
    1,
    2,
    3,
    4,
    5,
    6
  ],
  "full_depth": 6,
  "width": 32,
  "params": 8060,
  "n_classes": 60,
  "chance": 0.016666666666666666,
  "n_train": 3072,
  "n_val": 512,
  "n_test": 512,
  "hyperparameters": {
    "lr": 0.003,
    "clip_max_norm": 1.0,
    "max_epochs": 40000,
    "train_frac": 0.75,
    "val_frac": 0.125,
    "test_frac": 0.125,
    "weight_decay": 0.0,
    "dropout": 0.0
  },
  "positive_control_bar_acc": 0.9,
  "test_acc": 0.4296875,
  "val_acc": 0.47265625,
  "train_acc": 0.9716796875,
  "trustworthy_ce": false,
  "trustworthy_acc": true,
  "trustworthy": false,
  "hit_cap": false,
  "clears_bar": false,
  "train_acc_per_depth": {
    "1": 1.0,
    "2": 1.0,
    "3": 1.0,
    "4": 0.998046875,
    "5": 0.9973958134651184,
    "6": 0.9716796875
  },
  "val_acc_per_depth": {
    "1": 1.0,
    "2": 1.0,
    "3": 0.99609375,
    "4": 0.94921875,
    "5": 0.86328125,
    "6": 0.47265625
  },
  "test_acc_per_depth": {
    "1": 1.0,
    "2": 1.0,
    "3": 0.994140625,
    "4": 0.951171875,
    "5": 0.841796875,
    "6": 0.4296875
  },
  "ce_gate": {
    "converged": true,
    "hit_cap": false,
    "trustworthy": false,
    "still_improving_at_stop": false,
    "diverged": true,
    "stop_epoch": 4250,
    "best_val": 0.40217040069789317,
    "best_epoch": 1750,
    "recent_improvement": -0.13462912726996978,
    "trajectory": [
      [
        250,
        1.2971120700240135
      ],
      [
        500,
        0.8489057050707439
      ],
      [
        750,
        0.6560867067892104
      ],
      [
        1000,
        0.5340979897494739
      ],
      [
        1250,
        0.4553987532466029
      ],
      [
        1500,
        0.42063298856373876
      ],
      [
        1750,
        0.40217040069789317
      ],
      [
        2000,
        0.40261024384138483
      ],
      [
        2250,
        0.4089571416261606
      ],
      [
        2500,
        0.4189692589376743
      ],
      [
        2750,
        0.4278464739327319
      ],
      [
        3000,
        0.43891874703695066
      ],
      [
        3250,
        0.4561340245224225
      ],
      [
        3500,
        0.4662476485730925
      ],
      [
        3750,
        0.4803737467445899
      ],
      [
        4000,
        0.49473122135774855
      ],
      [
        4250,
        0.5108043129148427
      ],
      [
        4500,
        0.5295913240358155
      ],
      [
        4750,
        0.5475887545956842
      ],
      [
        5000,
        0.5735089504645051
      ],
      [
        5250,
        0.5975131005980074
      ],
      [
        5500,
        0.6063131615325498
      ],
      [
        5750,
        0.6101091948415464
      ],
      [
        6000,
        0.6363871253027659
      ],
      [
        6250,
        0.6453569641695746
      ],
      [
        6500,
        0.6639158802960688
      ],
      [
        6750,
        0.6682825301468256
      ],
      [
        7000,
        0.7059571744369654
      ],
      [
        7250,
        0.7373574477921162
      ],
      [
        7500,
        0.7092534793191589
      ],
      [
        7750,
        0.7481009168089562
      ],
      [
        8000,
        0.7478893818794555
      ],
      [
        8250,
        0.7498466142654555
      ],
      [
        8500,
        0.81485313870265
      ],
      [
        8750,
        0.7799887983395214
      ],
      [
        9000,
        0.7945635417151303
      ],
      [
        9250,
        0.7858217958188712
      ],
      [
        9500,
        0.8082240350656017
      ],
      [
        9750,
        0.8159146005164075
      ],
      [
        10000,
        0.8497201230517627
      ],
      [
        10250,
        0.8734461598821023
      ],
      [
        10500,
        0.8609072546314565
      ],
      [
        10750,
        0.8436589879105062
      ],
      [
        11000,
        0.862283365643331
      ],
      [
        11250,
        0.8732749277278344
      ],
      [
        11500,
        0.8940787129546758
      ],
      [
        11750,
        0.920450923088841
      ]
    ]
  },
  "acc_gate": {
    "converged": true,
    "hit_cap": false,
    "still_improving": false,
    "diverged": false,
    "trustworthy": true,
    "stop_epoch": 11750,
    "best_val": 0.47265625,
    "best_epoch": 9250,
    "recent_improvement": -0.013671875,
    "trajectory": [
      [
        250,
        0.123046875
      ],
      [
        500,
        0.181640625
      ],
      [
        750,
        0.263671875
      ],
      [
        1000,
        0.2890625
      ],
      [
        1250,
        0.296875
      ],
      [
        1500,
        0.302734375
      ],
      [
        1750,
        0.3203125
      ],
      [
        2000,
        0.341796875
      ],
      [
        2250,
        0.36328125
      ],
      [
        2500,
        0.375
      ],
      [
        2750,
        0.380859375
      ],
      [
        3000,
        0.41015625
      ],
      [
        3250,
        0.40625
      ],
      [
        3500,
        0.392578125
      ],
      [
        3750,
        0.423828125
      ],
      [
        4000,
        0.431640625
      ],
      [
        4250,
        0.427734375
      ],
      [
        4500,
        0.431640625
      ],
      [
        4750,
        0.423828125
      ],
      [
        5000,
        0.443359375
      ],
      [
        5250,
        0.423828125
      ],
      [
        5500,
        0.423828125
      ],
      [
        5750,
        0.44921875
      ],
      [
        6000,
        0.43359375
      ],
      [
        6250,
        0.45703125
      ],
      [
        6500,
        0.453125
      ],
      [
        6750,
        0.45703125
      ],
      [
        7000,
        0.443359375
      ],
      [
        7250,
        0.421875
      ],
      [
        7500,
        0.451171875
      ],
      [
        7750,
        0.44140625
      ],
      [
        8000,
        0.4609375
      ],
      [
        8250,
        0.439453125
      ],
      [
        8500,
        0.44921875
      ],
      [
        8750,
        0.451171875
      ],
      [
        9000,
        0.447265625
      ],
      [
        9250,
        0.47265625
      ],
      [
        9500,
        0.44921875
      ],
      [
        9750,
        0.435546875
      ],
      [
        10000,
        0.4609375
      ],
      [
        10250,
        0.453125
      ],
      [
        10500,
        0.46875
      ],
      [
        10750,
        0.443359375
      ],
      [
        11000,
        0.4375
      ],
      [
        11250,
        0.4375
      ],
      [
        11500,
        0.435546875
      ],
      [
        11750,
        0.458984375
      ]
    ]
  },