{
  "config": "elbo",
  "seed": 4,
  "dataset": "piecewise",
  "n_dataset": 1200,
  "n_test": 240,
  "layer_selection_method": "soft_gating",
  "depth_regularization": "elbo",
  "max_hidden_layers": 5,
  "n_epochs_cap": 2000,
  "patience": 50,
  "epochs_trained": 192,
  "hit_cap": false,
  "model_early_stopped": true,
  "trajectory_replay": {
    "converged": true,
    "hit_cap": false,
    "trustworthy": true,
    "still_improving_at_stop": false,
    "stop_epoch": 192,
    "best_val": 0.2447759360074997,
    "best_epoch": 142,
    "recent_improvement": -0.012939944863319397,
    "trajectory": [
      [
        1,
        0.28646954894065857
      ],
      [
        2,
        0.2876254916191101
      ],
      [
        3,
        0.28989556431770325
      ],
      [
        4,
        0.27930158376693726
      ],
      [
        5,
        0.28798648715019226
      ],
      [
        6,
        0.3019338846206665
      ],
      [
        7,
        0.31764036417007446
      ],
      [
        8,
        0.28794389963150024
      ],
      [
        9,
        0.2936597764492035
      ],
      [
        10,
        0.2838384509086609
      ],
      [
        11,
        0.2800903916358948
      ],
      [
        12,
        0.28388670086860657
      ],
      [
        13,
        0.29473087191581726
      ],
      [
        14,
        0.3059457242488861
      ],
      [
        15,
        0.28457167744636536
      ],
      [
        16,
        0.28631591796875
      ],
      [
        17,
        0.28116247057914734
      ],
      [
        18,
        0.2898804247379303
      ],
      [
        19,
        0.2839335799217224
      ],
      [
        20,
        0.28800374269485474
      ],
      [
        21,
        0.3233269155025482
      ],
      [
        22,
        0.2798541784286499
      ],
      [
        23,
        0.2887977659702301
      ],
      [
        24,
        0.282593309879303
      ],
      [
        25,
        0.27946510910987854
      ],
      [
        26,
        0.2792757749557495
      ],
      [
        27,
        0.284555047750473
      ],
      [
        28,
        0.29403069615364075
      ],
      [
        29,
        0.2894495725631714
      ],
      [
        30,
        0.28128230571746826
      ],
      [
        31,
        0.2941274046897888
      ],
      [
        32,
        0.27776196599006653
      ],
      [
        33,
        0.2871537506580353
      ],
      [
        34,
        0.2784960865974426
      ],
      [
        35,
        0.2891766130924225
      ],
      [
        36,
        0.2984198033809662
      ],
      [
        37,
        0.33015385270118713
      ],
      [
        38,
        0.288910835981369
      ],
      [
        39,
        0.2792852222919464
      ],
      [
        40,
        0.280939519405365
      ],
      [
        41,
        0.2817785441875458
      ],
      [
        42,
        0.28205177187919617
      ],
      [
        43,
        0.27990391850471497
      ],
      [
        44,
        0.2789236605167389
      ],
      [
        45,
        0.284856915473938
      ],
      [
        46,
        0.27906304597854614
      ],
      [
        47,
        0.2816378176212311
      ],
      [
        48,
        0.2777769863605499
      ],
      [
        49,
        0.2867911756038666
      ],
      [
        50,
        0.28148698806762695
      ],
      [
        51,
        0.2831069827079773
      ],
      [
        52,
        0.2871675491333008
      ],
      [
        53,
        0.2803123891353607
      ],
      [
        54,
        0.2967072129249573
      ],
      [
        55,
        0.27388590574264526
      ],
      [
        56,
        0.2771356701850891
      ],
      [
        57,
        0.27904975414276123
      ],
      [
        58,
        0.276080459356308
      ],
      [
        59,
        0.2744060754776001
      ],
      [
        60,
        0.2825620770454407
      ],
      [
        61,
        0.2739482820034027
      ],
      [
        62,
        0.27118176221847534
      ],
      [
        63,
        0.2867717444896698
      ],
      [
        64,
        0.2785000503063202
      ],
      [
        65,
        0.2681741714477539
      ],
      [
        66,
        0.2879899740219116
      ],
      [
        67,
        0.29537907242774963
      ],
      [
        68,
        0.2750464379787445
      ],
      [
        69,
        0.27396848797798157
      ],
      [
        70,
        0.2750142514705658
      ],
      [
        71,
        0.269288569688797
      ],
      [
        72,
        0.28833848237991333
      ],
      [
        73,
        0.2756238579750061
      ],
      [
        74,
        0.26934385299682617
      ],
      [
        75,
        0.2752595841884613
      ],
      [
        76,
        0.27039676904678345
      ],
      [
        77,
        0.2821885049343109
      ],
      [
        78,
        0.27017197012901306
      ],
      [
        79,
        0.29233410954475403
      ],
      [
        80,
        0.2652658224105835
      ],
      [
        81,
        0.2655802369117737
      ],
      [
        82,
        0.2816411256790161
      ],
      [
        83,
        0.2876271605491638
      ],
      [
        84,
        0.2764175534248352
      ],
      [
        85,
        0.29908788204193115
      ],
      [
        86,
        0.272858202457428
      ],
      [
        87,
        0.2654615044593811
      ],
      [
        88,
        0.2709578573703766
      ],
      [
        89,
        0.2661226987838745
      ],
      [
        90,
        0.25597482919692993
      ],
      [
        91,
        0.25444021821022034
      ],
      [
        92,
        0.3351978659629822
      ],
      [
        93,
        0.2624320685863495
      ],
      [
        94,
        0.2591010630130768
      ],
      [
        95,
        0.26932525634765625
      ],
      [
        96,
        0.2783345580101013
      ],
      [
        97,
        0.2535351514816284
      ],
      [
        98,
        0.2623973488807678
      ],
      [
        99,
        0.26632657647132874
      ],
      [
        100,
        0.2682487368583679
      ],
      [
        101,
        0.2670844495296478
      ],
      [
        102,
        0.28937608003616333
      ],
      [
        103,
        0.2634879946708679
      ],
      [
        104,
        0.26608893275260925
      ],
      [
        105,
        0.2550521790981293
      ],
      [
        106,
        0.26647400856018066
      ],
      [
        107,
        0.2536975145339966
      ],
      [
        108,
        0.25523313879966736
      ],
      [
        109,
        0.2598035931587219
      ],
      [
        110,
        0.2629847228527069
      ],
      [
        111,
        0.2703648805618286
      ],
      [
        112,
        0.26278209686279297
      ],
      [
        113,
        0.25867560505867004
      ],
      [
        114,
        0.2510198652744293
      ],
      [
        115,
        0.25528016686439514
      ],
      [
        116,
        0.2622964084148407
      ],
      [
        117,
        0.2663889527320862
      ],
      [
        118,
        0.2822207510471344
      ],
      [
        119,
        0.2616877555847168
      ],
      [
        120,
        0.24703210592269897
      ],
      [
        121,
        0.2505989670753479
      ],
      [
        122,
        0.25932133197784424
      ],
      [
        123,
        0.2575584948062897
      ],
      [
        124,
        0.24697427451610565
      ],
      [
        125,
        0.25337785482406616
      ],
      [
        126,
        0.2637959420681
      ],
      [
        127,
        0.24606558680534363
      ],
      [
        128,
        0.24963675439357758
      ],
      [
        129,
        0.2488027960062027
      ],
      [
        130,
        0.2629730701446533
      ],
      [
        131,
        0.2584104537963867
      ],
