{
  "config": "none",
  "seed": 2,
  "dataset": "piecewise",
  "n_dataset": 1200,
  "n_test": 240,
  "layer_selection_method": "soft_gating",
  "depth_regularization": "none",
  "max_hidden_layers": 5,
  "n_epochs_cap": 2000,
  "patience": 50,
  "epochs_trained": 223,
  "hit_cap": false,
  "model_early_stopped": true,
  "trajectory_replay": {
    "converged": true,
    "hit_cap": false,
    "trustworthy": true,
    "still_improving_at_stop": false,
    "stop_epoch": 95,
    "best_val": 0.2639373540878296,
    "best_epoch": 173,
    "recent_improvement": -0.004895687103271484,
    "trajectory": [
      [
        1,
        0.3366530239582062
      ],
      [
        2,
        0.328831285238266
      ],
      [
        3,
        0.35790130496025085
      ],
      [
        4,
        0.3192889988422394
      ],
      [
        5,
        0.3785759508609772
      ],
      [
        6,
        0.32148927450180054
      ],
      [
        7,
        0.3479215204715729
      ],
      [
        8,
        0.32524123787879944
      ],
      [
        9,
        0.3181074857711792
      ],
      [
        10,
        0.36207282543182373
      ],
      [
        11,
        0.32089126110076904
      ],
      [
        12,
        0.31972062587738037
      ],
      [
        13,
        0.3424362540245056
      ],
      [
        14,
        0.31554925441741943
      ],
      [
        15,
        0.32756271958351135
      ],
      [
        16,
        0.31405240297317505
      ],
      [
        17,
        0.3680363893508911
      ],
      [
        18,
        0.31212151050567627
      ],
      [
        19,
        0.3167175054550171
      ],
      [
        20,
        0.3192704916000366
      ],
      [
        21,
        0.3421316146850586
      ],
      [
        22,
        0.323888897895813
      ],
      [
        23,
        0.3137564957141876
      ],
      [
        24,
        0.3068189322948456
      ],
      [
        25,
        0.32702216506004333
      ],
      [
        26,
        0.3171330988407135
      ],
      [
        27,
        0.33064699172973633
      ],
      [
        28,
        0.33236873149871826
      ],
      [
        29,
        0.314875066280365
      ],
      [
        30,
        0.3400590121746063
      ],
      [
        31,
        0.31595999002456665
      ],
      [
        32,
        0.33937868475914
      ],
      [
        33,
        0.30232033133506775
      ],
      [
        34,
        0.30110451579093933
      ],
      [
        35,
        0.3213685154914856
      ],
      [
        36,
        0.3010524809360504
      ],
      [
        37,
        0.2982025146484375
      ],
      [
        38,
        0.30091777443885803
      ],
      [
        39,
        0.3054424822330475
      ],
      [
        40,
        0.3051191568374634
      ],
      [
        41,
        0.31094640493392944
      ],
      [
        42,
        0.3469724655151367
      ],
      [
        43,
        0.2869626581668854
      ],
      [
        44,
        0.2976495325565338
      ],
      [
        45,
        0.27278101444244385
      ],
      [
        46,
        0.2997038960456848
      ],
      [
        47,
        0.29466554522514343
      ],
      [
        48,
        0.2858053147792816
      ],
      [
        49,
        0.30848026275634766
      ],
      [
        50,
        0.311029314994812
      ],
      [
        51,
        0.293668657541275
      ],
      [
        52,
        0.30240899324417114
      ],
      [
        53,
        0.29209664463996887
      ],
      [
        54,
        0.2781858444213867
      ],
      [
        55,
        0.28051137924194336
      ],
      [
        56,
        0.2787420153617859
      ],
      [
        57,
        0.27852240204811096
      ],
      [
        58,
        0.2822236716747284
      ],
      [
        59,
        0.2870519757270813
      ],
      [
        60,
        0.2815529704093933
      ],
      [
        61,
        0.287814199924469
      ],
      [
        62,
        0.3007306754589081
      ],
      [
        63,
        0.3053313195705414
      ],
      [
        64,
        0.28882142901420593
      ],
      [
        65,
        0.28199222683906555
      ],
      [
        66,
        0.301859050989151
      ],
      [
        67,
        0.28275758028030396
      ],
      [
        68,
        0.2820492386817932
      ],
      [
        69,
        0.27269473671913147
      ],
      [
        70,
        0.293136864900589
      ],
      [
        71,
        0.27322903275489807
      ],
      [
        72,
        0.28394365310668945
      ],
      [
        73,
        0.29263415932655334
      ],
      [
        74,
        0.298830509185791
      ],
      [
        75,
        0.27706441283226013
      ],
      [
        76,
        0.2869805693626404
      ],
      [
        77,
        0.2781986594200134
      ],
      [
        78,
        0.2791908085346222
      ],
      [
        79,
        0.2741449475288391
      ],
      [
        80,
        0.2846565246582031
      ],
      [
        81,
        0.27955424785614014
      ],
      [
        82,
        0.2940599322319031
      ],
      [
        83,
        0.2943308651447296
      ],
      [
        84,
        0.3075732886791229
      ],
      [
        85,
        0.2944656014442444
      ],
      [
        86,
        0.292018324136734
      ],
      [
        87,
        0.29063624143600464
      ],
      [
        88,
        0.2835456430912018
      ],
      [
        89,
        0.2821583151817322
      ],
      [
        90,
        0.2857328951358795
      ],
      [
        91,
        0.29064369201660156
      ],
      [
        92,
        0.3022458255290985
      ],
      [
        93,
        0.30706918239593506
      ],
      [
        94,
        0.40447232127189636
      ],
      [
        95,
        0.27564147114753723
      ],
      [
        96,
        0.2902255654335022
      ],
      [
        97,
        0.28746652603149414
      ],
      [
        98,
        0.28118574619293213
      ],
      [
        99,
        0.2785296142101288
      ],
      [
        100,
        0.28076812624931335
      ],
      [
        101,
        0.285287469625473
      ],
      [
        102,
        0.2918075621128082
      ],
      [
        103,
        0.28841432929039
      ],
      [
        104,
        0.28281688690185547
      ],
      [
        105,
        0.2843504250049591
      ],
      [
        106,
        0.31091687083244324
      ],
      [
        107,
        0.3003639280796051
      ],
      [
        108,
        0.2716304361820221
      ],
      [
        109,
        0.2756692171096802
      ],
      [
        110,
        0.2922151982784271
      ],
      [
        111,
        0.27901098132133484
      ],
      [
        112,
        0.28510844707489014
      ],
      [
        113,
        0.2909637987613678
      ],
      [
        114,
        0.2804442048072815
      ],
      [
        115,
        0.2710113823413849
      ],
      [
        116,
        0.2824856638908386
      ],
      [
        117,
        0.2798372209072113
      ],
      [
        118,
        0.2796638607978821
      ],
      [
        119,
        0.3150780498981476
      ],
      [
        120,
        0.2847830355167389
      ],
      [
        121,
        0.28922274708747864
      ],
      [
        122,
        0.27479851245880127
      ],
      [
        123,
        0.28049296140670776
      ],
      [
        124,
        0.28229814767837524
      ],
      [
        125,
        0.30145183205604553
      ],
      [
        126,
        0.2803835868835449
      ],
      [
        127,
        0.285034716129303
      ],
      [
        128,
        0.27130448818206787
      ],
      [
        129,
        0.28080037236213684
      ],
      [
        130,
        0.2786988317966461
      ],
      [
        131,
        0.2824576795101166
      ],
