{
  "config": "elbo",
  "seed": 3,
  "dataset": "piecewise",
  "n_dataset": 1200,
  "n_test": 240,
  "layer_selection_method": "soft_gating",
  "depth_regularization": "elbo",
  "max_hidden_layers": 5,
  "n_epochs_cap": 2000,
  "patience": 50,
  "epochs_trained": 313,
  "hit_cap": false,
  "model_early_stopped": true,
  "trajectory_replay": {
    "converged": true,
    "hit_cap": false,
    "trustworthy": true,
    "still_improving_at_stop": false,
    "stop_epoch": 313,
    "best_val": 0.19950297474861145,
    "best_epoch": 263,
    "recent_improvement": -0.0035986602306365967,
    "trajectory": [
      [
        1,
        0.3026106655597687
      ],
      [
        2,
        0.2944909334182739
      ],
      [
        3,
        0.29498210549354553
      ],
      [
        4,
        0.28985050320625305
      ],
      [
        5,
        0.28726914525032043
      ],
      [
        6,
        0.3357475996017456
      ],
      [
        7,
        0.28741011023521423
      ],
      [
        8,
        0.2865508496761322
      ],
      [
        9,
        0.29170334339141846
      ],
      [
        10,
        0.29143303632736206
      ],
      [
        11,
        0.3017597794532776
      ],
      [
        12,
        0.2846103012561798
      ],
      [
        13,
        0.2840609848499298
      ],
      [
        14,
        0.2904154062271118
      ],
      [
        15,
        0.30202516913414
      ],
      [
        16,
        0.292111873626709
      ],
      [
        17,
        0.28878745436668396
      ],
      [
        18,
        0.2853618264198303
      ],
      [
        19,
        0.2893388569355011
      ],
      [
        20,
        0.2931450605392456
      ],
      [
        21,
        0.2920444905757904
      ],
      [
        22,
        0.29610675573349
      ],
      [
        23,
        0.30319198966026306
      ],
      [
        24,
        0.29348477721214294
      ],
      [
        25,
        0.31851640343666077
      ],
      [
        26,
        0.2890067398548126
      ],
      [
        27,
        0.2953689694404602
      ],
      [
        28,
        0.29089051485061646
      ],
      [
        29,
        0.2888663113117218
      ],
      [
        30,
        0.2845402956008911
      ],
      [
        31,
        0.29586082696914673
      ],
      [
        32,
        0.2853224575519562
      ],
      [
        33,
        0.30848777294158936
      ],
      [
        34,
        0.2932876646518707
      ],
      [
        35,
        0.2878495156764984
      ],
      [
        36,
        0.2871943712234497
      ],
      [
        37,
        0.3020555078983307
      ],
      [
        38,
        0.2909374535083771
      ],
      [
        39,
        0.28570273518562317
      ],
      [
        40,
        0.2879085838794708
      ],
      [
        41,
        0.288968950510025
      ],
      [
        42,
        0.28790730237960815
      ],
      [
        43,
        0.29619303345680237
      ],
      [
        44,
        0.288850873708725
      ],
      [
        45,
        0.2936505675315857
      ],
      [
        46,
        0.2870255410671234
      ],
      [
        47,
        0.2951212525367737
      ],
      [
        48,
        0.28883689641952515
      ],
      [
        49,
        0.33175429701805115
      ],
      [
        50,
        0.283804327249527
      ],
      [
        51,
        0.28467831015586853
      ],
      [
        52,
        0.29991844296455383
      ],
      [
        53,
        0.28700369596481323
      ],
      [
        54,
        0.2936466634273529
      ],
      [
        55,
        0.288273423910141
      ],
      [
        56,
        0.2851681411266327
      ],
      [
        57,
        0.30787956714630127
      ],
      [
        58,
        0.3437107503414154
      ],
      [
        59,
        0.28915634751319885
      ],
      [
        60,
        0.2891154885292053
      ],
      [
        61,
        0.28359225392341614
      ],
      [
        62,
        0.2936919629573822
      ],
      [
        63,
        0.29009708762168884
      ],
      [
        64,
        0.2902441620826721
      ],
      [
        65,
        0.27907755970954895
      ],
      [
        66,
        0.2819300889968872
      ],
      [
        67,
        0.28809231519699097
      ],
      [
        68,
        0.3006431460380554
      ],
      [
        69,
        0.263947069644928
      ],
      [
        70,
        0.28001609444618225
      ],
      [
        71,
        0.26104485988616943
      ],
      [
        72,
        0.27406489849090576
      ],
      [
        73,
        0.28263989090919495
      ],
      [
        74,
        0.2612636387348175
      ],
      [
        75,
        0.26439306139945984
      ],
      [
        76,
        0.25177544355392456
      ],
      [
        77,
        0.2675223648548126
      ],
      [
        78,
        0.25448158383369446
      ],
      [
        79,
        0.25057533383369446
      ],
      [
        80,
        0.24943749606609344
      ],
      [
        81,
        0.2458045482635498
      ],
      [
        82,
        0.24693399667739868
      ],
      [
        83,
        0.26707908511161804
      ],
      [
        84,
        0.272156298160553
      ],
      [
        85,
        0.24303428828716278
      ],
      [
        86,
        0.2563873827457428
      ],
      [
        87,
        0.2444651573896408
      ],
      [
        88,
        0.2380058914422989
      ],
      [
        89,
        0.24282611906528473
      ],
      [
        90,
        0.25706472992897034
      ],
      [
        91,
        0.2692095935344696
      ],
      [
        92,
        0.2603059411048889
      ],
      [
        93,
        0.25333020091056824
      ],
      [
        94,
        0.23700906336307526
      ],
      [
        95,
        0.23911698162555695
      ],
      [
        96,
        0.26155906915664673
      ],
      [
        97,
        0.24077759683132172
      ],
      [
        98,
        0.2813799977302551
      ],
      [
        99,
        0.24811974167823792
      ],
      [
        100,
        0.2482806295156479
      ],
      [
        101,
        0.24117149412631989
      ],
      [
        102,
        0.24351242184638977
      ],
      [
        103,
        0.23183174431324005
      ],
      [
        104,
        0.23104409873485565
      ],
      [
        105,
        0.2294398844242096
      ],
      [
        106,
        0.2275836318731308
      ],
      [
        107,
        0.22668570280075073
      ],
      [
        108,
        0.26716047525405884
      ],
      [
        109,
        0.23435720801353455
      ],
      [
        110,
        0.23268651962280273
      ],
      [
        111,
        0.23318986594676971
      ],
      [
        112,
        0.24489940702915192
      ],
      [
        113,
        0.23030120134353638
      ],
      [
        114,
        0.22659827768802643
      ],
      [
        115,
        0.24358831346035004
      ],
      [
        116,
        0.2561325430870056
      ],
      [
        117,
        0.25467565655708313
      ],
      [
        118,
        0.23884712159633636
      ],
      [
        119,
        0.2416430413722992
      ],
      [
        120,
        0.25188928842544556
      ],
      [
        121,
        0.23198476433753967
      ],
      [
        122,
        0.22842653095722198
      ],
      [
        123,
        0.23995889723300934
      ],
      [
        124,
        0.2614609897136688
      ],
      [
        125,
        0.23461933434009552
      ],
      [
        126,
        0.22849486768245697
      ],
      [
        127,
        0.25001654028892517
      ],
      [
        128,
        0.22771963477134705
      ],
      [
        129,
        0.2534225583076477
      ],
      [
        130,
        0.229763001203537
      ],
      [
        131,
