{
  "config": "none",
  "seed": 1,
  "dataset": "piecewise",
  "n_dataset": 1200,
  "n_test": 240,
  "layer_selection_method": "soft_gating",
  "depth_regularization": "none",
  "max_hidden_layers": 5,
  "n_epochs_cap": 2000,
  "patience": 50,
  "epochs_trained": 114,
  "hit_cap": false,
  "model_early_stopped": true,
  "trajectory_replay": {
    "converged": true,
    "hit_cap": false,
    "trustworthy": true,
    "still_improving_at_stop": false,
    "stop_epoch": 114,
    "best_val": 0.276028573513031,
    "best_epoch": 64,
    "recent_improvement": -0.004030168056488037,
    "trajectory": [
      [
        1,
        0.39341476559638977
      ],
      [
        2,
        0.31738248467445374
      ],
      [
        3,
        0.31804293394088745
      ],
      [
        4,
        0.3214989900588989
      ],
      [
        5,
        0.31858113408088684
      ],
      [
        6,
        0.3339889645576477
      ],
      [
        7,
        0.31907936930656433
      ],
      [
        8,
        0.35074493288993835
      ],
      [
        9,
        0.3229052424430847
      ],
      [
        10,
        0.31911617517471313
      ],
      [
        11,
        0.3187612295150757
      ],
      [
        12,
        0.317148894071579
      ],
      [
        13,
        0.3250865638256073
      ],
      [
        14,
        0.3349498212337494
      ],
      [
        15,
        0.31892797350883484
      ],
      [
        16,
        0.3159105181694031
      ],
      [
        17,
        0.3155762851238251
      ],
      [
        18,
        0.35254889726638794
      ],
      [
        19,
        0.32194891571998596
      ],
      [
        20,
        0.32968148589134216
      ],
      [
        21,
        0.3128461241722107
      ],
      [
        22,
        0.3150217831134796
      ],
      [
        23,
        0.3124181628227234
      ],
      [
        24,
        0.3121262788772583
      ],
      [
        25,
        0.3216855227947235
      ],
      [
        26,
        0.30912426114082336
      ],
      [
        27,
        0.30653077363967896
      ],
      [
        28,
        0.30584633350372314
      ],
      [
        29,
        0.3288366496562958
      ],
      [
        30,
        0.3050273060798645
      ],
      [
        31,
        0.30480489134788513
      ],
      [
        32,
        0.32725098729133606
      ],
      [
        33,
        0.3152082562446594
      ],
      [
        34,
        0.3006914556026459
      ],
      [
        35,
        0.30757418274879456
      ],
      [
        36,
        0.30616721510887146
      ],
      [
        37,
        0.3243247866630554
      ],
      [
        38,
        0.3618490397930145
      ],
      [
        39,
        0.29476165771484375
      ],
      [
        40,
        0.2893633544445038
      ],
      [
        41,
        0.2929968237876892
      ],
      [
        42,
        0.3192381262779236
      ],
      [
        43,
        0.2901358902454376
      ],
      [
        44,
        0.28215768933296204
      ],
      [
        45,
        0.27912637591362
      ],
      [
        46,
        0.2988215684890747
      ],
      [
        47,
        0.292664110660553
      ],
      [
        48,
        0.28127652406692505
      ],
      [
        49,
        0.2767527401447296
      ],
      [
        50,
        0.29993757605552673
      ],
      [
        51,
        0.28222858905792236
      ],
      [
        52,
        0.2863255441188812
      ],
      [
        53,
        0.28490298986434937
      ],
      [
        54,
        0.28476035594940186
      ],
      [
        55,
        0.2814710736274719
      ],
      [
        56,
        0.28600379824638367
      ],
      [
        57,
        0.2855176329612732
      ],
      [
        58,
        0.2787437438964844
      ],
      [
        59,
        0.2842964828014374
      ],
      [
        60,
        0.32116907835006714
      ],
      [
        61,
        0.27788418531417847
      ],
      [
        62,
        0.2765730619430542
      ],
      [
        63,
        0.27806371450424194
      ],
      [
        64,
        0.276028573513031
      ],
      [
        65,
        0.2768535017967224
      ],
      [
        66,
        0.2819494903087616
      ],
      [
        67,
        0.28840941190719604
      ],
      [
        68,
        0.28730541467666626
      ],
      [
        69,
        0.3063080608844757
      ],
      [
        70,
        0.2843714654445648
      ],
      [
        71,
        0.28225985169410706
      ],
      [
        72,
        0.2917100489139557
      ],
      [
        73,
        0.2792883515357971
      ],
      [
        74,
        0.29376858472824097
      ],
      [
        75,
        0.27894866466522217
      ],
      [
        76,
        0.27744683623313904
      ],
      [
        77,
        0.2810963988304138
      ],
      [
        78,
        0.28113749623298645
      ],
      [
        79,
        0.29438355565071106
      ],
      [
        80,
        0.2809900939464569
      ],
      [
        81,
        0.28498324751853943
      ],
      [
        82,
        0.2772948443889618
      ],
      [
        83,
        0.28213536739349365
      ],
      [
        84,
        0.2932807207107544
      ],
      [
        85,
        0.2768878638744354
      ],
      [
        86,
        0.2790413498878479
      ],
      [
        87,
        0.28347742557525635
      ],
      [
        88,
        0.28637659549713135
      ],
      [
        89,
        0.27847421169281006
      ],
      [
        90,
        0.27708375453948975
      ],
      [
        91,
        0.28028973937034607
      ],
      [
        92,
        0.27704307436943054
      ],
      [
        93,
        0.27624309062957764
      ],
      [
        94,
        0.2804998457431793
      ],
      [
        95,
        0.2771912217140198
      ],
      [
        96,
        0.2966732084751129
      ],
      [
        97,
        0.2786303460597992
      ],
      [
        98,
        0.2817996144294739
      ],
      [
        99,
        0.27650707960128784
      ],
      [
        100,
        0.2795245945453644
      ],
      [
        101,
        0.2854575514793396
      ],
      [
        102,
        0.2808350622653961
      ],
      [
        103,
        0.28639063239097595
      ],
      [
        104,
        0.2902129292488098
      ],
      [
        105,
        0.2766393721103668
      ],
      [
        106,
        0.3023652136325836
      ],
      [
        107,
        0.3053111135959625
      ],
      [
        108,
        0.29167139530181885
      ],
      [
        109,
        0.28110894560813904
      ],
      [
        110,
        0.28420573472976685
      ],
      [
        111,
        0.28677642345428467
      ],
      [
        112,
        0.2775768041610718
      ],
      [
        113,
        0.2786402404308319
      ],
      [
        114,
        0.28005874156951904
      ]
    ]
  },
  "trustworthy": true,
  "test_mse": 0.25453323125839233,
  "mean_selected_depth_linear_regime": 1.1065573770491803,
  "mean_selected_depth_sin_regime": 1.152542372881356,
  "spearman_depth_vs_abs_x": {
    "rho": -0.5179847937843058,
    "p": 7.065231352538349e-18
  },
  "spearman_depth_vs_regime": {
    "rho": -0.011678042803997243,
    "p": 0.8571705740878394
  }
}