{
  "config": "none",
  "seed": 0,
  "dataset": "piecewise",
  "n_dataset": 1200,
  "n_test": 240,
  "layer_selection_method": "soft_gating",
  "depth_regularization": "none",
  "max_hidden_layers": 5,
  "n_epochs_cap": 2000,
  "patience": 50,
  "epochs_trained": 281,
  "hit_cap": false,
  "model_early_stopped": true,
  "trajectory_replay": {
    "converged": true,
    "hit_cap": false,
    "trustworthy": true,
    "still_improving_at_stop": false,
    "stop_epoch": 281,
    "best_val": 0.2553715705871582,
    "best_epoch": 231,
    "recent_improvement": -0.0038781464099884033,
    "trajectory": [
      [
        1,
        0.3385588824748993
      ],
      [
        2,
        0.31869882345199585
      ],
      [
        3,
        0.3149476945400238
      ],
      [
        4,
        0.3131706118583679
      ],
      [
        5,
        0.314127653837204
      ],
      [
        6,
        0.3465506136417389
      ],
      [
        7,
        0.32395708560943604
      ],
      [
        8,
        0.30425184965133667
      ],
      [
        9,
        0.336209237575531
      ],
      [
        10,
        0.3185233175754547
      ],
      [
        11,
        0.31393301486968994
      ],
      [
        12,
        0.31888723373413086
      ],
      [
        13,
        0.31146204471588135
      ],
      [
        14,
        0.34894049167633057
      ],
      [
        15,
        0.30870601534843445
      ],
      [
        16,
        0.32111772894859314
      ],
      [
        17,
        0.3408602476119995
      ],
      [
        18,
        0.3200235962867737
      ],
      [
        19,
        0.38204318284988403
      ],
      [
        20,
        0.30883118510246277
      ],
      [
        21,
        0.3042365312576294
      ],
      [
        22,
        0.3337115943431854
      ],
      [
        23,
        0.33159855008125305
      ],
      [
        24,
        0.3559834361076355
      ],
      [
        25,
        0.3102542757987976
      ],
      [
        26,
        0.32067129015922546
      ],
      [
        27,
        0.34689024090766907
      ],
      [
        28,
        0.3064962923526764
      ],
      [
        29,
        0.32404571771621704
      ],
      [
        30,
        0.31576403975486755
      ],
      [
        31,
        0.30710986256599426
      ],
      [
        32,
        0.31076580286026
      ],
      [
        33,
        0.32752540707588196
      ],
      [
        34,
        0.31720030307769775
      ],
      [
        35,
        0.3387276530265808
      ],
      [
        36,
        0.31191161274909973
      ],
      [
        37,
        0.311305433511734
      ],
      [
        38,
        0.31645822525024414
      ],
      [
        39,
        0.3557202219963074
      ],
      [
        40,
        0.3485593795776367
      ],
      [
        41,
        0.3175789415836334
      ],
      [
        42,
        0.306002676486969
      ],
      [
        43,
        0.3150376081466675
      ],
      [
        44,
        0.3183746933937073
      ],
      [
        45,
        0.33879926800727844
      ],
      [
        46,
        0.31741297245025635
      ],
      [
        47,
        0.32577788829803467
      ],
      [
        48,
        0.2959868013858795
      ],
      [
        49,
        0.3013545274734497
      ],
      [
        50,
        0.30426496267318726
      ],
      [
        51,
        0.33039531111717224
      ],
      [
        52,
        0.309356689453125
      ],
      [
        53,
        0.3194439709186554
      ],
      [
        54,
        0.29272618889808655
      ],
      [
        55,
        0.32750990986824036
      ],
      [
        56,
        0.3073226511478424
      ],
      [
        57,
        0.30320683121681213
      ],
      [
        58,
        0.3213205337524414
      ],
      [
        59,
        0.30712854862213135
      ],
      [
        60,
        0.3188190758228302
      ],
      [
        61,
        0.2985718548297882
      ],
      [
        62,
        0.30252593755722046
      ],
      [
        63,
        0.30259913206100464
      ],
      [
        64,
        0.2974293828010559
      ],
      [
        65,
        0.3242747187614441
      ],
      [
        66,
        0.3013635575771332
      ],
      [
        67,
        0.3254551291465759
      ],
      [
        68,
        0.2938361167907715
      ],
      [
        69,
        0.301387220621109
      ],
      [
        70,
        0.3330470025539398
      ],
      [
        71,
        0.30129751563072205
      ],
      [
        72,
        0.2968405783176422
      ],
      [
        73,
        0.29142457246780396
      ],
      [
        74,
        0.30022117495536804
      ],
      [
        75,
        0.2859291732311249
      ],
      [
        76,
        0.29720112681388855
      ],
      [
        77,
        0.3273833692073822
      ],
      [
        78,
        0.2906164228916168
      ],
      [
        79,
        0.2876184582710266
      ],
      [
        80,
        0.3140941858291626
      ],
      [
        81,
        0.3036697804927826
      ],
      [
        82,
        0.288207471370697
      ],
      [
        83,
        0.3290225863456726
      ],
      [
        84,
        0.28342172503471375
      ],
      [
        85,
        0.2802307903766632
      ],
      [
        86,
        0.2936820685863495
      ],
      [
        87,
        0.28180038928985596
      ],
      [
        88,
        0.2918085753917694
      ],
      [
        89,
        0.2873745560646057
      ],
      [
        90,
        0.2962799370288849
      ],
      [
        91,
        0.3038260340690613
      ],
      [
        92,
        0.2790280878543854
      ],
      [
        93,
        0.29589003324508667
      ],
      [
        94,
        0.2962839901447296
      ],
      [
        95,
        0.34023475646972656
      ],
      [
        96,
        0.28715789318084717
      ],
      [
        97,
        0.30131620168685913
      ],
      [
        98,
        0.27385178208351135
      ],
      [
        99,
        0.2792794108390808
      ],
      [
        100,
        0.27646562457084656
      ],
      [
        101,
        0.2978884279727936
      ],
      [
        102,
        0.27610525488853455
      ],
      [
        103,
        0.2687104642391205
      ],
      [
        104,
        0.2961440682411194
      ],
      [
        105,
        0.2751251757144928
      ],
      [
        106,
        0.2992810010910034
      ],
      [
        107,
        0.28540322184562683
      ],
      [
        108,
        0.29040855169296265
      ],
      [
        109,
        0.29795292019844055
      ],
      [
        110,
        0.27162450551986694
      ],
      [
        111,
        0.28146275877952576
      ],
      [
        112,
        0.270161896944046
      ],
      [
        113,
        0.31293317675590515
      ],
      [
        114,
        0.34683099389076233
      ],
      [
        115,
        0.3138875663280487
      ],
      [
        116,
        0.28255778551101685
      ],
      [
        117,
        0.2736240327358246
      ],
      [
        118,
        0.2735096514225006
      ],
      [
        119,
        0.2772955298423767
      ],
      [
        120,
        0.2725842595100403
      ],
      [
        121,
        0.28382647037506104
      ],
      [
        122,
        0.2760537564754486
      ],
      [
        123,
        0.2676086723804474
      ],
      [
        124,
        0.3066560924053192
      ],
      [
        125,
        0.2659355401992798
      ],
      [
        126,
        0.2709793746471405
      ],
      [
        127,
        0.27720406651496887
      ],
      [
        128,
        0.2802843153476715
      ],
      [
        129,
        0.27814972400665283
      ],
      [
        130,
        0.28191766142845154
      ],
      [
        131,
