{
  "config": "elbo",
  "seed": 0,
  "dataset": "piecewise",
  "n_dataset": 1200,
  "n_test": 240,
  "layer_selection_method": "soft_gating",
  "depth_regularization": "elbo",
  "max_hidden_layers": 5,
  "n_epochs_cap": 2000,
  "patience": 50,
  "epochs_trained": 320,
  "hit_cap": false,
  "model_early_stopped": true,
  "trajectory_replay": {
    "converged": true,
    "hit_cap": false,
    "trustworthy": true,
    "still_improving_at_stop": false,
    "stop_epoch": 320,
    "best_val": 0.19065624475479126,
    "best_epoch": 270,
    "recent_improvement": -0.030678197741508484,
    "trajectory": [
      [
        1,
        0.3782869577407837
      ],
      [
        2,
        0.36221933364868164
      ],
      [
        3,
        0.3102004826068878
      ],
      [
        4,
        0.3237214684486389
      ],
      [
        5,
        0.3097224235534668
      ],
      [
        6,
        0.31264790892601013
      ],
      [
        7,
        0.3252395689487457
      ],
      [
        8,
        0.3079511523246765
      ],
      [
        9,
        0.3141581118106842
      ],
      [
        10,
        0.3035051226615906
      ],
      [
        11,
        0.3572404980659485
      ],
      [
        12,
        0.30675652623176575
      ],
      [
        13,
        0.3187238872051239
      ],
      [
        14,
        0.32750973105430603
      ],
      [
        15,
        0.30738961696624756
      ],
      [
        16,
        0.31072092056274414
      ],
      [
        17,
        0.3718219995498657
      ],
      [
        18,
        0.3119218945503235
      ],
      [
        19,
        0.35698822140693665
      ],
      [
        20,
        0.3048953115940094
      ],
      [
        21,
        0.3084264099597931
      ],
      [
        22,
        0.3749675154685974
      ],
      [
        23,
        0.30716291069984436
      ],
      [
        24,
        0.3140900731086731
      ],
      [
        25,
        0.32999229431152344
      ],
      [
        26,
        0.3077247738838196
      ],
      [
        27,
        0.33860716223716736
      ],
      [
        28,
        0.30790096521377563
      ],
      [
        29,
        0.32907044887542725
      ],
      [
        30,
        0.3052583634853363
      ],
      [
        31,
        0.32761630415916443
      ],
      [
        32,
        0.32609260082244873
      ],
      [
        33,
        0.31827130913734436
      ],
      [
        34,
        0.3091442286968231
      ],
      [
        35,
        0.3103652894496918
      ],
      [
        36,
        0.3304780423641205
      ],
      [
        37,
        0.3064713180065155
      ],
      [
        38,
        0.33335575461387634
      ],
      [
        39,
        0.3274162709712982
      ],
      [
        40,
        0.35747915506362915
      ],
      [
        41,
        0.3092368543148041
      ],
      [
        42,
        0.30941593647003174
      ],
      [
        43,
        0.35432377457618713
      ],
      [
        44,
        0.3180134892463684
      ],
      [
        45,
        0.31216517090797424
      ],
      [
        46,
        0.2983534038066864
      ],
      [
        47,
        0.30694839358329773
      ],
      [
        48,
        0.28600814938545227
      ],
      [
        49,
        0.3114083707332611
      ],
      [
        50,
        0.2890150249004364
      ],
      [
        51,
        0.289421409368515
      ],
      [
        52,
        0.27979516983032227
      ],
      [
        53,
        0.2939234972000122
      ],
      [
        54,
        0.28513970971107483
      ],
      [
        55,
        0.31396642327308655
      ],
      [
        56,
        0.2899198532104492
      ],
      [
        57,
        0.28001073002815247
      ],
      [
        58,
        0.2857133150100708
      ],
      [
        59,
        0.27825927734375
      ],
      [
        60,
        0.2898176610469818
      ],
      [
        61,
        0.2865719795227051
      ],
      [
        62,
        0.30257996916770935
      ],
      [
        63,
        0.2778988182544708
      ],
      [
        64,
        0.26848089694976807
      ],
      [
        65,
        0.30816903710365295
      ],
      [
        66,
        0.2842928171157837
      ],
      [
        67,
        0.2929765284061432
      ],
      [
        68,
        0.2621796727180481
      ],
      [
        69,
        0.2850866913795471
      ],
      [
        70,
        0.305898517370224
      ],
      [
        71,
        0.2586596608161926
      ],
      [
        72,
        0.26158827543258667
      ],
      [
        73,
        0.31230008602142334
      ],
      [
        74,
        0.28236454725265503
      ],
      [
        75,
        0.2770732343196869
      ],
      [
        76,
        0.2585025131702423
      ],
      [
        77,
        0.3185129761695862
      ],
      [
        78,
        0.2759362459182739
      ],
      [
        79,
        0.2708719074726105
      ],
      [
        80,
        0.2969546616077423
      ],
      [
        81,
        0.280917227268219
      ],
      [
        82,
        0.2800081968307495
      ],
      [
        83,
        0.28886350989341736
      ],
      [
        84,
        0.2559163570404053
      ],
      [
        85,
        0.25581663846969604
      ],
      [
        86,
        0.2895771563053131
      ],
      [
        87,
        0.2584514915943146
      ],
      [
        88,
        0.2694993019104004
      ],
      [
        89,
        0.26573115587234497
      ],
      [
        90,
        0.2729339003562927
      ],
      [
        91,
        0.26296237111091614
      ],
      [
        92,
        0.2667275667190552
      ],
      [
        93,
        0.2737973630428314
      ],
      [
        94,
        0.2800598740577698
      ],
      [
        95,
        0.28527894616127014
      ],
      [
        96,
        0.2631899416446686
      ],
      [
        97,
        0.2902189791202545
      ],
      [
        98,
        0.25566565990448
      ],
      [
        99,
        0.26510244607925415
      ],
      [
        100,
        0.2507656514644623
      ],
      [
        101,
        0.2748897969722748
      ],
      [
        102,
        0.28042837977409363
      ],
      [
        103,
        0.2480989396572113
      ],
      [
        104,
        0.28450876474380493
      ],
      [
        105,
        0.24886062741279602
      ],
      [
        106,
        0.2761925160884857
      ],
      [
        107,
        0.25188055634498596
      ],
      [
        108,
        0.25863274931907654
      ],
      [
        109,
        0.25094643235206604
      ],
      [
        110,
        0.24012991786003113
      ],
      [
        111,
        0.2510083019733429
      ],
      [
        112,
        0.24009563028812408
      ],
      [
        113,
        0.2613065540790558
      ],
      [
        114,
        0.32609620690345764
      ],
      [
        115,
        0.2721754312515259
      ],
      [
        116,
        0.25964438915252686
      ],
      [
        117,
        0.2704567313194275
      ],
      [
        118,
        0.25289279222488403
      ],
      [
        119,
        0.25040048360824585
      ],
      [
        120,
        0.24478916823863983
      ],
      [
        121,
        0.2621336579322815
      ],
      [
        122,
        0.23770716786384583
      ],
      [
        123,
        0.24609020352363586
      ],
      [
        124,
        0.2756061851978302
      ],
      [
        125,
        0.24607178568840027
      ],
      [
        126,
        0.2410653531551361
      ],
      [
        127,
        0.2507990598678589
      ],
      [
        128,
        0.2800595164299011
      ],
      [
        129,
        0.2540349066257477
      ],
      [
        130,
        0.2840072512626648
      ],
      [
        131,
