{
  "config": "elbo",
  "seed": 1,
  "dataset": "piecewise",
  "n_dataset": 1200,
  "n_test": 240,
  "layer_selection_method": "soft_gating",
  "depth_regularization": "elbo",
  "max_hidden_layers": 5,
  "n_epochs_cap": 2000,
  "patience": 50,
  "epochs_trained": 283,
  "hit_cap": false,
  "model_early_stopped": true,
  "trajectory_replay": {
    "converged": true,
    "hit_cap": false,
    "trustworthy": true,
    "still_improving_at_stop": false,
    "stop_epoch": 283,
    "best_val": 0.23970243334770203,
    "best_epoch": 233,
    "recent_improvement": -0.0035035312175750732,
    "trajectory": [
      [
        1,
        0.8723344206809998
      ],
      [
        2,
        0.34592190384864807
      ],
      [
        3,
        0.31512919068336487
      ],
      [
        4,
        0.3219614624977112
      ],
      [
        5,
        0.3160431683063507
      ],
      [
        6,
        0.3274180591106415
      ],
      [
        7,
        0.31351467967033386
      ],
      [
        8,
        0.31256774067878723
      ],
      [
        9,
        0.31652694940567017
      ],
      [
        10,
        0.31636860966682434
      ],
      [
        11,
        0.3152974545955658
      ],
      [
        12,
        0.31194642186164856
      ],
      [
        13,
        0.3162904381752014
      ],
      [
        14,
        0.3168875277042389
      ],
      [
        15,
        0.3140327036380768
      ],
      [
        16,
        0.31843268871307373
      ],
      [
        17,
        0.311257928609848
      ],
      [
        18,
        0.3466290831565857
      ],
      [
        19,
        0.33120831847190857
      ],
      [
        20,
        0.35810956358909607
      ],
      [
        21,
        0.3122667372226715
      ],
      [
        22,
        0.32881298661231995
      ],
      [
        23,
        0.31981441378593445
      ],
      [
        24,
        0.32223808765411377
      ],
      [
        25,
        0.3226071000099182
      ],
      [
        26,
        0.3120841383934021
      ],
      [
        27,
        0.3267429769039154
      ],
      [
        28,
        0.30891111493110657
      ],
      [
        29,
        0.34213414788246155
      ],
      [
        30,
        0.31341636180877686
      ],
      [
        31,
        0.3211314380168915
      ],
      [
        32,
        0.32265031337738037
      ],
      [
        33,
        0.3201825022697449
      ],
      [
        34,
        0.30381789803504944
      ],
      [
        35,
        0.3199395537376404
      ],
      [
        36,
        0.30581405758857727
      ],
      [
        37,
        0.3140285611152649
      ],
      [
        38,
        0.3488370478153229
      ],
      [
        39,
        0.3008025288581848
      ],
      [
        40,
        0.3088957965373993
      ],
      [
        41,
        0.3046315312385559
      ],
      [
        42,
        0.3476366102695465
      ],
      [
        43,
        0.30166518688201904
      ],
      [
        44,
        0.33562615513801575
      ],
      [
        45,
        0.3023494780063629
      ],
      [
        46,
        0.322226881980896
      ],
      [
        47,
        0.3284619450569153
      ],
      [
        48,
        0.3069659173488617
      ],
      [
        49,
        0.3001534342765808
      ],
      [
        50,
        0.3864757716655731
      ],
      [
        51,
        0.2929156720638275
      ],
      [
        52,
        0.29622897505760193
      ],
      [
        53,
        0.3113909065723419
      ],
      [
        54,
        0.29825082421302795
      ],
      [
        55,
        0.2967175841331482
      ],
      [
        56,
        0.3044649660587311
      ],
      [
        57,
        0.30113112926483154
      ],
      [
        58,
        0.31587329506874084
      ],
      [
        59,
        0.30831608176231384
      ],
      [
        60,
        0.353744775056839
      ],
      [
        61,
        0.31705623865127563
      ],
      [
        62,
        0.2940005362033844
      ],
      [
        63,
        0.30326250195503235
      ],
      [
        64,
        0.3001083433628082
      ],
      [
        65,
        0.3022233247756958
      ],
      [
        66,
        0.2939065396785736
      ],
      [
        67,
        0.31507745385169983
      ],
      [
        68,
        0.2929218113422394
      ],
      [
        69,
        0.3275853991508484
      ],
      [
        70,
        0.2924800217151642
      ],
      [
        71,
        0.28834834694862366
      ],
      [
        72,
        0.30547192692756653
      ],
      [
        73,
        0.3089030981063843
      ],
      [
        74,
        0.32117748260498047
      ],
      [
        75,
        0.2966513931751251
      ],
      [
        76,
        0.30181482434272766
      ],
      [
        77,
        0.29682275652885437
      ],
      [
        78,
        0.3001822233200073
      ],
      [
        79,
        0.31854191422462463
      ],
      [
        80,
        0.28758034110069275
      ],
      [
        81,
        0.28312501311302185
      ],
      [
        82,
        0.28390711545944214
      ],
      [
        83,
        0.29486051201820374
      ],
      [
        84,
        0.29043343663215637
      ],
      [
        85,
        0.28744029998779297
      ],
      [
        86,
        0.2843135893344879
      ],
      [
        87,
        0.2921520471572876
      ],
      [
        88,
        0.2856612205505371
      ],
      [
        89,
        0.2815033793449402
      ],
      [
        90,
        0.2801364064216614
      ],
      [
        91,
        0.28314346075057983
      ],
      [
        92,
        0.28273871541023254
      ],
      [
        93,
        0.2870646119117737
      ],
      [
        94,
        0.2948015630245209
      ],
      [
        95,
        0.2959815561771393
      ],
      [
        96,
        0.31263455748558044
      ],
      [
        97,
        0.2829206585884094
      ],
      [
        98,
        0.28703567385673523
      ],
      [
        99,
        0.28191909193992615
      ],
      [
        100,
        0.2835133969783783
      ],
      [
        101,
        0.28683245182037354
      ],
      [
        102,
        0.2892308831214905
      ],
      [
        103,
        0.29000869393348694
      ],
      [
        104,
        0.30043256282806396
      ],
      [
        105,
        0.2768264710903168
      ],
      [
        106,
        0.30957308411598206
      ],
      [
        107,
        0.3073996305465698
      ],
      [
        108,
        0.31553399562835693
      ],
      [
        109,
        0.2783917188644409
      ],
      [
        110,
        0.2960320711135864
      ],
      [
        111,
        0.2968103587627411
      ],
      [
        112,
        0.2866377830505371
      ],
      [
        113,
        0.2852999269962311
      ],
      [
        114,
        0.2783735394477844
      ],
      [
        115,
        0.28283706307411194
      ],
      [
        116,
        0.28009578585624695
      ],
      [
        117,
        0.30559974908828735
      ],
      [
        118,
        0.27673032879829407
      ],
      [
        119,
        0.30556079745292664
      ],
      [
        120,
        0.2895480990409851
      ],
      [
        121,
        0.2779931426048279
      ],
      [
        122,
        0.28016871213912964
      ],
      [
        123,
        0.27904021739959717
      ],
      [
        124,
        0.2750840485095978
      ],
      [
        125,
        0.29098275303840637
      ],
      [
        126,
        0.2794724106788635
      ],
      [
        127,
        0.27904051542282104
      ],
      [
        128,
        0.28599610924720764
      ],
      [
        129,
        0.2787494659423828
      ],
      [
        130,
        0.29252466559410095
      ],
      [
        131,
