{
  "task": "T1_path1",
  "seed": 0,
  "n_restarts": 8,
  "n_epochs": 800,
  "n_train": 1600,
  "n_test": 500,
  "hidden_size": 8,
  "oracle_ll": 0.8836465597893728,
  "selection_metric": "train_mean_ll (untouched-test scored, never selected on)",
  "construction": {
    "n_region_a": 245,
    "n_region_b": 255,
    "region_b_gains": {
      "d1_to_d2": {
        "mean_delta": 0.00812916923314333,
        "se": 0.012286873534321785,
        "beats_2se": false
      },
      "d2_to_d3": {
        "mean_delta": -0.025670887902379036,
        "se": 0.01908174157142639,
        "beats_2se": false
      }
    },
    "region_b_pass": false,
    "region_a_gains": {
      "d1_to_d2": {
        "mean_delta": 0.01390103716403246,
        "se": 0.01346449926495552,
        "beats_2se": false
      },
      "d1_to_d3": {
        "mean_delta": 0.020248519256711006,
        "se": 0.013980298303067684,
        "beats_2se": false
      },
      "d1_to_d4": {
        "mean_delta": 0.012948206625878811,
        "se": 0.013940775766968727,
        "beats_2se": false
      },
      "d1_to_d5": {
        "mean_delta": 0.01750181056559086,
        "se": 0.014026612974703312,
        "beats_2se": false
      },
      "d1_to_d6": {
        "mean_delta": 0.01184484176337719,
        "se": 0.017718907445669174,
        "beats_2se": false
      }
    },
    "region_a_flat": true,
    "construction_pass": false
  },
  "verdict": {
    "verdict": "HARDENED_UNLEARNABLE",
    "detail": "even best-of-8-BY-TEST region B stays > 0.70 nat below the +0.8836 oracle at EVERY depth (min optimistic gap 1.1413): GD-unlearnable, not restart-luck (strengthens the terminal G-FORK).",
    "region_b_pass": false,
    "min_kept_region_b_gap_nat": 1.167994988038732,
    "min_optimistic_region_b_gap_nat": 1.1412515462185873,
    "kept_region_b_gap_by_depth": {
      "1": 1.1815922678257955,
      "2": 1.1734630883481039,
      "3": 1.1991340041901601,
      "4": 1.167994988038732,
      "5": 1.2085248947884573,
      "6": 1.1745216966416372
    },
    "optimistic_region_b_gap_by_depth": {
      "1": 1.1708683193470968,
      "2": 1.1574046731736196,
      "3": 1.1412515462185873,
      "4": 1.1559604228283895,
      "5": 1.1564095140244497,
      "6": 1.1425769150998129
    }
  },
  "per_depth": [
    {
      "depth": 1,
      "kept_restart": 5,
      "kept_train_mean_ll": 0.27499133348464966,
      "kept_test_mean_ll_region_a": 0.8312451243400574,
      "kept_test_mean_ll_region_b": -0.29794570803642273,
      "best_by_test_region_b": -0.287221759557724,
      "restarts": [
        {
          "restart": 0,
          "train_mean_ll": -0.0020074164494872093,
          "test_mean_ll": -0.02398449368774891,
          "test_mean_ll_region_a": 0.3617539405822754,
          "test_mean_ll_region_b": -0.3945959210395813
        },
        {
          "restart": 1,
          "train_mean_ll": 0.2633770704269409,
          "test_mean_ll": 0.2515423893928528,
          "test_mean_ll_region_a": 0.8240370154380798,
          "test_mean_ll_region_b": -0.2985014319419861
        },
        {
          "restart": 2,
          "train_mean_ll": 0.2597986161708832,
          "test_mean_ll": 0.24790139496326447,
          "test_mean_ll_region_a": 0.8184007406234741,
          "test_mean_ll_region_b": -0.30022546648979187
        },
        {
          "restart": 3,
          "train_mean_ll": 0.27288445830345154,
          "test_mean_ll": 0.25642383098602295,
          "test_mean_ll_region_a": 0.8334175944328308,
          "test_mean_ll_region_b": -0.29794272780418396
        },
        {
          "restart": 4,
          "train_mean_ll": 0.25304868817329407,
          "test_mean_ll": 0.24130892753601074,
          "test_mean_ll_region_a": 0.7914122343063354,
          "test_mean_ll_region_b": -0.287221759557724
        },
        {
          "restart": 5,
          "train_mean_ll": 0.27499133348464966,
          "test_mean_ll": 0.2553578019142151,
          "test_mean_ll_region_a": 0.8312451243400574,
          "test_mean_ll_region_b": -0.29794570803642273
        },
        {
          "restart": 6,
          "train_mean_ll": 0.25940191745758057,
          "test_mean_ll": 0.24337013065814972,
          "test_mean_ll_region_a": 0.8219677805900574,
          "test_mean_ll_region_b": -0.31253740191459656
        },
        {
          "restart": 7,
          "train_mean_ll": 0.2678671181201935,
          "test_mean_ll": 0.25255638360977173,
          "test_mean_ll_region_a": 0.8202670216560364,
          "test_mean_ll_region_b": -0.29289111495018005
        }
      ]
    },
    {
      "depth": 2,
      "kept_restart": 7,
      "kept_train_mean_ll": 0.28195080161094666,
      "kept_test_mean_ll_region_a": 0.8451460599899292,
      "kept_test_mean_ll_region_b": -0.2898165285587311,
      "best_by_test_region_b": -0.2737581133842468,
      "restarts": [
        {
          "restart": 0,
          "train_mean_ll": 0.2528838813304901,
          "test_mean_ll": 0.23916812241077423,
          "test_mean_ll_region_a": 0.787416934967041,
          "test_mean_ll_region_b": -0.2875806987285614
        },
        {
          "restart": 1,
          "train_mean_ll": 0.28168895840644836,
          "test_mean_ll": 0.26921546459198,
          "test_mean_ll_region_a": 0.8343511819839478,
          "test_mean_ll_region_b": -0.2737581133842468
        },
        {
          "restart": 2,
          "train_mean_ll": 0.23749195039272308,
          "test_mean_ll": 0.2188800722360611,
          "test_mean_ll_region_a": 0.7428775429725647,
          "test_mean_ll_region_b": -0.2845684587955475
        },
        {
          "restart": 3,
          "train_mean_ll": 0.2684863209724426,
          "test_mean_ll": 0.25670531392097473,
          "test_mean_ll_region_a": 0.8442912101745605,
          "test_mean_ll_region_b": -0.30783796310424805
        },
        {
          "restart": 4,
          "train_mean_ll": 0.27143216133117676,
          "test_mean_ll": 0.2607271671295166,
          "test_mean_ll_region_a": 0.8491400480270386,
          "test_mean_ll_region_b": -0.3046107590198517
        },
        {
          "restart": 5,
          "train_mean_ll": 0.25962352752685547,
          "test_mean_ll": 0.23666836321353912,
          "test_mean_ll_region_a": 0.8012120127677917,
          "test_mean_ll_region_b": -0.3057363033294678
        },
        {
          "restart": 6,
          "train_mean_ll": 0.27808743715286255,
          "test_mean_ll": 0.26629987359046936,
          "test_mean_ll_region_a": 0.8400762677192688,
          "test_mean_ll_region_b": -0.28497546911239624
        },
        {
          "restart": 7,
          "train_mean_ll": 0.28195080161094666,
          "test_mean_ll": 0.26631519198417664,
          "test_mean_ll_region_a": 0.8451460599899292,
          "test_mean_ll_region_b": -0.2898165285587311
        }
      ]
    },
    {
      "depth": 3,
      "kept_restart": 2,
      "kept_train_mean_ll": 0.28033262491226196,
      "kept_test_mean_ll_region_a": 0.8514935970306396,
      "kept_test_mean_ll_region_b": -0.31548744440078735,
      "best_by_test_region_b": -0.2576049864292145,
      "restarts": [
        {
          "restart": 0,
          "train_mean_ll": 0.2791202962398529,
          "test_mean_ll": 0.2666901648044586,
          "test_mean_ll_region_a": 0.844923198223114,
          "test_mean_ll_region_b": -0.2888670563697815
        },
        {
          "restart": 1,
          "train_mean_ll": 0.27356457710266113,
          "test_mean_ll": 0.2613404393196106,
          "test_mean_ll_region_a": 0.8209695816040039,
          "test_mean_ll_region_b": -0.2763424217700958
        },
        {
          "restart": 2,
          "train_mean_ll": 0.28033262491226196,
          "test_mean_ll": 0.2563333213329315,
          "test_mean_ll_region_a": 0.8514935970306396,
          "test_mean_ll_region_b": -0.31548744440078735
        },
        {
          "restart": 3,
          "train_mean_ll": 0.26911452412605286,