{
  "group": "a5",
  "net_kind": "mlp",
  "seq_len": 10,
  "seed": 1,
  "n_classes": 60,
  "chance": 0.016666666666666666,
  "n_train": 10000,
  "n_val": 10000,
  "narrow_width": 16,
  "wide_width": 188,
  "fit_acc": 0.9,
  "stall_acc": 0.6,
  "label_counts_train": [
    549,
    29,
    33,
    559,
    46,
    34,
    30,
    47,
    549,
    25,
    45,
    536,
    436,
    63,
    65,
    373,
    59,
    65,
    52,
    91,
    344,
    54,
    103,
    322,
    384,
    56,
    51,
    328,
    64,
    83,
    64,
    108,
    279,
    68,
    82,
    293,
    56,
    92,
    330,
    65,
    248,
    149,
    116,
    231,
    119,
    279,
    99,
    70,
    54,
    86,
    319,
    61,
    228,
    148,
    108,
    218,
    112,
    286,
    103,
    54
  ],
  "label_counts_val": [
    603,
    29,
    20,
    560,
    31,
    31,
    36,
    38,
    563,
    39,
    44,
    521,
    454,
    36,
    59,
    382,
    75,
    64,
    47,
    94,
    343,
    75,
    95,
    357,
    342,
    58,
    55,
    337,
    57,
    64,
    65,
    91,
    275,
    63,
    100,
    257,
    50,
    112,
    313,
    59,
    232,
    153,
    93,
    254,
    88,
    291,
    94,
    58,
    47,
    93,
    338,
    58,
    238,
    155,
    101,
    240,
    104,
    290,
    109,
    70
  ],
  "label_counts_train_min": 25,
  "label_counts_val_min": 20,
  "train_val_word_overlap": 96,
  "narrow": {},
  "wide_shallow": {
    "width": 188,
    "params": 19048,
    "train_acc": 0.6391000151634216,
    "val_acc": 0.14100000262260437,
    "trustworthy": false,
    "convergence": {
      "converged": true,
      "hit_cap": false,
      "trustworthy": false,
      "still_improving_at_stop": false,
      "diverged": true,
      "stop_epoch": 2750,
      "best_val": 4.0272040367126465,
      "best_epoch": 250,
      "recent_improvement": -18.679195880889893,
      "trajectory": [
        [
          250,
          4.0272040367126465
        ],
        [
          500,
          6.797111511230469
        ],
        [
          750,
          9.590753555297852
        ],
        [
          1000,
          12.133008003234863
        ],
        [
          1250,
          14.47362232208252
        ],
        [
          1500,
          16.50360870361328
        ],
        [
          1750,
          18.16289710998535
        ],
        [
          2000,
          19.5515193939209
        ],
        [
          2250,
          20.739219665527344
        ],
        [
          2500,
          21.77777862548828
        ],
        [
          2750,
          22.70639991760254
        ]
      ]
    },
    "val_acc_trajectory": [
      [
        250,
        0.14100000262260437
      ],
      [
        500,
        0.14390000700950623
      ],
      [
        750,
        0.14030000567436218
      ],
      [
        1000,
        0.14159999787807465
      ],
      [
        1250,
        0.14059999585151672
      ],
      [
        1500,
        0.14409999549388885
      ],
      [
        1750,
        0.14390000700950623
      ],
      [
        2000,
        0.1462000012397766
      ],
      [
        2250,
        0.1459999978542328
      ],
      [
        2500,
        0.14640000462532043
      ],
      [
        2750,
        0.1445000022649765
      ]
    ]
  }
}