{
  "group": "a5",
  "net_kind": "tied_flat",
  "seq_len": 10,
  "seed": 1,
  "n_classes": 60,
  "chance": 0.016666666666666666,
  "n_train": 10000,
  "n_val": 10000,
  "narrow_width": 16,
  "wide_width": 146,
  "fit_acc": 0.9,
  "stall_acc": 0.6,
  "label_counts_train": [
    549,
    29,
    33,
    559,
    46,
    34,
    30,
    47,
    549,
    25,
    45,
    536,
    436,
    63,
    65,
    373,
    59,
    65,
    52,
    91,
    344,
    54,
    103,
    322,
    384,
    56,
    51,
    328,
    64,
    83,
    64,
    108,
    279,
    68,
    82,
    293,
    56,
    92,
    330,
    65,
    248,
    149,
    116,
    231,
    119,
    279,
    99,
    70,
    54,
    86,
    319,
    61,
    228,
    148,
    108,
    218,
    112,
    286,
    103,
    54
  ],
  "label_counts_val": [
    603,
    29,
    20,
    560,
    31,
    31,
    36,
    38,
    563,
    39,
    44,
    521,
    454,
    36,
    59,
    382,
    75,
    64,
    47,
    94,
    343,
    75,
    95,
    357,
    342,
    58,
    55,
    337,
    57,
    64,
    65,
    91,
    275,
    63,
    100,
    257,
    50,
    112,
    313,
    59,
    232,
    153,
    93,
    254,
    88,
    291,
    94,
    58,
    47,
    93,
    338,
    58,
    238,
    155,
    101,
    240,
    104,
    290,
    109,
    70
  ],
  "label_counts_train_min": 25,
  "label_counts_val_min": 20,
  "train_val_word_overlap": 96,
  "narrow": {},
  "wide_shallow": {
    "width": 146,
    "params": 14806,
    "train_acc": 0.520799994468689,
    "val_acc": 0.14869999885559082,
    "trustworthy": false,
    "convergence": {
      "converged": true,
      "hit_cap": false,
      "trustworthy": false,
      "still_improving_at_stop": false,
      "diverged": true,
      "stop_epoch": 2750,
      "best_val": 3.5290839672088623,
      "best_epoch": 250,
      "recent_improvement": -16.031266450881958,
      "trajectory": [
        [
          250,
          3.5290839672088623
        ],
        [
          500,
          5.18187952041626
        ],
        [
          750,
          6.834715843200684
        ],
        [
          1000,
          8.501026153564453
        ],
        [
          1250,
          10.153168678283691
        ],
        [
          1500,
          11.77325439453125
        ],
        [
          1750,
          13.35496997833252
        ],
        [
          2000,
          14.907167434692383
        ],
        [
          2250,
          16.465517044067383
        ],
        [
          2500,
          18.015525817871094
        ],
        [
          2750,
          19.56035041809082
        ]
      ]
    },
    "val_acc_trajectory": [
      [
        250,
        0.14869999885559082
      ],
      [
        500,
        0.15369999408721924
      ],
      [
        750,
        0.15070000290870667
      ],
      [
        1000,
        0.15139999985694885
      ],
      [
        1250,
        0.1485999971628189
      ],
      [
        1500,
        0.14869999885559082
      ],
      [
        1750,
        0.14659999310970306
      ],
      [
        2000,
        0.14579999446868896
      ],
      [
        2250,
        0.14259999990463257
      ],
      [
        2500,
        0.14489999413490295
      ],
      [
        2750,
        0.14470000565052032
      ]
    ]
  }
}