{
  "group": "s5",
  "seed": 0,
  "lr": 0.003,
  "lengths": [
    4,
    6,
    8,
    10
  ],
  "max_len": 10,
  "n_classes": 120,
  "chance": 0.008333333333333333,
  "wide_width": 101,
  "arms": {
    "wide_shallow": {
      "params": 16381,
      "trustworthy": true,
      "convergence": {
        "converged": true,
        "hit_cap": false,
        "trustworthy": true,
        "still_improving_at_stop": false,
        "stop_epoch": 5750,
        "best_val": 0.7318366710096598,
        "best_epoch": 3250,
        "recent_improvement": -0.1292341835796833,
        "trajectory": [
          [
            250,
            3.0871545672416687
          ],
          [
            500,
            2.0379951894283295
          ],
          [
            750,
            1.4028900116682053
          ],
          [
            1000,
            1.1311628744006157
          ],
          [
            1250,
            0.9897346720099449
          ],
          [
            1500,
            0.8816548623144627
          ],
          [
            1750,
            0.8229454346001148
          ],
          [
            2000,
            0.7980077005922794
          ],
          [
            2250,
            0.7816069610416889
          ],
          [
            2500,
            0.7639723233878613
          ],
          [
            2750,
            0.7468948699533939
          ],
          [
            3000,
            0.7360179517418146
          ],
          [
            3250,
            0.7318366710096598
          ],
          [
            3500,
            0.7338506635278463
          ],
          [
            3750,
            0.7396556884050369
          ],
          [
            4000,
            0.7445685546845198
          ],
          [
            4250,
            0.7539646495133638
          ],
          [
            4500,
            0.7664885465055704
          ],
          [
            4750,
            0.7829633541405201
          ],
          [
            5000,
            0.8033794611692429
          ],
          [
            5250,
            0.8235288541764021
          ],
          [
            5500,
            0.8404788002371788
          ],
          [
            5750,
            0.8610708545893431
          ]
        ]
      },
      "by_length": {
        "4": {
          "train_acc": 1.0,
          "val_acc": 0.9609375
        },
        "6": {
          "train_acc": 0.99951171875,
          "val_acc": 0.96044921875
        },
        "8": {
          "train_acc": 0.8942000269889832,
          "val_acc": 0.7784000039100647
        },
        "10": {
          "train_acc": 0.6827999949455261,
          "val_acc": 0.4465000033378601
        }
      }
    }
  }
}