{
  "candidate": "hierarchical_spline",
  "seed": 0,
  "noise_sigma": 0.05,
  "floor": 0.0025000000000000005,
  "n_train": 1000,
  "n_val": 500,
  "probe_depths": [
    1,
    2,
    3,
    4
  ],
  "narrow_width": 8,
  "narrow": {
    "1": {
      "params": 25,
      "m_hard": 0.021779509261250496,
      "m_easy": 0.0022200995590537786,
      "convergence": {
        "converged": true,
        "hit_cap": false,
        "trustworthy": true,
        "still_improving_at_stop": false,
        "stop_epoch": 12250,
        "best_val": 0.12556388974189758,
        "best_epoch": 10250,
        "recent_improvement": 0.0004092603921890259,
        "trajectory": [
          [
            250,
            0.22117063403129578
          ],
          [
            500,
            0.20709113776683807
          ],
          [
            750,
            0.20443686842918396
          ],
          [
            1000,
            0.18444699048995972
          ],
          [
            1250,
            0.18103808164596558
          ],
          [
            1500,
            0.18117599189281464
          ],
          [
            1750,
            0.18118003010749817
          ],
          [
            2000,
            0.18116110563278198
          ],
          [
            2250,
            0.18112392723560333
          ],
          [
            2500,
            0.18105357885360718
          ],
          [
            2750,
            0.18083804845809937
          ],
          [
            3000,
            0.18011778593063354
          ],
          [
            3250,
            0.1781502068042755
          ],
          [
            3500,
            0.1744944155216217
          ],
          [
            3750,
            0.17054951190948486
          ],
          [
            4000,
            0.16727517545223236
          ],
          [
            4250,
            0.16416145861148834
          ],
          [
            4500,
            0.15587341785430908
          ],
          [
            4750,
            0.14410121738910675
          ],
          [
            5000,
            0.13875913619995117
          ],
          [
            5250,
            0.13512566685676575
          ],
          [
            5500,
            0.1329468935728073
          ],
          [
            5750,
            0.13156427443027496
          ],
          [
            6000,
            0.1306840181350708
          ],
          [
            6250,
            0.1298801600933075
          ],
          [
            6500,
            0.129317969083786
          ],
          [
            6750,
            0.12885797023773193
          ],
          [
            7000,
            0.12846878170967102
          ],
          [
            7250,
            0.12809444963932037
          ],
          [
            7500,
            0.12777642905712128
          ],
          [
            7750,
            0.12747631967067719
          ],
          [
            8000,
            0.12717372179031372
          ],
          [
            8250,
            0.1268010288476944
          ],
          [
            8500,
            0.1267171949148178
          ],
          [
            8750,
            0.12650786340236664
          ],
          [
            9000,
            0.1263837367296219
          ],
          [
            9250,
            0.1261545568704605
          ],
          [
            9500,
            0.12599828839302063
          ],
          [
            9750,
            0.1258610337972641
          ],
          [
            10000,
            0.12573756277561188
          ],
          [
            10250,
            0.12556388974189758
          ],
          [
            10500,
            0.12551896274089813
          ],
          [
            10750,
            0.12542425096035004
          ],
          [
            11000,
            0.12542924284934998
          ],
          [
            11250,
            0.1252807229757309
          ],
          [
            11500,
            0.12521818280220032
          ],
          [
            11750,
            0.12514488399028778
          ],
          [
            12000,
            0.12508618831634521
          ],
          [
            12250,
            0.12515462934970856
          ]
        ]
      }
    },
    "2": {
      "params": 97,
      "m_hard": 0.010366255417466164,
      "m_easy": 0.002194562228396535,
      "convergence": {
        "converged": true,
        "hit_cap": false,
        "trustworthy": true,
        "still_improving_at_stop": false,
        "stop_epoch": 4000,
        "best_val": 0.0658922865986824,
        "best_epoch": 2000,
        "recent_improvement": 0.0005654916167259216,
        "trajectory": [
          [
            250,
            0.21543718874454498
          ],
          [
            500,
            0.19509197771549225
          ],
          [
            750,
            0.17865577340126038
          ],
          [
            1000,
            0.17673276364803314
          ],
          [
            1250,
            0.15370692312717438
          ],
          [
            1500,
            0.09485863894224167
          ],
          [
            1750,
            0.06845472753047943
          ],
          [
            2000,
            0.0658922865986824
          ],
          [
            2250,
            0.0656076967716217
          ],
          [
            2500,
            0.06546955555677414
          ],
          [
            2750,
            0.06531084328889847
          ],
          [
            3000,
            0.0653083473443985
          ],
          [
            3250,
            0.06643493473529816
          ],
          [
            3500,
            0.06526347994804382
          ],
          [
            3750,
            0.06494586169719696
          ],
          [
            4000,
            0.06532679498195648
          ]
        ]
      }
    },
    "3": {
      "params": 169,
      "m_hard": 0.01016826368868351,
      "m_easy": 0.0022033967543393373,
      "convergence": {
        "converged": true,
        "hit_cap": false,
        "trustworthy": true,
        "still_improving_at_stop": false,
        "stop_epoch": 3500,
        "best_val": 0.06490709632635117,
        "best_epoch": 1500,
        "recent_improvement": 0.00041434913873672485,
        "trajectory": [
          [
            250,
            0.18201787769794464
          ],
          [
            500,
            0.16805675625801086
          ],
          [
            750,
            0.08912709355354309
          ],
          [
            1000,
            0.0665852278470993
          ],
          [
            1250,
            0.06603644043207169
          ],
          [
            1500,
            0.06490709632635117
          ],
          [
            1750,
            0.06473861634731293
          ],
          [
            2000,
            0.064645916223526
          ],
          [
            2250,
            0.06458984315395355
          ],
          [
            2500,
            0.06455866992473602
          ],
          [
            2750,
            0.0645194947719574
          ],
          [
            3000,
            0.06449273228645325
          ],
          [
            3250,
            0.06535746902227402
          ],
          [
            3500,
            0.06449274718761444
          ]
        ]
      }
    },
    "4": {
      "params": 241,
      "m_hard": 0.00218455633148551,
      "m_easy": 0.002199222333729267,
      "convergence": {
        "converged": true,
        "hit_cap": false,
        "trustworthy": true,
        "still_improving_at_stop": false,
        "stop_epoch": 7250,
        "best_val": 0.023239823058247566,
        "best_epoch": 5250,
        "recent_improvement": 0.000186065211892128,