{
  "group": "z120",
  "seed": 1,
  "lr": 0.003,
  "lengths": [
    4,
    6,
    8,
    10
  ],
  "max_len": 10,
  "n_classes": 120,
  "chance": 0.008333333333333333,
  "state_width": 64,
  "wide_width": 512,
  "fit_acc": 0.9,
  "stall_acc": 0.6,
  "arms": {
    "shared_readout": {
      "params": 16376,
      "trustworthy": true,
      "convergence": {
        "converged": true,
        "hit_cap": false,
        "trustworthy": true,
        "still_improving_at_stop": false,
        "stop_epoch": 4000,
        "best_val": 1.3393254280090332,
        "best_epoch": 1500,
        "recent_improvement": -1.6926599740982056,
        "trajectory": [
          [
            250,
            2.939286172389984
          ],
          [
            500,
            2.2831635773181915
          ],
          [
            750,
            1.712920606136322
          ],
          [
            1000,
            1.5230402648448944
          ],
          [
            1250,
            1.4009276628494263
          ],
          [
            1500,
            1.3393254280090332
          ],
          [
            1750,
            1.5619070827960968
          ],
          [
            2000,
            1.4083237648010254
          ],
          [
            2250,
            1.3851950466632843
          ],
          [
            2500,
            1.408161610364914
          ],
          [
            2750,
            1.4810900688171387
          ],
          [
            3000,
            1.5473619997501373
          ],
          [
            3250,
            1.602844387292862
          ],
          [
            3500,
            5.850682258605957
          ],
          [
            3750,
            3.686371088027954
          ],
          [
            4000,
            3.0319854021072388
          ]
        ]
      },
      "by_length": {
        "4": {
          "train_acc": 0.609375,
          "val_acc": 0.265625
        },
        "6": {
          "train_acc": 0.375,
          "val_acc": 0.34375
        },
        "8": {
          "train_acc": 0.34119999408721924,
          "val_acc": 0.3294999897480011
        },
        "10": {
          "train_acc": 0.3492000102996826,
          "val_acc": 0.32739999890327454
        }
      }
    },
    "per_length_head": {
      "params": 39776,
      "trustworthy": true,
      "convergence": {
        "converged": true,
        "hit_cap": false,
        "trustworthy": true,
        "still_improving_at_stop": false,
        "stop_epoch": 10750,
        "best_val": 0.3673930907389149,
        "best_epoch": 8250,
        "recent_improvement": -0.177271336899139,
        "trajectory": [
          [
            250,
            2.6342309713363647
          ],
          [
            500,
            1.9634937644004822
          ],
          [
            750,
            1.6547212898731232
          ],
          [
            1000,
            1.5494123697280884
          ],
          [
            1250,
            1.7441183030605316
          ],
          [
            1500,
            1.6087778508663177
          ],
          [
            1750,
            1.6848956048488617
          ],
          [
            2000,
            1.2960159480571747
          ],
          [
            2250,
            1.6489108055830002
          ],
          [
            2500,
            0.6313781980425119
          ],
          [
            2750,
            0.5154397692531347
          ],
          [
            3000,
            0.46332508511841297
          ],
          [
            3250,
            0.4356398992240429
          ],
          [
            3500,
            0.41647003032267094
          ],
          [
            3750,
            0.40323641477152705
          ],
          [
            4000,
            1.3606846928596497
          ],
          [
            4250,
            1.2241613119840622
          ],
          [
            4500,
            1.0311100035905838
          ],
          [
            4750,
            0.6162730380892754
          ],
          [
            5000,
            0.5160721186548471
          ],
          [
            5250,
            0.46345911733806133
          ],
          [
            5500,
            0.4277857765555382
          ],
          [
            5750,
            0.4098433842882514
          ],
          [
            6000,
            0.3997798324562609
          ],
          [
            6250,
            0.3943532966077328
          ],
          [
            6500,
            0.38783548353239894
          ],
          [
            6750,
            0.38432835158891976
          ],
          [
            7000,
            0.38064621738158166
          ],
          [
            7250,
            0.37760049174539745
          ],
          [
            7500,
            0.3744410928338766
          ],
          [
            7750,
            0.37122150720097125
          ],
          [
            8000,
            0.36881497013382614
          ],
          [
            8250,
            0.3673930907389149
          ],
          [
            8500,
            1.5330273807048798
          ],
          [
            8750,
            1.1600535064935684
          ],
          [
            9000,
            1.1171111315488815
          ],
          [
            9250,
            1.0724745690822601
          ],
          [
            9500,
            1.0073205679655075
          ],
          [
            9750,
            1.69407719373703
          ],
          [
            10000,
            0.96493249386549
          ],
          [
            10250,
            0.7801270745694637
          ],
          [
            10500,
            0.6052726805210114
          ],
          [
            10750,
            0.5446644276380539
          ]
        ]
      },
      "by_length": {
        "4": {
          "train_acc": 1.0,
          "val_acc": 0.9140625
        },
        "6": {
          "train_acc": 1.0,
          "val_acc": 0.99951171875
        },
        "8": {
          "train_acc": 1.0,
          "val_acc": 0.9987000226974487
        },
        "10": {
          "train_acc": 0.9990000128746033,
          "val_acc": 0.9929999709129333
        }
      }
    },
    "wide_shallow": {
      "params": 82552,
      "trustworthy": true,
      "convergence": {
        "converged": true,
        "hit_cap": false,
        "trustworthy": true,
        "still_improving_at_stop": false,
        "stop_epoch": 4000,
        "best_val": 0.989392360439524,
        "best_epoch": 1500,
        "recent_improvement": -0.014757420751266181,
        "trajectory": [
          [
            250,
            1.8286952376365662
          ],
          [
            500,
            1.0656418157741427
          ],
          [
            750,
            1.0048794257454574
          ],
          [
            1000,
            0.9934229054488242
          ],
          [
            1250,
            0.9900325038470328
          ],
          [
            1500,
            0.989392360439524
          ],
          [
            1750,
            0.9899388059275225
          ],
          [
            2000,
            0.9910330753773451
          ],
          [
            2250,
            0.9924040372716263
          ],
          [
            2500,
            0.9939226325368509
          ],
          [
            2750,
            0.9955231881467625
          ],
          [
            3000,
            0.9971812813309953
          ],
          [
            3250,
            0.9988834445830435
          ],
          [
            3500,
            1.0006203781813383
          ],
          [
            3750,
            1.0023799651535228
          ],
          [
            4000,
            1.0041497811907902
          ]
        ]
      },
      "by_length": {
        "4": {
          "train_acc": 1.0,
          "val_acc": 0.8828125
        },