{
  "group": "a5",
  "net_kind": "untied_perstep",
  "seq_len": 10,
  "seed": 0,
  "n_classes": 60,
  "chance": 0.016666666666666666,
  "n_train": 10000,
  "n_val": 10000,
  "narrow_width": 16,
  "wide_width": 887,
  "fit_acc": 0.9,
  "stall_acc": 0.6,
  "label_counts_train": [
    551,
    28,
    26,
    543,
    35,
    25,
    29,
    36,
    517,
    29,
    49,
    521,
    431,
    49,
    45,
    370,
    61,
    71,
    52,
    99,
    339,
    65,
    84,
    349,
    390,
    45,
    62,
    325,
    63,
    64,
    69,
    109,
    284,
    72,
    113,
    303,
    67,
    112,
    338,
    58,
    248,
    164,
    88,
    262,
    101,
    253,
    96,
    52,
    49,
    111,
    325,
    70,
    245,
    150,
    118,
    216,
    111,
    296,
    111,
    56
  ],
  "label_counts_val": [
    513,
    36,
    32,
    551,
    42,
    33,
    30,
    42,
    528,
    33,
    33,
    508,
    445,
    55,
    56,
    385,
    54,
    62,
    46,
    103,
    311,
    52,
    106,
    328,
    383,
    55,
    63,
    339,
    50,
    50,
    51,
    117,
    281,
    75,
    86,
    286,
    55,
    96,
    316,
    51,
    270,
    161,
    108,
    234,
    125,
    271,
    94,
    60,
    67,
    107,
    361,
    62,
    231,
    175,
    105,
    238,
    126,
    291,
    105,
    71
  ],
  "label_counts_train_min": 25,
  "label_counts_val_min": 30,
  "train_val_word_overlap": 87,
  "narrow": {},
  "wide_shallow": {
    "width": 887,
    "params": 89647,
    "train_acc": 0.968500018119812,
    "val_acc": 0.12359999865293503,
    "trustworthy": false,
    "convergence": {
      "converged": true,
      "hit_cap": false,
      "trustworthy": false,
      "still_improving_at_stop": false,
      "diverged": true,
      "stop_epoch": 2750,
      "best_val": 4.653083324432373,
      "best_epoch": 250,
      "recent_improvement": -4.687089443206787,
      "trajectory": [
        [
          250,
          4.653083324432373
        ],
        [
          500,
          6.680733680725098
        ],
        [
          750,
          7.373171806335449
        ],
        [
          1000,
          7.811945915222168
        ],
        [
          1250,
          8.14138126373291
        ],
        [
          1500,
          8.409316062927246
        ],
        [
          1750,
          8.63782024383545
        ],
        [
          2000,
          8.838967323303223
        ],
        [
          2250,
          9.02011489868164
        ],
        [
          2500,
          9.186076164245605
        ],
        [
          2750,
          9.34017276763916
        ]
      ]
    },
    "val_acc_trajectory": [
      [
        250,
        0.12359999865293503
      ],
      [
        500,
        0.12160000205039978
      ],
      [
        750,
        0.12049999833106995
      ],
      [
        1000,
        0.12060000002384186
      ],
      [
        1250,
        0.1193000003695488
      ],
      [
        1500,
        0.1185000017285347
      ],
      [
        1750,
        0.11890000104904175
      ],
      [
        2000,
        0.11940000206232071
      ],
      [
        2250,
        0.11949999630451202
      ],
      [
        2500,
        0.12070000171661377
      ],
      [
        2750,
        0.12110000103712082
      ]
    ]
  }
}