{
  "group": "a5",
  "net_kind": "mlp",
  "seq_len": 10,
  "seed": 1,
  "n_classes": 60,
  "chance": 0.016666666666666666,
  "n_train": 10000,
  "n_val": 10000,
  "narrow_width": 16,
  "wide_width": 435,
  "fit_acc": 0.9,
  "stall_acc": 0.6,
  "label_counts_train": [
    549,
    29,
    33,
    559,
    46,
    34,
    30,
    47,
    549,
    25,
    45,
    536,
    436,
    63,
    65,
    373,
    59,
    65,
    52,
    91,
    344,
    54,
    103,
    322,
    384,
    56,
    51,
    328,
    64,
    83,
    64,
    108,
    279,
    68,
    82,
    293,
    56,
    92,
    330,
    65,
    248,
    149,
    116,
    231,
    119,
    279,
    99,
    70,
    54,
    86,
    319,
    61,
    228,
    148,
    108,
    218,
    112,
    286,
    103,
    54
  ],
  "label_counts_val": [
    603,
    29,
    20,
    560,
    31,
    31,
    36,
    38,
    563,
    39,
    44,
    521,
    454,
    36,
    59,
    382,
    75,
    64,
    47,
    94,
    343,
    75,
    95,
    357,
    342,
    58,
    55,
    337,
    57,
    64,
    65,
    91,
    275,
    63,
    100,
    257,
    50,
    112,
    313,
    59,
    232,
    153,
    93,
    254,
    88,
    291,
    94,
    58,
    47,
    93,
    338,
    58,
    238,
    155,
    101,
    240,
    104,
    290,
    109,
    70
  ],
  "label_counts_train_min": 25,
  "label_counts_val_min": 20,
  "train_val_word_overlap": 96,
  "narrow": {},
  "wide_shallow": {
    "width": 435,
    "params": 43995,
    "train_acc": 0.9470999836921692,
    "val_acc": 0.13490000367164612,
    "trustworthy": false,
    "convergence": {
      "converged": true,
      "hit_cap": false,
      "trustworthy": false,
      "still_improving_at_stop": false,
      "diverged": true,
      "stop_epoch": 2750,
      "best_val": 5.047388076782227,
      "best_epoch": 250,
      "recent_improvement": -6.137224197387695,
      "trajectory": [
        [
          250,
          5.047388076782227
        ],
        [
          500,
          7.686824798583984
        ],
        [
          750,
          8.620564460754395
        ],
        [
          1000,
          9.209654808044434
        ],
        [
          1250,
          9.648090362548828
        ],
        [
          1500,
          10.003637313842773
        ],
        [
          1750,
          10.305689811706543
        ],
        [
          2000,
          10.563464164733887
        ],
        [
          2250,
          10.787020683288574
        ],
        [
          2500,
          10.99251651763916
        ],
        [
          2750,
          11.184612274169922
        ]
      ]
    },
    "val_acc_trajectory": [
      [
        250,
        0.13490000367164612
      ],
      [
        500,
        0.13519999384880066
      ],
      [
        750,
        0.13650000095367432
      ],
      [
        1000,
        0.1370999962091446
      ],
      [
        1250,
        0.13979999721050262
      ],
      [
        1500,
        0.14069999754428864
      ],
      [
        1750,
        0.1412000060081482
      ],
      [
        2000,
        0.1421000063419342
      ],
      [
        2250,
        0.1428000032901764
      ],
      [
        2500,
        0.1437000036239624
      ],
      [
        2750,
        0.1444000005722046
      ]
    ]
  }
}