{
  "candidate": "multiplicative_2d",
  "seed": 0,
  "noise_sigma": 0.05,
  "floor": 0.0025000000000000005,
  "n_train": 1000,
  "n_val": 500,
  "probe_depths": [
    1,
    2,
    3,
    4
  ],
  "narrow_width": 8,
  "narrow": {
    "1": {
      "params": 33,
      "m_hard": 0.012514102272689342,
      "m_easy": 0.008683951571583748,
      "convergence": {
        "converged": true,
        "hit_cap": false,
        "trustworthy": true,
        "still_improving_at_stop": false,
        "stop_epoch": 5000,
        "best_val": 0.02344677783548832,
        "best_epoch": 3000,
        "recent_improvement": 0.0007213260978460312,
        "trajectory": [
          [
            250,
            0.09613068401813507
          ],
          [
            500,
            0.04699329286813736
          ],
          [
            750,
            0.041336022317409515
          ],
          [
            1000,
            0.04066649079322815
          ],
          [
            1250,
            0.04027089104056358
          ],
          [
            1500,
            0.04008932411670685
          ],
          [
            1750,
            0.039955008774995804
          ],
          [
            2000,
            0.035298701375722885
          ],
          [
            2250,
            0.027549924328923225
          ],
          [
            2500,
            0.02448456361889839
          ],
          [
            2750,
            0.02372375689446926
          ],
          [
            3000,
            0.02344677783548832
          ],
          [
            3250,
            0.023299049586057663
          ],
          [
            3500,
            0.02318633161485195
          ],
          [
            3750,
            0.023105887696146965
          ],
          [
            4000,
            0.02307184785604477
          ],
          [
            4250,
            0.02294900268316269
          ],
          [
            4500,
            0.022874025627970695
          ],
          [
            4750,
            0.02278953045606613
          ],
          [
            5000,
            0.022725451737642288
          ]
        ]
      }
    },
    "2": {
      "params": 105,
      "m_hard": 0.0030046177562326193,
      "m_easy": 0.003560449229553342,
      "convergence": {
        "converged": true,
        "hit_cap": false,
        "trustworthy": true,
        "still_improving_at_stop": false,
        "stop_epoch": 4250,
        "best_val": 0.0063827550038695335,
        "best_epoch": 2250,
        "recent_improvement": 0.0005163531750440598,
        "trajectory": [
          [
            250,
            0.07064680755138397
          ],
          [
            500,
            0.02634531632065773
          ],
          [
            750,
            0.01501227356493473
          ],
          [
            1000,
            0.008777560666203499
          ],
          [
            1250,
            0.007608394604176283
          ],
          [
            1500,
            0.006995335686951876
          ],
          [
            1750,
            0.006641057785600424
          ],
          [
            2000,
            0.006883732043206692
          ],
          [
            2250,
            0.0063827550038695335
          ],
          [
            2500,
            0.00633894233033061
          ],
          [
            2750,
            0.006177125498652458
          ],
          [
            3000,
            0.006127596832811832
          ],
          [
            3250,
            0.006051958538591862
          ],
          [
            3500,
            0.00927107036113739
          ],
          [
            3750,
            0.00604766933247447
          ],
          [
            4000,
            0.005891263019293547
          ],
          [
            4250,
            0.005866401828825474
          ]
        ]
      }
    },
    "3": {
      "params": 177,
      "m_hard": 0.0029720591846853495,
      "m_easy": 0.003204785054549575,
      "convergence": {
        "converged": true,
        "hit_cap": false,
        "trustworthy": true,
        "still_improving_at_stop": false,
        "stop_epoch": 3500,
        "best_val": 0.005848446395248175,
        "best_epoch": 1500,
        "recent_improvement": 0.00011228630319237709,
        "trajectory": [
          [
            250,
            0.05321132764220238
          ],
          [
            500,
            0.0069197616539895535
          ],
          [
            750,
            0.006183901336044073
          ],
          [
            1000,
            0.005976992659270763
          ],
          [
            1250,
            0.0060212984681129456
          ],
          [
            1500,
            0.005848446395248175
          ],
          [
            1750,
            0.005811222828924656
          ],
          [
            2000,
            0.006720357574522495
          ],
          [
            2250,
            0.005850113462656736
          ],
          [
            2500,
            0.007972277700901031
          ],
          [
            2750,
            0.005767005030065775
          ],
          [
            3000,
            0.005759143270552158
          ],
          [
            3250,
            0.005837042350322008
          ],
          [
            3500,
            0.005736160092055798
          ]
        ]
      }
    },
    "4": {
      "params": 249,
      "m_hard": 0.00334770861081779,
      "m_easy": 0.0032898173667490482,
      "convergence": {
        "converged": true,
        "hit_cap": false,
        "trustworthy": true,
        "still_improving_at_stop": false,
        "stop_epoch": 4500,
        "best_val": 0.006428228225558996,
        "best_epoch": 2500,
        "recent_improvement": 0.00020218361169099808,
        "trajectory": [
          [
            250,
            0.038653649389743805
          ],
          [
            500,
            0.01411533448845148
          ],
          [
            750,
            0.008624090813100338
          ],
          [
            1000,
            0.007487330120056868
          ],
          [
            1250,
            0.007059225346893072
          ],
          [
            1500,
            0.006831516046077013
          ],
          [
            1750,
            0.006690219044685364
          ],
          [
            2000,
            0.006593781523406506
          ],
          [
            2250,
            0.006529947742819786
          ],
          [
            2500,
            0.006428228225558996
          ],
          [
            2750,
            0.006412936374545097
          ],
          [
            3000,
            0.006339810322970152
          ],
          [
            3250,
            0.006281109061092138
          ],
          [
            3500,
            0.019788453355431557
          ],
          [
            3750,
            0.006188453175127506
          ],
          [
            4000,
            0.0068939016200602055
          ],
          [
            4250,
            0.006574916187673807
          ],
          [
            4500,
            0.006226044613867998
          ]
        ]
      }
    }
  },
  "wide_shallow": {
    "width": 62,
    "params": 249,
    "param_diff_frac": 0.0,
    "m_hard": 0.0028742498252540827,
    "m_easy": 0.0030583066400140524,
    "convergence": {
      "converged": true,
      "hit_cap": false,
      "trustworthy": true,
      "still_improving_at_stop": false,
      "stop_epoch": 3250,
      "best_val": 0.005972160026431084,
      "best_epoch": 1250,
      "recent_improvement": 0.0005459031090140343,