{
  "chance": 0.3333333333333333,
  "overall_train_acc": 1.0,
  "overall_val_acc": 1.0,
  "per_stratum": {
    "6": {
      "n": 1500,
      "acc": 1.0
    },
    "8": {
      "n": 1500,
      "acc": 1.0
    },
    "10": {
      "n": 1500,
      "acc": 1.0
    }
  },
  "trustworthy": true,
  "convergence": {
    "converged": true,
    "hit_cap": false,
    "trustworthy": true,
    "still_improving_at_stop": false,
    "diverged": false,
    "stop_epoch": 8500,
    "best_val": 6.455959373852238e-05,
    "best_epoch": 6000,
    "recent_improvement": 3.575162554625422e-05,
    "trajectory": [
      [
        250,
        0.010707448236644268
      ],
      [
        500,
        0.003299572505056858
      ],
      [
        750,
        0.001830061781220138
      ],
      [
        1000,
        0.0012266975827515125
      ],
      [
        1250,
        0.0009017125121317804
      ],
      [
        1500,
        0.0007003236096352339
      ],
      [
        1750,
        0.0005638335715048015
      ],
      [
        2000,
        0.0004653499345295131
      ],
      [
        2250,
        0.00039099075365811586
      ],
      [
        2500,
        0.0003329184546601027
      ],
      [
        2750,
        0.0002863950503524393
      ],
      [
        3000,
        0.00024839912657625973
      ],
      [
        3250,
        0.00021687918342649937
      ],
      [
        3500,
        0.00019043037900701165
      ],
      [
        3750,
        0.0001680349523667246
      ],
      [
        4000,
        0.000148919498315081
      ],
      [
        4250,
        0.00013251067139208317
      ],
      [
        4500,
        0.00011835800250992179
      ],
      [
        4750,
        0.00010609470336930826
      ],
      [
        5000,
        9.543146006762981e-05
      ],
      [
        5250,
        8.613023237558082e-05
      ],
      [
        5500,
        7.799459854140878e-05
      ],
      [
        5750,
        7.084810931701213e-05
      ],
      [
        6000,
        6.455959373852238e-05
      ],
      [
        6250,
        5.9014982980443165e-05
      ],
      [
        6500,
        5.408739161794074e-05
      ],
      [
        6750,
        4.970030568074435e-05
      ],
      [
        7000,
        4.575747516355477e-05
      ],
      [
        7250,
        4.222113420837559e-05
      ],
      [
        7500,
        3.9043650758685544e-05
      ],
      [
        7750,
        3.616715912357904e-05
      ],
      [
        8000,
        3.348639438627288e-05
      ],
      [
        8250,
        3.1056835723575205e-05
      ],
      [
        8500,
        2.8807968192268163e-05
      ]
    ]
  }
}