{
  "group": "a5",
  "net_kind": "tied_flat",
  "seq_len": 10,
  "seed": 0,
  "n_classes": 60,
  "chance": 0.016666666666666666,
  "n_train": 10000,
  "n_val": 10000,
  "narrow_width": 16,
  "wide_width": 146,
  "fit_acc": 0.9,
  "stall_acc": 0.6,
  "label_counts_train": [
    551,
    28,
    26,
    543,
    35,
    25,
    29,
    36,
    517,
    29,
    49,
    521,
    431,
    49,
    45,
    370,
    61,
    71,
    52,
    99,
    339,
    65,
    84,
    349,
    390,
    45,
    62,
    325,
    63,
    64,
    69,
    109,
    284,
    72,
    113,
    303,
    67,
    112,
    338,
    58,
    248,
    164,
    88,
    262,
    101,
    253,
    96,
    52,
    49,
    111,
    325,
    70,
    245,
    150,
    118,
    216,
    111,
    296,
    111,
    56
  ],
  "label_counts_val": [
    513,
    36,
    32,
    551,
    42,
    33,
    30,
    42,
    528,
    33,
    33,
    508,
    445,
    55,
    56,
    385,
    54,
    62,
    46,
    103,
    311,
    52,
    106,
    328,
    383,
    55,
    63,
    339,
    50,
    50,
    51,
    117,
    281,
    75,
    86,
    286,
    55,
    96,
    316,
    51,
    270,
    161,
    108,
    234,
    125,
    271,
    94,
    60,
    67,
    107,
    361,
    62,
    231,
    175,
    105,
    238,
    126,
    291,
    105,
    71
  ],
  "label_counts_train_min": 25,
  "label_counts_val_min": 30,
  "train_val_word_overlap": 87,
  "narrow": {},
  "wide_shallow": {
    "width": 146,
    "params": 14806,
    "train_acc": 0.5406000018119812,
    "val_acc": 0.14910000562667847,
    "trustworthy": false,
    "convergence": {
      "converged": true,
      "hit_cap": false,
      "trustworthy": false,
      "still_improving_at_stop": false,
      "diverged": true,
      "stop_epoch": 2750,
      "best_val": 3.5784497261047363,
      "best_epoch": 250,
      "recent_improvement": -16.626277446746826,
      "trajectory": [
        [
          250,
          3.5784497261047363
        ],
        [
          500,
          5.20453405380249
        ],
        [
          750,
          6.7307353019714355
        ],
        [
          1000,
          8.50349235534668
        ],
        [
          1250,
          10.286566734313965
        ],
        [
          1500,
          12.107894897460938
        ],
        [
          1750,
          13.879326820373535
        ],
        [
          2000,
          15.553776741027832
        ],
        [
          2250,
          17.122844696044922
        ],
        [
          2500,
          18.66789436340332
        ],
        [
          2750,
          20.204727172851562
        ]
      ]
    },
    "val_acc_trajectory": [
      [
        250,
        0.14910000562667847
      ],
      [
        500,
        0.16699999570846558
      ],
      [
        750,
        0.18619999289512634
      ],
      [
        1000,
        0.18619999289512634
      ],
      [
        1250,
        0.18029999732971191
      ],
      [
        1500,
        0.17919999361038208
      ],
      [
        1750,
        0.17589999735355377
      ],
      [
        2000,
        0.17489999532699585
      ],
      [
        2250,
        0.1761000007390976
      ],
      [
        2500,
        0.17520000040531158
      ],
      [
        2750,
        0.17489999532699585
      ]
    ]
  }
}