{
  "chance": 0.3333333333333333,
  "overall_train_acc": 1.0,
  "overall_val_acc": 1.0,
  "per_stratum": {
    "6": {
      "n": 1500,
      "acc": 1.0
    },
    "8": {
      "n": 1500,
      "acc": 1.0
    },
    "10": {
      "n": 1500,
      "acc": 1.0
    }
  },
  "trustworthy": true,
  "convergence": {
    "converged": true,
    "hit_cap": false,
    "trustworthy": true,
    "still_improving_at_stop": false,
    "diverged": false,
    "stop_epoch": 6250,
    "best_val": 3.535582800395787e-05,
    "best_epoch": 3750,
    "recent_improvement": 2.7447686989034992e-05,
    "trajectory": [
      [
        250,
        0.006613549776375294
      ],
      [
        500,
        0.0018790930043905973
      ],
      [
        750,
        0.0008971841889433563
      ],
      [
        1000,
        0.0005255264113657176
      ],
      [
        1250,
        0.00034560298081487417
      ],
      [
        1500,
        0.0002442084951326251
      ],
      [
        1750,
        0.00018108071526512504
      ],
      [
        2000,
        0.0001390168908983469
      ],
      [
        2250,
        0.00010955701145576313
      ],
      [
        2500,
        8.808817074168473e-05
      ],
      [
        2750,
        7.19407616998069e-05
      ],
      [
        3000,
        5.9476176829775795e-05
      ],
      [
        3250,
        4.965161133441143e-05
      ],
      [
        3500,
        4.1769111703615636e-05
      ],
      [
        3750,
        3.535582800395787e-05
      ],
      [
        4000,
        3.0065082682995126e-05
      ],
      [
        4250,
        2.565693466749508e-05
      ],
      [
        4500,
        2.195063825638499e-05
      ],
      [
        4750,
        1.8812319467542693e-05
      ],
      [
        5000,
        1.6155128832906485e-05
      ],
      [
        5250,
        1.3912946087657474e-05
      ],
      [
        5500,
        1.2024527677567676e-05
      ],
      [
        5750,
        1.0426748303871136e-05
      ],
      [
        6000,
        9.069404768524691e-06
      ],
      [
        6250,
        7.908141014922876e-06
      ]
    ]
  }
}