{
  "group": "a5",
  "net_kind": "untied_perstep",
  "seq_len": 10,
  "seed": 1,
  "n_classes": 60,
  "chance": 0.016666666666666666,
  "n_train": 10000,
  "n_val": 10000,
  "narrow_width": 16,
  "wide_width": 887,
  "fit_acc": 0.9,
  "stall_acc": 0.6,
  "label_counts_train": [
    549,
    29,
    33,
    559,
    46,
    34,
    30,
    47,
    549,
    25,
    45,
    536,
    436,
    63,
    65,
    373,
    59,
    65,
    52,
    91,
    344,
    54,
    103,
    322,
    384,
    56,
    51,
    328,
    64,
    83,
    64,
    108,
    279,
    68,
    82,
    293,
    56,
    92,
    330,
    65,
    248,
    149,
    116,
    231,
    119,
    279,
    99,
    70,
    54,
    86,
    319,
    61,
    228,
    148,
    108,
    218,
    112,
    286,
    103,
    54
  ],
  "label_counts_val": [
    603,
    29,
    20,
    560,
    31,
    31,
    36,
    38,
    563,
    39,
    44,
    521,
    454,
    36,
    59,
    382,
    75,
    64,
    47,
    94,
    343,
    75,
    95,
    357,
    342,
    58,
    55,
    337,
    57,
    64,
    65,
    91,
    275,
    63,
    100,
    257,
    50,
    112,
    313,
    59,
    232,
    153,
    93,
    254,
    88,
    291,
    94,
    58,
    47,
    93,
    338,
    58,
    238,
    155,
    101,
    240,
    104,
    290,
    109,
    70
  ],
  "label_counts_train_min": 25,
  "label_counts_val_min": 20,
  "train_val_word_overlap": 96,
  "narrow": {},
  "wide_shallow": {
    "width": 887,
    "params": 89647,
    "train_acc": 0.972000002861023,
    "val_acc": 0.13130000233650208,
    "trustworthy": false,
    "convergence": {
      "converged": true,
      "hit_cap": false,
      "trustworthy": false,
      "still_improving_at_stop": false,
      "diverged": true,
      "stop_epoch": 2750,
      "best_val": 4.623640060424805,
      "best_epoch": 250,
      "recent_improvement": -4.330253601074219,
      "trajectory": [
        [
          250,
          4.623640060424805
        ],
        [
          500,
          6.60436487197876
        ],
        [
          750,
          7.274181365966797
        ],
        [
          1000,
          7.678033828735352
        ],
        [
          1250,
          7.9566264152526855
        ],
        [
          1500,
          8.180948257446289
        ],
        [
          1750,
          8.371224403381348
        ],
        [
          2000,
          8.538143157958984
        ],
        [
          2250,
          8.6882963180542
        ],
        [
          2500,
          8.825922966003418
        ],
        [
          2750,
          8.953893661499023
        ]
      ]
    },
    "val_acc_trajectory": [
      [
        250,
        0.13130000233650208
      ],
      [
        500,
        0.1273999959230423
      ],
      [
        750,
        0.12770000100135803
      ],
      [
        1000,
        0.12880000472068787
      ],
      [
        1250,
        0.12929999828338623
      ],
      [
        1500,
        0.13089999556541443
      ],
      [
        1750,
        0.13099999725818634
      ],
      [
        2000,
        0.1307000070810318
      ],
      [
        2250,
        0.13210000097751617
      ],
      [
        2500,
        0.13279999792575836
      ],
      [
        2750,
        0.133200004696846
      ]
    ]
  }
}