{
  "group": "a5",
  "net_kind": "mlp",
  "seq_len": 10,
  "seed": 1,
  "n_classes": 60,
  "chance": 0.016666666666666666,
  "n_train": 10000,
  "n_val": 10000,
  "narrow_width": 64,
  "wide_width": 512,
  "fit_acc": 0.9,
  "stall_acc": 0.6,
  "label_counts_train": [
    549,
    29,
    33,
    559,
    46,
    34,
    30,
    47,
    549,
    25,
    45,
    536,
    436,
    63,
    65,
    373,
    59,
    65,
    52,
    91,
    344,
    54,
    103,
    322,
    384,
    56,
    51,
    328,
    64,
    83,
    64,
    108,
    279,
    68,
    82,
    293,
    56,
    92,
    330,
    65,
    248,
    149,
    116,
    231,
    119,
    279,
    99,
    70,
    54,
    86,
    319,
    61,
    228,
    148,
    108,
    218,
    112,
    286,
    103,
    54
  ],
  "label_counts_val": [
    603,
    29,
    20,
    560,
    31,
    31,
    36,
    38,
    563,
    39,
    44,
    521,
    454,
    36,
    59,
    382,
    75,
    64,
    47,
    94,
    343,
    75,
    95,
    357,
    342,
    58,
    55,
    337,
    57,
    64,
    65,
    91,
    275,
    63,
    100,
    257,
    50,
    112,
    313,
    59,
    232,
    153,
    93,
    254,
    88,
    291,
    94,
    58,
    47,
    93,
    338,
    58,
    238,
    155,
    101,
    240,
    104,
    290,
    109,
    70
  ],
  "label_counts_train_min": 25,
  "label_counts_val_min": 20,
  "train_val_word_overlap": 96,
  "narrow": {
    "4": {
      "depth": 4,
      "width": 64,
      "params": 19004,
      "train_acc": 0.4943999946117401,
      "val_acc": 0.16050000488758087,
      "trustworthy": false,
      "convergence": {
        "converged": true,
        "hit_cap": false,
        "trustworthy": false,
        "still_improving_at_stop": false,
        "diverged": true,
        "stop_epoch": 2750,
        "best_val": 3.009286880493164,
        "best_epoch": 250,
        "recent_improvement": -11.073013305664062,
        "trajectory": [
          [
            250,
            3.009286880493164
          ],
          [
            500,
            4.852611064910889
          ],
          [
            750,
            6.5997314453125
          ],
          [
            1000,
            7.946795463562012
          ],
          [
            1250,
            9.322376251220703
          ],
          [
            1500,
            10.4516019821167
          ],
          [
            1750,
            11.396153450012207
          ],
          [
            2000,
            12.203198432922363
          ],
          [
            2250,
            12.907050132751465
          ],
          [
            2500,
            13.526618957519531
          ],
          [
            2750,
            14.082300186157227
          ]
        ]
      },
      "val_acc_trajectory": [
        [
          250,
          0.16050000488758087
        ],
        [
          500,
          0.156700000166893
        ],
        [
          750,
          0.15690000355243683
        ],
        [
          1000,
          0.15240000188350677
        ],
        [
          1250,
          0.15070000290870667
        ],
        [
          1500,
          0.15049999952316284
        ],
        [
          1750,
          0.15070000290870667
        ],
        [
          2000,
          0.1500999927520752
        ],
        [
          2250,
          0.1501999944448471
        ],
        [
          2500,
          0.1509000062942505
        ],
        [
          2750,
          0.15080000460147858
        ]
      ]
    },
    "7": {
      "depth": 7,
      "width": 64,
      "params": 31484,
      "train_acc": 0.18170000612735748,
      "val_acc": 0.12960000336170197,
      "trustworthy": false,
      "convergence": {
        "converged": true,
        "hit_cap": false,
        "trustworthy": false,
        "still_improving_at_stop": false,
        "diverged": true,
        "stop_epoch": 2750,
        "best_val": 2.718453884124756,
        "best_epoch": 250,
        "recent_improvement": -5.381286144256592,
        "trajectory": [
          [
            250,
            2.718453884124756
          ],
          [
            500,
            2.981313705444336
          ],
          [
            750,
            3.782576084136963
          ],
          [
            1000,
            4.629765510559082
          ],
          [
            1250,
            5.470396995544434
          ],
          [
            1500,
            6.403425693511963
          ],
          [
            1750,
            6.965104103088379
          ],
          [
            2000,
            7.4152398109436035
          ],
          [
            2250,
            7.682810306549072
          ],
          [
            2500,
            8.424943923950195
          ],
          [
            2750,
            8.099740028381348
          ]
        ]
      },
      "val_acc_trajectory": [
        [
          250,
          0.12960000336170197
        ],
        [
          500,
          0.15369999408721924
        ],
        [
          750,
          0.15610000491142273
        ],
        [
          1000,
          0.1590999960899353
        ],
        [
          1250,
          0.15410000085830688
        ],
        [
          1500,
          0.156700000166893
        ],
        [
          1750,
          0.1551000028848648
        ],
        [
          2000,
          0.155799999833107
        ],
        [
          2250,
          0.15230000019073486
        ],
        [
          2500,
          0.15289999544620514
        ],
        [
          2750,
          0.15299999713897705
        ]
      ]
    },
    "10": {
      "depth": 10,
      "width": 64,
      "params": 43964,
      "train_acc": 0.05490000173449516,
      "val_acc": 0.056299999356269836,
      "trustworthy": true,
      "convergence": {
        "converged": true,
        "hit_cap": false,
        "trustworthy": true,
        "still_improving_at_stop": false,
        "diverged": false,
        "stop_epoch": 4000,
        "best_val": 3.7288668155670166,
        "best_epoch": 1500,
        "recent_improvement": -0.00013899803161621094,
        "trajectory": [
          [
            250,
            3.729031562805176
          ],
          [
            500,
            3.729010581970215
          ],
          [
            750,
            3.7293624877929688
          ],
          [
            1000,
            3.7290027141571045
          ],
          [
            1250,
            3.729001998901367
          ],
          [
            1500,
            3.7288668155670166
          ],
          [
            1750,
            3.7290148735046387
          ],
          [
            2000,
            3.7290117740631104
          ],
          [
            2250,
            3.7290120124816895
          ],
          [
            2500,
            3.7290120124816895
          ],
          [
            2750,
            3.7290117740631104
          ],
          [
            3000,
            3.7290117740631104
          ],
          [
            3250,
            3.7290117740631104
          ],
          [
            3500,
            3.7290117740631104
          ],
          [
            3750,
            3.7290265560150146
          ],
          [
            4000,
            3.729005813598633
          ]
        ]
      },