{
  "group": "a5",
  "net_kind": "recurrent",
  "seq_len": 10,
  "seed": 1,
  "n_classes": 60,
  "chance": 0.016666666666666666,
  "n_train": 10000,
  "n_val": 10000,
  "narrow_width": 16,
  "wide_width": 512,
  "fit_acc": 0.9,
  "stall_acc": 0.6,
  "label_counts_train": [
    549,
    29,
    33,
    559,
    46,
    34,
    30,
    47,
    549,
    25,
    45,
    536,
    436,
    63,
    65,
    373,
    59,
    65,
    52,
    91,
    344,
    54,
    103,
    322,
    384,
    56,
    51,
    328,
    64,
    83,
    64,
    108,
    279,
    68,
    82,
    293,
    56,
    92,
    330,
    65,
    248,
    149,
    116,
    231,
    119,
    279,
    99,
    70,
    54,
    86,
    319,
    61,
    228,
    148,
    108,
    218,
    112,
    286,
    103,
    54
  ],
  "label_counts_val": [
    603,
    29,
    20,
    560,
    31,
    31,
    36,
    38,
    563,
    39,
    44,
    521,
    454,
    36,
    59,
    382,
    75,
    64,
    47,
    94,
    343,
    75,
    95,
    357,
    342,
    58,
    55,
    337,
    57,
    64,
    65,
    91,
    275,
    63,
    100,
    257,
    50,
    112,
    313,
    59,
    232,
    153,
    93,
    254,
    88,
    291,
    94,
    58,
    47,
    93,
    338,
    58,
    238,
    155,
    101,
    240,
    104,
    290,
    109,
    70
  ],
  "label_counts_train_min": 25,
  "label_counts_val_min": 20,
  "train_val_word_overlap": 96,
  "narrow": {
    "10": {
      "depth": 10,
      "width": 64,
      "params": 12476,
      "train_acc": 0.9988999962806702,
      "val_acc": 0.9257000088691711,
      "trustworthy": true,
      "convergence": {
        "converged": true,
        "hit_cap": false,
        "trustworthy": true,
        "still_improving_at_stop": false,
        "diverged": false,
        "stop_epoch": 3750,
        "best_val": 0.3394337296485901,
        "best_epoch": 1250,
        "recent_improvement": -0.08338066935539246,
        "trajectory": [
          [
            250,
            2.133474111557007
          ],
          [
            500,
            1.462327480316162
          ],
          [
            750,
            0.8956633806228638
          ],
          [
            1000,
            0.3591184914112091
          ],
          [
            1250,
            0.3394337296485901
          ],
          [
            1500,
            0.35363689064979553
          ],
          [
            1750,
            0.3667239844799042
          ],
          [
            2000,
            0.37813958525657654
          ],
          [
            2250,
            0.38622766733169556
          ],
          [
            2500,
            0.3936721086502075
          ],
          [
            2750,
            0.40091678500175476
          ],
          [
            3000,
            0.40711840987205505
          ],
          [
            3250,
            0.4126645624637604
          ],
          [
            3500,
            0.4178169071674347
          ],
          [
            3750,
            0.42281439900398254
          ]
        ]
      },
      "val_acc_trajectory": [
        [
          250,
          0.2515000104904175
        ],
        [
          500,
          0.358599990606308
        ],
        [
          750,
          0.5942000150680542
        ],
        [
          1000,
          0.9103999733924866
        ],
        [
          1250,
          0.9257000088691711
        ],
        [
          1500,
          0.9289000034332275
        ],
        [
          1750,
          0.9304999709129333
        ],
        [
          2000,
          0.9305999875068665
        ],
        [
          2250,
          0.9308000206947327
        ],
        [
          2500,
          0.9314000010490417
        ],
        [
          2750,
          0.930899977684021
        ],
        [
          3000,
          0.9315000176429749
        ],
        [
          3250,
          0.9315000176429749
        ],
        [
          3500,
          0.9319999814033508
        ],
        [
          3750,
          0.9323999881744385
        ]
      ]
    }
  },
  "wide_shallow": null
}