{
  "group": "a5",
  "net_kind": "tied_flat",
  "seq_len": 10,
  "seed": 1,
  "n_classes": 60,
  "chance": 0.016666666666666666,
  "n_train": 10000,
  "n_val": 10000,
  "narrow_width": 64,
  "wide_width": 512,
  "fit_acc": 0.9,
  "stall_acc": 0.6,
  "label_counts_train": [
    549,
    29,
    33,
    559,
    46,
    34,
    30,
    47,
    549,
    25,
    45,
    536,
    436,
    63,
    65,
    373,
    59,
    65,
    52,
    91,
    344,
    54,
    103,
    322,
    384,
    56,
    51,
    328,
    64,
    83,
    64,
    108,
    279,
    68,
    82,
    293,
    56,
    92,
    330,
    65,
    248,
    149,
    116,
    231,
    119,
    279,
    99,
    70,
    54,
    86,
    319,
    61,
    228,
    148,
    108,
    218,
    112,
    286,
    103,
    54
  ],
  "label_counts_val": [
    603,
    29,
    20,
    560,
    31,
    31,
    36,
    38,
    563,
    39,
    44,
    521,
    454,
    36,
    59,
    382,
    75,
    64,
    47,
    94,
    343,
    75,
    95,
    357,
    342,
    58,
    55,
    337,
    57,
    64,
    65,
    91,
    275,
    63,
    100,
    257,
    50,
    112,
    313,
    59,
    232,
    153,
    93,
    254,
    88,
    291,
    94,
    58,
    47,
    93,
    338,
    58,
    238,
    155,
    101,
    240,
    104,
    290,
    109,
    70
  ],
  "label_counts_train_min": 25,
  "label_counts_val_min": 20,
  "train_val_word_overlap": 96,
  "narrow": {
    "4": {
      "depth": 4,
      "width": 64,
      "params": 14844,
      "train_acc": 0.20720000565052032,
      "val_acc": 0.1298000067472458,
      "trustworthy": false,
      "convergence": {
        "converged": true,
        "hit_cap": false,
        "trustworthy": false,
        "still_improving_at_stop": false,
        "diverged": true,
        "stop_epoch": 3000,
        "best_val": 2.8734445571899414,
        "best_epoch": 500,
        "recent_improvement": -3.8046422004699707,
        "trajectory": [
          [
            250,
            2.967379570007324
          ],
          [
            500,
            2.8734445571899414
          ],
          [
            750,
            3.1735875606536865
          ],
          [
            1000,
            3.694715738296509
          ],
          [
            1250,
            4.154267311096191
          ],
          [
            1500,
            4.678625583648682
          ],
          [
            1750,
            5.106381416320801
          ],
          [
            2000,
            5.514744758605957
          ],
          [
            2250,
            5.885218143463135
          ],
          [
            2500,
            6.213228702545166
          ],
          [
            2750,
            6.470682144165039
          ],
          [
            3000,
            6.678086757659912
          ]
        ]
      },
      "val_acc_trajectory": [
        [
          250,
          0.10930000245571136
        ],
        [
          500,
          0.1298000067472458
        ],
        [
          750,
          0.1362999975681305
        ],
        [
          1000,
          0.13300000131130219
        ],
        [
          1250,
          0.13819999992847443
        ],
        [
          1500,
          0.12999999523162842
        ],
        [
          1750,
          0.13099999725818634
        ],
        [
          2000,
          0.1306000053882599
        ],
        [
          2250,
          0.1289999932050705
        ],
        [
          2500,
          0.13050000369548798
        ],
        [
          2750,
          0.1315000057220459
        ],
        [
          3000,
          0.1315000057220459
        ]
      ]
    },
    "7": {
      "depth": 7,
      "width": 64,
      "params": 14844,
      "train_acc": 0.08219999819993973,
      "val_acc": 0.08110000193119049,
      "trustworthy": true,
      "convergence": {
        "converged": true,
        "hit_cap": false,
        "trustworthy": true,
        "still_improving_at_stop": false,
        "diverged": false,
        "stop_epoch": 3250,
        "best_val": 3.5022168159484863,
        "best_epoch": 750,
        "recent_improvement": -0.22679495811462402,
        "trajectory": [
          [
            250,
            3.6512887477874756
          ],
          [
            500,
            3.5365116596221924
          ],
          [
            750,
            3.5022168159484863
          ],
          [
            1000,
            3.5847420692443848
          ],
          [
            1250,
            3.642713785171509
          ],
          [
            1500,
            3.6571450233459473
          ],
          [
            1750,
            3.661803960800171
          ],
          [
            2000,
            3.651365280151367
          ],
          [
            2250,
            3.658540725708008
          ],
          [
            2500,
            3.729030132293701
          ],
          [
            2750,
            3.7290117740631104
          ],
          [
            3000,
            3.7290117740631104
          ],
          [
            3250,
            3.7290117740631104
          ]
        ]
      },
      "val_acc_trajectory": [
        [
          250,
          0.0544000007212162
        ],
        [
          500,
          0.0754999965429306
        ],
        [
          750,
          0.08110000193119049
        ],
        [
          1000,
          0.07190000265836716
        ],
        [
          1250,
          0.06800000369548798
        ],
        [
          1500,
          0.06830000132322311
        ],
        [
          1750,
          0.06970000267028809
        ],
        [
          2000,
          0.06440000236034393
        ],
        [
          2250,
          0.06800000369548798
        ],
        [
          2500,
          0.0560000017285347
        ],
        [
          2750,
          0.0560000017285347
        ],
        [
          3000,
          0.0560000017285347
        ],
        [
          3250,
          0.0560000017285347
        ]
      ]
    },
    "10": {
      "depth": 10,
      "width": 64,
      "params": 14844,
      "train_acc": 0.05590000003576279,
      "val_acc": 0.0560000017285347,
      "trustworthy": true,
      "convergence": {
        "converged": true,
        "hit_cap": false,
        "trustworthy": true,
        "still_improving_at_stop": false,
        "diverged": false,
        "stop_epoch": 2750,
        "best_val": 3.7290117740631104,
        "best_epoch": 250,
        "recent_improvement": 9.5367431640625e-07,
        "trajectory": [
          [
            250,
            3.7290117740631104
          ],
          [
            500,
            3.728989839553833
          ],
          [
            750,
            3.7290120124816895
          ],
          [
            1000,
            3.7290117740631104
          ],
          [
            1250,
            3.7290117740631104
          ],
          [
            1500,
            3.7290117740631104
          ],
          [
            1750,
            3.7290117740631104
          ],
          [
            2000,
            3.7290117740631104
          ],
          [
            2250,
            3.7290117740631104
          ],
          [
            2500,
            3.7290117740631104
          ],
          [
            2750,
            3.729010820388794
          ]
        ]
      },