{
  "group": "a5",
  "net_kind": "untied_perstep",
  "seq_len": 10,
  "seed": 1,
  "n_classes": 60,
  "chance": 0.016666666666666666,
  "n_train": 10000,
  "n_val": 10000,
  "narrow_width": 16,
  "wide_width": 512,
  "fit_acc": 0.9,
  "stall_acc": 0.6,
  "label_counts_train": [
    549,
    29,
    33,
    559,
    46,
    34,
    30,
    47,
    549,
    25,
    45,
    536,
    436,
    63,
    65,
    373,
    59,
    65,
    52,
    91,
    344,
    54,
    103,
    322,
    384,
    56,
    51,
    328,
    64,
    83,
    64,
    108,
    279,
    68,
    82,
    293,
    56,
    92,
    330,
    65,
    248,
    149,
    116,
    231,
    119,
    279,
    99,
    70,
    54,
    86,
    319,
    61,
    228,
    148,
    108,
    218,
    112,
    286,
    103,
    54
  ],
  "label_counts_val": [
    603,
    29,
    20,
    560,
    31,
    31,
    36,
    38,
    563,
    39,
    44,
    521,
    454,
    36,
    59,
    382,
    75,
    64,
    47,
    94,
    343,
    75,
    95,
    357,
    342,
    58,
    55,
    337,
    57,
    64,
    65,
    91,
    275,
    63,
    100,
    257,
    50,
    112,
    313,
    59,
    232,
    153,
    93,
    254,
    88,
    291,
    94,
    58,
    47,
    93,
    338,
    58,
    238,
    155,
    101,
    240,
    104,
    290,
    109,
    70
  ],
  "label_counts_train_min": 25,
  "label_counts_val_min": 20,
  "train_val_word_overlap": 96,
  "narrow": {
    "10": {
      "depth": 10,
      "width": 64,
      "params": 89660,
      "train_acc": 0.10199999809265137,
      "val_acc": 0.07859999686479568,
      "trustworthy": false,
      "convergence": {
        "converged": true,
        "hit_cap": false,
        "trustworthy": false,
        "still_improving_at_stop": false,
        "diverged": true,
        "stop_epoch": 2750,
        "best_val": 3.4747092723846436,
        "best_epoch": 250,
        "recent_improvement": -2.209381341934204,
        "trajectory": [
          [
            250,
            3.4747092723846436
          ],
          [
            500,
            3.526085138320923
          ],
          [
            750,
            3.736415147781372
          ],
          [
            1000,
            4.397627830505371
          ],
          [
            1250,
            4.055126190185547
          ],
          [
            1500,
            4.316392421722412
          ],
          [
            1750,
            4.61544942855835
          ],
          [
            2000,
            4.963648319244385
          ],
          [
            2250,
            5.232100963592529
          ],
          [
            2500,
            5.464609146118164
          ],
          [
            2750,
            5.684090614318848
          ]
        ]
      },
      "val_acc_trajectory": [
        [
          250,
          0.07859999686479568
        ],
        [
          500,
          0.08869999647140503
        ],
        [
          750,
          0.0835999995470047
        ],
        [
          1000,
          0.08590000122785568
        ],
        [
          1250,
          0.08540000021457672
        ],
        [
          1500,
          0.08380000293254852
        ],
        [
          1750,
          0.0778999999165535
        ],
        [
          2000,
          0.07509999722242355
        ],
        [
          2250,
          0.07419999688863754
        ],
        [
          2500,
          0.0754999965429306
        ],
        [
          2750,
          0.07479999959468842
        ]
      ]
    }
  },
  "wide_shallow": null
}