{
  "candidate": "gentle_composition",
  "seed": 0,
  "noise_sigma": 0.05,
  "floor": 0.0025000000000000005,
  "n_train": 1000,
  "n_val": 500,
  "probe_depths": [
    1,
    2,
    3,
    4
  ],
  "narrow_width": 8,
  "narrow": {
    "1": {
      "params": 25,
      "m_hard": 0.002077182987704873,
      "m_easy": 0.002429602900519967,
      "convergence": {
        "converged": true,
        "hit_cap": false,
        "trustworthy": true,
        "still_improving_at_stop": false,
        "stop_epoch": 7500,
        "best_val": 0.004936463665217161,
        "best_epoch": 5500,
        "recent_improvement": 0.00013873260468244553,
        "trajectory": [
          [
            250,
            0.06454944610595703
          ],
          [
            500,
            0.05721317231655121
          ],
          [
            750,
            0.039629869163036346
          ],
          [
            1000,
            0.01825300045311451
          ],
          [
            1250,
            0.011275501921772957
          ],
          [
            1500,
            0.009652209468185902
          ],
          [
            1750,
            0.008867316879332066
          ],
          [
            2000,
            0.008349815383553505
          ],
          [
            2250,
            0.007733707316219807
          ],
          [
            2500,
            0.007173433434218168
          ],
          [
            2750,
            0.006761087104678154
          ],
          [
            3000,
            0.0064339111559093
          ],
          [
            3250,
            0.006182271987199783
          ],
          [
            3500,
            0.0059502306394279
          ],
          [
            3750,
            0.005739183630794287
          ],
          [
            4000,
            0.005623943172395229
          ],
          [
            4250,
            0.0054168701171875
          ],
          [
            4500,
            0.005284596234560013
          ],
          [
            4750,
            0.005182491149753332
          ],
          [
            5000,
            0.0050809732638299465
          ],
          [
            5250,
            0.005027974955737591
          ],
          [
            5500,
            0.004936463665217161
          ],
          [
            5750,
            0.004920068196952343
          ],
          [
            6000,
            0.004888678435236216
          ],
          [
            6250,
            0.004880440421402454
          ],
          [
            6500,
            0.004851154517382383
          ],
          [
            6750,
            0.004832533188164234
          ],
          [
            7000,
            0.004819899331778288
          ],
          [
            7250,
            0.004809428006410599
          ],
          [
            7500,
            0.004797731060534716
          ]
        ]
      }
    },
    "2": {
      "params": 97,
      "m_hard": 0.002249691402539611,
      "m_easy": 0.0025981878861784935,
      "convergence": {
        "converged": true,
        "hit_cap": false,
        "trustworthy": true,
        "still_improving_at_stop": false,
        "stop_epoch": 2500,
        "best_val": 0.005309541244059801,
        "best_epoch": 500,
        "recent_improvement": 0.000546041876077652,
        "trajectory": [
          [
            250,
            0.01625593937933445
          ],
          [
            500,
            0.005309541244059801
          ],
          [
            750,
            0.004917261190712452
          ],
          [
            1000,
            0.004792198073118925
          ],
          [
            1250,
            0.004749708343297243
          ],
          [
            1500,
            0.004746872931718826
          ],
          [
            1750,
            0.0047522857785224915
          ],
          [
            2000,
            0.004757215268909931
          ],
          [
            2250,
            0.004760938696563244
          ],
          [
            2500,
            0.004763499367982149
          ]
        ]
      }
    },
    "3": {
      "params": 169,
      "m_hard": 0.0021016316022723913,
      "m_easy": 0.0025186471175402403,
      "convergence": {
        "converged": true,
        "hit_cap": false,
        "trustworthy": true,
        "still_improving_at_stop": false,
        "stop_epoch": 2500,
        "best_val": 0.005061752162873745,
        "best_epoch": 500,
        "recent_improvement": 0.00032532447949051857,
        "trajectory": [
          [
            250,
            0.00694123562425375
          ],
          [
            500,
            0.005061752162873745
          ],
          [
            750,
            0.004863138310611248
          ],
          [
            1000,
            0.004783355165272951
          ],
          [
            1250,
            0.004740575328469276
          ],
          [
            1500,
            0.005173182114958763
          ],
          [
            1750,
            0.00472617382183671
          ],
          [
            2000,
            0.004731874912977219
          ],
          [
            2250,
            0.0047619217075407505
          ],
          [
            2500,
            0.004736427683383226
          ]
        ]
      }
    },
    "4": {
      "params": 241,
      "m_hard": 0.0022918751928955317,
      "m_easy": 0.0028268047608435154,
      "convergence": {
        "converged": true,
        "hit_cap": false,
        "trustworthy": true,
        "still_improving_at_stop": false,
        "stop_epoch": 2250,
        "best_val": 0.00560905272141099,
        "best_epoch": 250,
        "recent_improvement": 0.00081300875172019,
        "trajectory": [
          [
            250,
            0.00560905272141099
          ],
          [
            500,
            0.005091403145343065
          ],
          [
            750,
            0.005002770572900772
          ],
          [
            1000,
            0.004932665266096592
          ],
          [
            1250,
            0.00495158089324832
          ],
          [
            1500,
            0.004841060843318701
          ],
          [
            1750,
            0.004823680967092514
          ],
          [
            2000,
            0.00486598489806056
          ],
          [
            2250,
            0.0047960439696908
          ]
        ]
      }
    }
  },
  "wide_shallow": {
    "width": 80,
    "params": 241,
    "param_diff_frac": 0.0,
    "m_hard": 0.002972943475469947,
    "m_easy": 0.002432118868455291,
    "convergence": {
      "converged": true,
      "hit_cap": false,
      "trustworthy": true,
      "still_improving_at_stop": false,
      "stop_epoch": 5750,
      "best_val": 0.0059035178273916245,
      "best_epoch": 3750,
      "recent_improvement": 0.00018473947420716286,