{
  "group": "a5",
  "net_kind": "tied_flat",
  "seq_len": 10,
  "seed": 0,
  "n_classes": 60,
  "chance": 0.016666666666666666,
  "n_train": 10000,
  "n_val": 10000,
  "narrow_width": 64,
  "wide_width": 512,
  "fit_acc": 0.9,
  "stall_acc": 0.6,
  "label_counts_train": [
    551,
    28,
    26,
    543,
    35,
    25,
    29,
    36,
    517,
    29,
    49,
    521,
    431,
    49,
    45,
    370,
    61,
    71,
    52,
    99,
    339,
    65,
    84,
    349,
    390,
    45,
    62,
    325,
    63,
    64,
    69,
    109,
    284,
    72,
    113,
    303,
    67,
    112,
    338,
    58,
    248,
    164,
    88,
    262,
    101,
    253,
    96,
    52,
    49,
    111,
    325,
    70,
    245,
    150,
    118,
    216,
    111,
    296,
    111,
    56
  ],
  "label_counts_val": [
    513,
    36,
    32,
    551,
    42,
    33,
    30,
    42,
    528,
    33,
    33,
    508,
    445,
    55,
    56,
    385,
    54,
    62,
    46,
    103,
    311,
    52,
    106,
    328,
    383,
    55,
    63,
    339,
    50,
    50,
    51,
    117,
    281,
    75,
    86,
    286,
    55,
    96,
    316,
    51,
    270,
    161,
    108,
    234,
    125,
    271,
    94,
    60,
    67,
    107,
    361,
    62,
    231,
    175,
    105,
    238,
    126,
    291,
    105,
    71
  ],
  "label_counts_train_min": 25,
  "label_counts_val_min": 30,
  "train_val_word_overlap": 87,
  "narrow": {
    "4": {
      "depth": 4,
      "width": 64,
      "params": 14844,
      "train_acc": 0.22630000114440918,
      "val_acc": 0.12559999525547028,
      "trustworthy": false,
      "convergence": {
        "converged": true,
        "hit_cap": false,
        "trustworthy": false,
        "still_improving_at_stop": false,
        "diverged": true,
        "stop_epoch": 3000,
        "best_val": 2.873649835586548,
        "best_epoch": 500,
        "recent_improvement": -3.711094617843628,
        "trajectory": [
          [
            250,
            2.939666986465454
          ],
          [
            500,
            2.873649835586548
          ],
          [
            750,
            3.222111225128174
          ],
          [
            1000,
            3.6981594562530518
          ],
          [
            1250,
            4.172377586364746
          ],
          [
            1500,
            4.620951175689697
          ],
          [
            1750,
            5.045568943023682
          ],
          [
            2000,
            5.398296356201172
          ],
          [
            2250,
            5.771861553192139
          ],
          [
            2500,
            6.016549110412598
          ],
          [
            2750,
            6.37257719039917
          ],
          [
            3000,
            6.584744453430176
          ]
        ]
      },
      "val_acc_trajectory": [
        [
          250,
          0.11129999905824661
        ],
        [
          500,
          0.12559999525547028
        ],
        [
          750,
          0.12770000100135803
        ],
        [
          1000,
          0.13249999284744263
        ],
        [
          1250,
          0.1340000033378601
        ],
        [
          1500,
          0.13510000705718994
        ],
        [
          1750,
          0.12809999287128448
        ],
        [
          2000,
          0.13189999759197235
        ],
        [
          2250,
          0.12710000574588776
        ],
        [
          2500,
          0.1306000053882599
        ],
        [
          2750,
          0.131400004029274
        ],
        [
          3000,
          0.12729999423027039
        ]
      ]
    },
    "7": {
      "depth": 7,
      "width": 64,
      "params": 14844,
      "train_acc": 0.08799999952316284,
      "val_acc": 0.07569999992847443,
      "trustworthy": true,
      "convergence": {
        "converged": true,
        "hit_cap": false,
        "trustworthy": true,
        "still_improving_at_stop": false,
        "diverged": false,
        "stop_epoch": 2750,
        "best_val": 3.4495761394500732,
        "best_epoch": 250,
        "recent_improvement": -0.3000946044921875,
        "trajectory": [
          [
            250,
            3.4495761394500732
          ],
          [
            500,
            3.7496774196624756
          ],
          [
            750,
            3.7489023208618164
          ],
          [
            1000,
            3.7496702671051025
          ],
          [
            1250,
            3.7496707439422607
          ],
          [
            1500,
            3.7496707439422607
          ],
          [
            1750,
            3.7496707439422607
          ],
          [
            2000,
            3.7496707439422607
          ],
          [
            2250,
            3.7496702671051025
          ],
          [
            2500,
            3.7496707439422607
          ],
          [
            2750,
            3.7496707439422607
          ]
        ]
      },
      "val_acc_trajectory": [
        [
          250,
          0.07569999992847443
        ],
        [
          500,
          0.05130000039935112
        ],
        [
          750,
          0.05130000039935112
        ],
        [
          1000,
          0.05130000039935112
        ],
        [
          1250,
          0.05130000039935112
        ],
        [
          1500,
          0.05130000039935112
        ],
        [
          1750,
          0.05130000039935112
        ],
        [
          2000,
          0.05130000039935112
        ],
        [
          2250,
          0.05130000039935112
        ],
        [
          2500,
          0.05130000039935112
        ],
        [
          2750,
          0.05130000039935112
        ]
      ]
    },
    "10": {
      "depth": 10,
      "width": 64,
      "params": 14844,
      "train_acc": 0.05490000173449516,
      "val_acc": 0.05559999868273735,
      "trustworthy": true,
      "convergence": {
        "converged": true,
        "hit_cap": false,
        "trustworthy": true,
        "still_improving_at_stop": false,
        "diverged": false,
        "stop_epoch": 2750,
        "best_val": 3.749033212661743,
        "best_epoch": 250,
        "recent_improvement": -0.006357908248901367,
        "trajectory": [
          [
            250,
            3.749033212661743
          ],
          [
            500,
            3.750819444656372
          ],
          [
            750,
            3.752084493637085
          ],
          [
            1000,
            3.7529008388519287
          ],
          [
            1250,
            3.753514528274536
          ],
          [
            1500,
            3.7539472579956055
          ],
          [
            1750,
            3.754258155822754
          ],
          [
            2000,
            3.7546889781951904
          ],
          [
            2250,
            3.7549450397491455
          ],
          [
            2500,
            3.7551844120025635
          ],
          [
            2750,
            3.7553911209106445
          ]
        ]
      },
      "val_acc_trajectory": [
        [
          250,
          0.05559999868273735
        ],
        [
          500,
          0.051600001752376556
        ],
        [
          750,
          0.051600001752376556
        ],
        [
          1000,
          0.051899999380111694
        ],
        [
          1250,
          0.051899999380111694
        ],
        [
          1500,
          0.051600001752376556
        ],
        [
          1750,
          0.051899999380111694
        ],
        [
          2000,
          0.055399999022483826
        ],
        [
          2250,
          0.051899999380111694
        ],
        [
          2500,
          0.055399999022483826
        ],
        [
          2750,
          0.051600001752376556
        ]
      ]
    }
  },
  "wide_shallow": null
}