{
  "group": "a5",
  "net_kind": "mlp",
  "seq_len": 10,
  "seed": 1,
  "n_classes": 60,
  "chance": 0.016666666666666666,
  "n_train": 10000,
  "n_val": 10000,
  "narrow_width": 16,
  "wide_width": 311,
  "fit_acc": 0.9,
  "stall_acc": 0.6,
  "label_counts_train": [
    549,
    29,
    33,
    559,
    46,
    34,
    30,
    47,
    549,
    25,
    45,
    536,
    436,
    63,
    65,
    373,
    59,
    65,
    52,
    91,
    344,
    54,
    103,
    322,
    384,
    56,
    51,
    328,
    64,
    83,
    64,
    108,
    279,
    68,
    82,
    293,
    56,
    92,
    330,
    65,
    248,
    149,
    116,
    231,
    119,
    279,
    99,
    70,
    54,
    86,
    319,
    61,
    228,
    148,
    108,
    218,
    112,
    286,
    103,
    54
  ],
  "label_counts_val": [
    603,
    29,
    20,
    560,
    31,
    31,
    36,
    38,
    563,
    39,
    44,
    521,
    454,
    36,
    59,
    382,
    75,
    64,
    47,
    94,
    343,
    75,
    95,
    357,
    342,
    58,
    55,
    337,
    57,
    64,
    65,
    91,
    275,
    63,
    100,
    257,
    50,
    112,
    313,
    59,
    232,
    153,
    93,
    254,
    88,
    291,
    94,
    58,
    47,
    93,
    338,
    58,
    238,
    155,
    101,
    240,
    104,
    290,
    109,
    70
  ],
  "label_counts_train_min": 25,
  "label_counts_val_min": 20,
  "train_val_word_overlap": 96,
  "narrow": {},
  "wide_shallow": {
    "width": 311,
    "params": 31471,
    "train_acc": 0.8479999899864197,
    "val_acc": 0.1347000002861023,
    "trustworthy": false,
    "convergence": {
      "converged": true,
      "hit_cap": false,
      "trustworthy": false,
      "still_improving_at_stop": false,
      "diverged": true,
      "stop_epoch": 2750,
      "best_val": 4.690786838531494,
      "best_epoch": 250,
      "recent_improvement": -8.884739398956299,
      "trajectory": [
        [
          250,
          4.690786838531494
        ],
        [
          500,
          8.034589767456055
        ],
        [
          750,
          9.570184707641602
        ],
        [
          1000,
          10.492454528808594
        ],
        [
          1250,
          11.167793273925781
        ],
        [
          1500,
          11.71080493927002
        ],
        [
          1750,
          12.17105484008789
        ],
        [
          2000,
          12.574616432189941
        ],
        [
          2250,
          12.93703556060791
        ],
        [
          2500,
          13.26837158203125
        ],
        [
          2750,
          13.575526237487793
        ]
      ]
    },
    "val_acc_trajectory": [
      [
        250,
        0.1347000002861023
      ],
      [
        500,
        0.14550000429153442
      ],
      [
        750,
        0.14259999990463257
      ],
      [
        1000,
        0.14309999346733093
      ],
      [
        1250,
        0.14390000700950623
      ],
      [
        1500,
        0.14399999380111694
      ],
      [
        1750,
        0.1446000039577484
      ],
      [
        2000,
        0.1459999978542328
      ],
      [
        2250,
        0.1460999995470047
      ],
      [
        2500,
        0.1453000009059906
      ],
      [
        2750,
        0.14509999752044678
      ]
    ]
  }
}