{
  "group": "a5",
  "net_kind": "untied_perstep",
  "seq_len": 10,
  "seed": 0,
  "n_classes": 60,
  "chance": 0.016666666666666666,
  "n_train": 10000,
  "n_val": 10000,
  "narrow_width": 16,
  "wide_width": 512,
  "fit_acc": 0.9,
  "stall_acc": 0.6,
  "label_counts_train": [
    551,
    28,
    26,
    543,
    35,
    25,
    29,
    36,
    517,
    29,
    49,
    521,
    431,
    49,
    45,
    370,
    61,
    71,
    52,
    99,
    339,
    65,
    84,
    349,
    390,
    45,
    62,
    325,
    63,
    64,
    69,
    109,
    284,
    72,
    113,
    303,
    67,
    112,
    338,
    58,
    248,
    164,
    88,
    262,
    101,
    253,
    96,
    52,
    49,
    111,
    325,
    70,
    245,
    150,
    118,
    216,
    111,
    296,
    111,
    56
  ],
  "label_counts_val": [
    513,
    36,
    32,
    551,
    42,
    33,
    30,
    42,
    528,
    33,
    33,
    508,
    445,
    55,
    56,
    385,
    54,
    62,
    46,
    103,
    311,
    52,
    106,
    328,
    383,
    55,
    63,
    339,
    50,
    50,
    51,
    117,
    281,
    75,
    86,
    286,
    55,
    96,
    316,
    51,
    270,
    161,
    108,
    234,
    125,
    271,
    94,
    60,
    67,
    107,
    361,
    62,
    231,
    175,
    105,
    238,
    126,
    291,
    105,
    71
  ],
  "label_counts_train_min": 25,
  "label_counts_val_min": 30,
  "train_val_word_overlap": 87,
  "narrow": {
    "10": {
      "depth": 10,
      "width": 64,
      "params": 89660,
      "train_acc": 0.08910000324249268,
      "val_acc": 0.07100000232458115,
      "trustworthy": true,
      "convergence": {
        "converged": true,
        "hit_cap": false,
        "trustworthy": true,
        "still_improving_at_stop": false,
        "diverged": false,
        "stop_epoch": 2750,
        "best_val": 3.556394100189209,
        "best_epoch": 250,
        "recent_improvement": -0.3530755043029785,
        "trajectory": [
          [
            250,
            3.556394100189209
          ],
          [
            500,
            3.6297543048858643
          ],
          [
            750,
            3.6800730228424072
          ],
          [
            1000,
            3.6975343227386475
          ],
          [
            1250,
            3.723515510559082
          ],
          [
            1500,
            3.774228096008301
          ],
          [
            1750,
            3.810710906982422
          ],
          [
            2000,
            3.841564416885376
          ],
          [
            2250,
            3.867762565612793
          ],
          [
            2500,
            3.891178607940674
          ],
          [
            2750,
            3.9094696044921875
          ]
        ]
      },
      "val_acc_trajectory": [
        [
          250,
          0.07100000232458115
        ],
        [
          500,
          0.06830000132322311
        ],
        [
          750,
          0.06889999657869339
        ],
        [
          1000,
          0.06889999657869339
        ],
        [
          1250,
          0.06930000334978104
        ],
        [
          1500,
          0.06840000301599503
        ],
        [
          1750,
          0.06800000369548798
        ],
        [
          2000,
          0.06909999996423721
        ],
        [
          2250,
          0.07050000131130219
        ],
        [
          2500,
          0.06769999861717224
        ],
        [
          2750,
          0.06870000064373016
        ]
      ]
    }
  },
  "wide_shallow": null
}