{
  "seed": 1,
  "n_per_stratum": 3000,
  "lr": 0.003,
  "convergence": {
    "converged": true,
    "hit_cap": false,
    "trustworthy": true,
    "still_improving_at_stop": false,
    "diverged": false,
    "stop_epoch": 4000,
    "best_val": 0.11638513968791812,
    "best_epoch": 1500,
    "recent_improvement": -0.016927133663557484,
    "trajectory": [
      [
        250,
        1.7549764573574067
      ],
      [
        500,
        0.37987109627574683
      ],
      [
        750,
        0.15435381103307008
      ],
      [
        1000,
        0.1229675289709121
      ],
      [
        1250,
        0.11792656226316467
      ],
      [
        1500,
        0.11638513968791812
      ],
      [
        1750,
        0.11765247893636115
      ],
      [
        2000,
        0.11941044488921762
      ],
      [
        2250,
        0.12138611630070954
      ],
      [
        2500,
        0.1233133645990165
      ],
      [
        2750,
        0.12515904340252745
      ],
      [
        3000,
        0.12678548892436084
      ],
      [
        3250,
        0.12846645129320677
      ],
      [
        3500,
        0.1302120092572295
      ],
      [
        3750,
        0.13179649957164657
      ],
      [
        4000,
        0.1333122733514756
      ]
    ]
  },
  "s2_ceiling_a5": 0.35,
  "bars": {
    "s1_per_stratum": {
      "6": 0.938,
      "8": 0.9313333333333333,
      "10": 0.9006666666666666
    },
    "s1_pass": true,
    "s2_per_stratum": {
      "6": {
        "acc_at_t_star": 0.9993333333333333,
        "acc_at_full_t": 0.938,
        "knee_ratio": 1.0653873489694385,
        "knee_pass": true,
        "acc_at_t_star_minus_2": 0.0,
        "s2_ceiling": 0.35,
        "ceiling_pass": true
      },
      "8": {
        "acc_at_t_star": 0.9713333333333334,
        "acc_at_full_t": 0.9313333333333333,
        "knee_ratio": 1.0429491768074446,
        "knee_pass": true,
        "acc_at_t_star_minus_2": 0.0,
        "s2_ceiling": 0.35,
        "ceiling_pass": true
      },
      "10": {
        "acc_at_t_star": 0.9006666666666666,
        "acc_at_full_t": 0.9006666666666666,
        "knee_ratio": 1.0,
        "knee_pass": true,
        "acc_at_t_star_minus_2": 0.0026666666666666666,
        "s2_ceiling": 0.35,
        "ceiling_pass": true
      }
    },
    "s2_pass": true
  }
}