{
  "candidate": "gentle_composition",
  "seed": 1,
  "noise_sigma": 0.05,
  "floor": 0.0025000000000000005,
  "n_train": 1000,
  "n_val": 500,
  "probe_depths": [
    1,
    2,
    3,
    4
  ],
  "narrow_width": 8,
  "narrow": {
    "1": {
      "params": 25,
      "m_hard": 0.0024605351500213146,
      "m_easy": 0.0028160728979855776,
      "convergence": {
        "converged": true,
        "hit_cap": false,
        "trustworthy": true,
        "still_improving_at_stop": false,
        "stop_epoch": 7500,
        "best_val": 0.0060454499907791615,
        "best_epoch": 5500,
        "recent_improvement": 0.0003661974333226681,
        "trajectory": [
          [
            250,
            0.07460934668779373
          ],
          [
            500,
            0.06354442983865738
          ],
          [
            750,
            0.04882296174764633
          ],
          [
            1000,
            0.023693518713116646
          ],
          [
            1250,
            0.017005594447255135
          ],
          [
            1500,
            0.01494502928107977
          ],
          [
            1750,
            0.013472897000610828
          ],
          [
            2000,
            0.012162835337221622
          ],
          [
            2250,
            0.011034452356398106
          ],
          [
            2500,
            0.010140161961317062
          ],
          [
            2750,
            0.009493319317698479
          ],
          [
            3000,
            0.008882195688784122
          ],
          [
            3250,
            0.00834144651889801
          ],
          [
            3500,
            0.007859268225729465
          ],
          [
            3750,
            0.007419956382364035
          ],
          [
            4000,
            0.007071612402796745
          ],
          [
            4250,
            0.006739485543221235
          ],
          [
            4500,
            0.006516717839986086
          ],
          [
            4750,
            0.006351221818476915
          ],
          [
            5000,
            0.006226802710443735
          ],
          [
            5250,
            0.006124778185039759
          ],
          [
            5500,
            0.0060454499907791615
          ],
          [
            5750,
            0.005966770462691784
          ],
          [
            6000,
            0.00592241482809186
          ],
          [
            6250,
            0.005851875990629196
          ],
          [
            6500,
            0.005805153865367174
          ],
          [
            6750,
            0.005765675567090511
          ],
          [
            7000,
            0.005749373696744442
          ],
          [
            7250,
            0.005702916532754898
          ],
          [
            7500,
            0.005679252557456493
          ]
        ]
      }
    },
    "2": {
      "params": 97,
      "m_hard": 0.002481812611222267,
      "m_easy": 0.0030052550137043,
      "convergence": {
        "converged": true,
        "hit_cap": false,
        "trustworthy": true,
        "still_improving_at_stop": false,
        "stop_epoch": 3000,
        "best_val": 0.006296402309089899,
        "best_epoch": 1000,
        "recent_improvement": 0.0007346072234213352,
        "trajectory": [
          [
            250,
            0.03299818933010101
          ],
          [
            500,
            0.01608584076166153
          ],
          [
            750,
            0.008391079492866993
          ],
          [
            1000,
            0.006296402309089899
          ],
          [
            1250,
            0.005902789067476988
          ],
          [
            1500,
            0.005741652566939592
          ],
          [
            1750,
            0.005650865379720926
          ],
          [
            2000,
            0.005607008934020996
          ],
          [
            2250,
            0.005586611572653055
          ],
          [
            2500,
            0.005602225195616484
          ],
          [
            2750,
            0.005566672887653112
          ],
          [
            3000,
            0.005561795085668564
          ]
        ]
      }
    },
    "3": {
      "params": 169,
      "m_hard": 0.0023933385964483023,
      "m_easy": 0.00246566254645586,
      "convergence": {
        "converged": true,
        "hit_cap": false,
        "trustworthy": true,
        "still_improving_at_stop": false,
        "stop_epoch": 2750,
        "best_val": 0.005550691392272711,
        "best_epoch": 750,
        "recent_improvement": 3.549177199602127e-05,
        "trajectory": [
          [
            250,
            0.006596103776246309
          ],
          [
            500,
            0.005632794462144375
          ],
          [
            750,
            0.005550691392272711
          ],
          [
            1000,
            0.005548330955207348
          ],
          [
            1250,
            0.005548249930143356
          ],
          [
            1500,
            0.005543281324207783
          ],
          [
            1750,
            0.005538246128708124
          ],
          [
            2000,
            0.005533434916287661
          ],
          [
            2250,
            0.005528338253498077
          ],
          [
            2500,
            0.005523202009499073
          ],
          [
            2750,
            0.0055151996202766895
          ]
        ]
      }
    },
    "4": {
      "params": 241,
      "m_hard": 0.002449032152071595,
      "m_easy": 0.002710056258365512,
      "convergence": {
        "converged": true,
        "hit_cap": false,
        "trustworthy": true,
        "still_improving_at_stop": false,
        "stop_epoch": 2250,
        "best_val": 0.005905273370444775,
        "best_epoch": 250,
        "recent_improvement": 0.00033328915014863014,
        "trajectory": [
          [
            250,
            0.005905273370444775
          ],
          [
            500,
            0.0056895120069384575
          ],
          [
            750,
            0.005641610361635685
          ],
          [
            1000,
            0.0056216721422970295
          ],
          [
            1250,
            0.0056068324483931065
          ],
          [
            1500,
            0.005602883640676737
          ],
          [
            1750,
            0.005587304942309856
          ],
          [
            2000,
            0.005580078810453415
          ],
          [
            2250,
            0.0055719842202961445
          ]
        ]
      }
    }
  },
  "wide_shallow": {
    "width": 80,
    "params": 241,
    "param_diff_frac": 0.0,
    "m_hard": 0.003525962820276618,
    "m_easy": 0.0026656349655240774,
    "convergence": {
      "converged": true,
      "hit_cap": false,
      "trustworthy": true,
      "still_improving_at_stop": false,
      "stop_epoch": 4750,
      "best_val": 0.007012105081230402,
      "best_epoch": 2750,
      "recent_improvement": 0.000959254801273346,