{
  "group": "a5",
  "net_kind": "mlp",
  "seq_len": 10,
  "seed": 0,
  "n_classes": 60,
  "chance": 0.016666666666666666,
  "n_train": 10000,
  "n_val": 10000,
  "narrow_width": 16,
  "wide_width": 435,
  "fit_acc": 0.9,
  "stall_acc": 0.6,
  "label_counts_train": [
    551,
    28,
    26,
    543,
    35,
    25,
    29,
    36,
    517,
    29,
    49,
    521,
    431,
    49,
    45,
    370,
    61,
    71,
    52,
    99,
    339,
    65,
    84,
    349,
    390,
    45,
    62,
    325,
    63,
    64,
    69,
    109,
    284,
    72,
    113,
    303,
    67,
    112,
    338,
    58,
    248,
    164,
    88,
    262,
    101,
    253,
    96,
    52,
    49,
    111,
    325,
    70,
    245,
    150,
    118,
    216,
    111,
    296,
    111,
    56
  ],
  "label_counts_val": [
    513,
    36,
    32,
    551,
    42,
    33,
    30,
    42,
    528,
    33,
    33,
    508,
    445,
    55,
    56,
    385,
    54,
    62,
    46,
    103,
    311,
    52,
    106,
    328,
    383,
    55,
    63,
    339,
    50,
    50,
    51,
    117,
    281,
    75,
    86,
    286,
    55,
    96,
    316,
    51,
    270,
    161,
    108,
    234,
    125,
    271,
    94,
    60,
    67,
    107,
    361,
    62,
    231,
    175,
    105,
    238,
    126,
    291,
    105,
    71
  ],
  "label_counts_train_min": 25,
  "label_counts_val_min": 30,
  "train_val_word_overlap": 87,
  "narrow": {},
  "wide_shallow": {
    "width": 435,
    "params": 43995,
    "train_acc": 0.9592000246047974,
    "val_acc": 0.13510000705718994,
    "trustworthy": false,
    "convergence": {
      "converged": true,
      "hit_cap": false,
      "trustworthy": false,
      "still_improving_at_stop": false,
      "diverged": true,
      "stop_epoch": 2750,
      "best_val": 5.021714687347412,
      "best_epoch": 250,
      "recent_improvement": -6.481104373931885,
      "trajectory": [
        [
          250,
          5.021714687347412
        ],
        [
          500,
          7.6796555519104
        ],
        [
          750,
          8.678497314453125
        ],
        [
          1000,
          9.308747291564941
        ],
        [
          1250,
          9.780943870544434
        ],
        [
          1500,
          10.164996147155762
        ],
        [
          1750,
          10.492853164672852
        ],
        [
          2000,
          10.781794548034668
        ],
        [
          2250,
          11.04224967956543
        ],
        [
          2500,
          11.281022071838379
        ],
        [
          2750,
          11.502819061279297
        ]
      ]
    },
    "val_acc_trajectory": [
      [
        250,
        0.13510000705718994
      ],
      [
        500,
        0.1387999951839447
      ],
      [
        750,
        0.13950000703334808
      ],
      [
        1000,
        0.1386999934911728
      ],
      [
        1250,
        0.13860000669956207
      ],
      [
        1500,
        0.13760000467300415
      ],
      [
        1750,
        0.13740000128746033
      ],
      [
        2000,
        0.13840000331401825
      ],
      [
        2250,
        0.13850000500679016
      ],
      [
        2500,
        0.13830000162124634
      ],
      [
        2750,
        0.1386999934911728
      ]
    ]
  }
}