{
  "candidate": "hierarchical_spline",
  "seed": 1,
  "noise_sigma": 0.05,
  "floor": 0.0025000000000000005,
  "n_train": 1000,
  "n_val": 500,
  "probe_depths": [
    1,
    2,
    3,
    4
  ],
  "narrow_width": 8,
  "narrow": {
    "1": {
      "params": 25,
      "m_hard": 0.020263873040676117,
      "m_easy": 0.002418904798105359,
      "convergence": {
        "converged": true,
        "hit_cap": false,
        "trustworthy": true,
        "still_improving_at_stop": false,
        "stop_epoch": 6750,
        "best_val": 0.12248094379901886,
        "best_epoch": 4750,
        "recent_improvement": 0.0008150041103363037,
        "trajectory": [
          [
            250,
            0.22277821600437164
          ],
          [
            500,
            0.2002987265586853
          ],
          [
            750,
            0.16896319389343262
          ],
          [
            1000,
            0.15587946772575378
          ],
          [
            1250,
            0.15560303628444672
          ],
          [
            1500,
            0.15541060268878937
          ],
          [
            1750,
            0.1551821380853653
          ],
          [
            2000,
            0.15418945252895355
          ],
          [
            2250,
            0.151866614818573
          ],
          [
            2500,
            0.1458502560853958
          ],
          [
            2750,
            0.1362578123807907
          ],
          [
            3000,
            0.12954697012901306
          ],
          [
            3250,
            0.12674282491207123
          ],
          [
            3500,
            0.12552906572818756
          ],
          [
            3750,
            0.12458144873380661
          ],
          [
            4000,
            0.12361752986907959
          ],
          [
            4250,
            0.12307041883468628
          ],
          [
            4500,
            0.12273040413856506
          ],
          [
            4750,
            0.12248094379901886
          ],
          [
            5000,
            0.12233119457960129
          ],
          [
            5250,
            0.12223640084266663
          ],
          [
            5500,
            0.12214656919240952
          ],
          [
            5750,
            0.12204344570636749
          ],
          [
            6000,
            0.12199189513921738
          ],
          [
            6250,
            0.12189392000436783
          ],
          [
            6500,
            0.12182826548814774
          ],
          [
            6750,
            0.12166593968868256
          ]
        ]
      }
    },
    "2": {
      "params": 97,
      "m_hard": 0.0025826445780694485,
      "m_easy": 0.0024786724243313074,
      "convergence": {
        "converged": true,
        "hit_cap": false,
        "trustworthy": true,
        "still_improving_at_stop": false,
        "stop_epoch": 7750,
        "best_val": 0.02855640836060047,
        "best_epoch": 5750,
        "recent_improvement": 0.0005885548889636993,
        "trajectory": [
          [
            250,
            0.20421215891838074
          ],
          [
            500,
            0.15930870175361633
          ],
          [
            750,
            0.15425951778888702
          ],
          [
            1000,
            0.1502739042043686
          ],
          [
            1250,
            0.13258065283298492
          ],
          [
            1500,
            0.12237048149108887
          ],
          [
            1750,
            0.12038461118936539
          ],
          [
            2000,
            0.1190059706568718
          ],
          [
            2250,
            0.11726934462785721
          ],
          [
            2500,
            0.11422956734895706
          ],
          [
            2750,
            0.09740646183490753
          ],
          [
            3000,
            0.06331558525562286
          ],
          [
            3250,
            0.05949153006076813
          ],
          [
            3500,
            0.041274987161159515
          ],
          [
            3750,
            0.03567246347665787
          ],
          [
            4000,
            0.03322938084602356
          ],
          [
            4250,
            0.03145786374807358
          ],
          [
            4500,
            0.03061359003186226
          ],
          [
            4750,
            0.029573161154985428
          ],
          [
            5000,
            0.02914772741496563
          ],
          [
            5250,
            0.028905168175697327
          ],
          [
            5500,
            0.028743144124746323
          ],
          [
            5750,
            0.02855640836060047
          ],
          [
            6000,
            0.02839123085141182
          ],
          [
            6250,
            0.028623687103390694
          ],
          [
            6500,
            0.028156360611319542
          ],
          [
            6750,
            0.02808024175465107
          ],
          [
            7000,
            0.028056131675839424
          ],
          [
            7250,
            0.027982568368315697
          ],
          [
            7500,
            0.02803078107535839
          ],
          [
            7750,
            0.027967853471636772
          ]
        ]
      }
    },
    "3": {
      "params": 169,
      "m_hard": 0.0024777206126600504,
      "m_easy": 0.002441436517983675,
      "convergence": {
        "converged": true,
        "hit_cap": false,
        "trustworthy": true,
        "still_improving_at_stop": false,
        "stop_epoch": 5000,
        "best_val": 0.027774816378951073,
        "best_epoch": 3000,
        "recent_improvement": 6.442703306674957e-05,
        "trajectory": [
          [
            250,
            0.17613717913627625
          ],
          [
            500,
            0.16018618643283844
          ],
          [
            750,
            0.1410514861345291
          ],
          [
            1000,
            0.11599844694137573
          ],
          [
            1250,
            0.08431046456098557
          ],
          [
            1500,
            0.05294366553425789
          ],
          [
            1750,
            0.05012611672282219
          ],
          [
            2000,
            0.03650401905179024
          ],
          [
            2250,
            0.028868572786450386
          ],
          [
            2500,
            0.02817782573401928
          ],
          [
            2750,
            0.02789885550737381
          ],
          [
            3000,
            0.027774816378951073
          ],
          [
            3250,
            0.027786962687969208
          ],
          [
            3500,
            0.027916524559259415
          ],
          [
            3750,
            0.02786117233335972
          ],
          [
            4000,
            0.027730248868465424
          ],
          [
            4250,
            0.02773253247141838
          ],
          [
            4500,
            0.027726778760552406
          ],
          [
            4750,
            0.02771751396358013
          ],
          [
            5000,
            0.027710389345884323
          ]
        ]
      }
    },
    "4": {
      "params": 241,
      "m_hard": 0.002529734978452325,
      "m_easy": 0.0024002408608794212,
      "convergence": {
        "converged": true,
        "hit_cap": false,
        "trustworthy": true,
        "still_improving_at_stop": false,
        "stop_epoch": 9750,
        "best_val": 0.027806442230939865,
        "best_epoch": 7750,
        "recent_improvement": 0.000217389315366745,