{
  "group": "s5",
  "seed": 0,
  "lr": 0.003,
  "lengths": [
    4,
    6,
    8,
    10
  ],
  "max_len": 10,
  "n_classes": 120,
  "chance": 0.008333333333333333,
  "state_width": 64,
  "wide_width": 512,
  "fit_acc": 0.9,
  "stall_acc": 0.6,
  "arms": {
    "shared_readout": {
      "params": 16376,
      "trustworthy": true,
      "convergence": {
        "converged": true,
        "hit_cap": false,
        "trustworthy": true,
        "still_improving_at_stop": false,
        "stop_epoch": 8000,
        "best_val": 0.012934850703459233,
        "best_epoch": 5500,
        "recent_improvement": -0.00016468427202198654,
        "trajectory": [
          [
            250,
            3.0724915862083435
          ],
          [
            500,
            1.2335000038146973
          ],
          [
            750,
            0.40050438046455383
          ],
          [
            1000,
            0.10419110022485256
          ],
          [
            1250,
            0.04878608090803027
          ],
          [
            1500,
            0.03194711834657937
          ],
          [
            1750,
            0.02479414630215615
          ],
          [
            2000,
            0.02102266118163243
          ],
          [
            2250,
            0.01886978925904259
          ],
          [
            2500,
            0.017466239456553012
          ],
          [
            2750,
            0.01645998828462325
          ],
          [
            3000,
            0.015706781210610643
          ],
          [
            3250,
            0.015113409841433167
          ],
          [
            3500,
            0.014628705233917572
          ],
          [
            3750,
            0.014221975579857826
          ],
          [
            4000,
            0.013878820842364803
          ],
          [
            4250,
            0.013596347627753858
          ],
          [
            4500,
            0.01337386262457585
          ],
          [
            4750,
            0.01320535831473535
          ],
          [
            5000,
            0.013081668032100424
          ],
          [
            5250,
            0.012993921998713631
          ],
          [
            5500,
            0.012934850703459233
          ],
          [
            5750,
            0.012899081299110549
          ],
          [
            6000,
            0.01288279622895061
          ],
          [
            6250,
            0.012882889925094787
          ],
          [
            6500,
            0.012895746594949742
          ],
          [
            6750,
            0.012917626121634385
          ],
          [
            7000,
            0.012945653568749549
          ],
          [
            7250,
            0.012978186148757231
          ],
          [
            7500,
            0.013014743288294994
          ],
          [
            7750,
            0.013055182173957292
          ],
          [
            8000,
            0.01309953497548122
          ]
        ]
      },
      "by_length": {
        "4": {
          "train_acc": 1.0,
          "val_acc": 1.0
        },
        "6": {
          "train_acc": 1.0,
          "val_acc": 1.0
        },
        "8": {
          "train_acc": 1.0,
          "val_acc": 0.9998000264167786
        },
        "10": {
          "train_acc": 1.0,
          "val_acc": 0.9902999997138977
        }
      }
    },
    "per_length_head": {
      "params": 39776,
      "trustworthy": true,
      "convergence": {
        "converged": true,
        "hit_cap": false,
        "trustworthy": true,
        "still_improving_at_stop": false,
        "stop_epoch": 6250,
        "best_val": 0.6614836105145514,
        "best_epoch": 3750,
        "recent_improvement": -0.008021179586648941,
        "trajectory": [
          [
            250,
            3.4937081933021545
          ],
          [
            500,
            2.718923270702362
          ],
          [
            750,
            1.883568674325943
          ],
          [
            1000,
            0.927114512771368
          ],
          [
            1250,
            0.7623077053576708
          ],
          [
            1500,
            0.7210216410458088
          ],
          [
            1750,
            0.6920379418879747
          ],
          [
            2000,
            0.6783124841749668
          ],
          [
            2250,
            0.6720731663517654
          ],
          [
            2500,
            0.6690774210728705
          ],
          [
            2750,
            0.666810744907707
          ],
          [
            3000,
            0.6647972292266786
          ],
          [
            3250,
            0.6630084831267595
          ],
          [
            3500,
            0.6619479171931744
          ],
          [
            3750,
            0.6614836105145514
          ],
          [
            4000,
            0.6614946774207056
          ],
          [
            4250,
            0.6617817832157016
          ],
          [
            4500,
            0.6622408460825682
          ],
          [
            4750,
            0.6628855862654746
          ],
          [
            5000,
            0.663706487044692
          ],
          [
            5250,
            0.6646131817251444
          ],
          [
            5500,
            0.6656514345668256
          ],
          [
            5750,
            0.6668206355534494
          ],
          [
            6000,
            0.6680878330953419
          ],
          [
            6250,
            0.6695047901012003
          ]
        ]
      },
      "by_length": {
        "4": {
          "train_acc": 1.0,
          "val_acc": 0.71875
        },
        "6": {
          "train_acc": 1.0,
          "val_acc": 0.99658203125
        },
        "8": {
          "train_acc": 1.0,
          "val_acc": 0.9925000071525574
        },
        "10": {
          "train_acc": 1.0,
          "val_acc": 0.9580000042915344
        }
      }
    },
    "wide_shallow": {
      "params": 82552,
      "trustworthy": true,
      "convergence": {
        "converged": true,
        "hit_cap": false,
        "trustworthy": true,
        "still_improving_at_stop": false,
        "stop_epoch": 3250,
        "best_val": 1.0532564744353294,
        "best_epoch": 750,
        "recent_improvement": -0.47438063472509384,
        "trajectory": [
          [
            250,
            2.723571240901947
          ],
          [
            500,
            1.179554022848606
          ],
          [
            750,
            1.0532564744353294
          ],
          [
            1000,
            1.131809625774622
          ],
          [
            1250,
            1.2106505148112774
          ],
          [
            1500,
            1.2733011916279793
          ],
          [
            1750,
            1.3241778798401356
          ],
          [
            2000,
            1.36751614138484
          ],
          [
            2250,
            1.4055018797516823
          ],
          [
            2500,
            1.4396359249949455
          ],
          [
            2750,
            1.4709371402859688
          ],
          [
            3000,
            1.5001073330640793
          ],
          [
            3250,
            1.5276371091604233
          ]
        ]
      },
      "by_length": {
        "4": {
          "train_acc": 1.0,
          "val_acc": 0.8203125
        },
        "6": {
          "train_acc": 1.0,
          "val_acc": 0.92431640625
        },
        "8": {
          "train_acc": 0.9605000019073486,
          "val_acc": 0.7348999977111816
        },
        "10": {
          "train_acc": 0.9312999844551086,
          "val_acc": 0.3856000006198883
        }
      }
    }
  },
  "bars": {
    "G1_deep_fits": false,
    "G2_width_stalls": true,