{
  "group": "a5",
  "net_kind": "recurrent",
  "seq_len": 10,
  "seed": 0,
  "n_classes": 60,
  "chance": 0.016666666666666666,
  "n_train": 10000,
  "n_val": 10000,
  "narrow_width": 16,
  "wide_width": 512,
  "fit_acc": 0.9,
  "stall_acc": 0.6,
  "label_counts_train": [
    551,
    28,
    26,
    543,
    35,
    25,
    29,
    36,
    517,
    29,
    49,
    521,
    431,
    49,
    45,
    370,
    61,
    71,
    52,
    99,
    339,
    65,
    84,
    349,
    390,
    45,
    62,
    325,
    63,
    64,
    69,
    109,
    284,
    72,
    113,
    303,
    67,
    112,
    338,
    58,
    248,
    164,
    88,
    262,
    101,
    253,
    96,
    52,
    49,
    111,
    325,
    70,
    245,
    150,
    118,
    216,
    111,
    296,
    111,
    56
  ],
  "label_counts_val": [
    513,
    36,
    32,
    551,
    42,
    33,
    30,
    42,
    528,
    33,
    33,
    508,
    445,
    55,
    56,
    385,
    54,
    62,
    46,
    103,
    311,
    52,
    106,
    328,
    383,
    55,
    63,
    339,
    50,
    50,
    51,
    117,
    281,
    75,
    86,
    286,
    55,
    96,
    316,
    51,
    270,
    161,
    108,
    234,
    125,
    271,
    94,
    60,
    67,
    107,
    361,
    62,
    231,
    175,
    105,
    238,
    126,
    291,
    105,
    71
  ],
  "label_counts_train_min": 25,
  "label_counts_val_min": 30,
  "train_val_word_overlap": 87,
  "narrow": {
    "10": {
      "depth": 10,
      "width": 64,
      "params": 12476,
      "train_acc": 0.8892999887466431,
      "val_acc": 0.7580999732017517,
      "trustworthy": false,
      "convergence": {
        "converged": true,
        "hit_cap": false,
        "trustworthy": false,
        "still_improving_at_stop": false,
        "diverged": true,
        "stop_epoch": 3500,
        "best_val": 0.8316143751144409,
        "best_epoch": 1000,
        "recent_improvement": -2.3600512742996216,
        "trajectory": [
          [
            250,
            2.6127982139587402
          ],
          [
            500,
            1.4959743022918701
          ],
          [
            750,
            1.4481439590454102
          ],
          [
            1000,
            0.8316143751144409
          ],
          [
            1250,
            0.8421451449394226
          ],
          [
            1500,
            1.268602728843689
          ],
          [
            1750,
            1.2217230796813965
          ],
          [
            2000,
            1.095655918121338
          ],
          [
            2250,
            1.0650049448013306
          ],
          [
            2500,
            1.1187607049942017
          ],
          [
            2750,
            1.1862314939498901
          ],
          [
            3000,
            1.229058861732483
          ],
          [
            3250,
            3.245378017425537
          ],
          [
            3500,
            3.1916656494140625
          ]
        ]
      },
      "val_acc_trajectory": [
        [
          250,
          0.14910000562667847
        ],
        [
          500,
          0.3806000053882599
        ],
        [
          750,
          0.4366999864578247
        ],
        [
          1000,
          0.7580999732017517
        ],
        [
          1250,
          0.8167999982833862
        ],
        [
          1500,
          0.5289000272750854
        ],
        [
          1750,
          0.6226999759674072
        ],
        [
          2000,
          0.7365000247955322
        ],
        [
          2250,
          0.8098999857902527
        ],
        [
          2500,
          0.8242999911308289
        ],
        [
          2750,
          0.8276000022888184
        ],
        [
          3000,
          0.8296999931335449
        ],
        [
          3250,
          0.09679999947547913
        ],
        [
          3500,
          0.10209999978542328
        ]
      ]
    }
  },
  "wide_shallow": null
}