{
  "seed": 0,
  "n_per_stratum": 3000,
  "lr": 0.003,
  "convergence": {
    "converged": true,
    "hit_cap": false,
    "trustworthy": true,
    "still_improving_at_stop": false,
    "diverged": false,
    "stop_epoch": 4000,
    "best_val": 0.06746084478218109,
    "best_epoch": 1500,
    "recent_improvement": -0.008087997460097529,
    "trajectory": [
      [
        250,
        1.5841490387916566
      ],
      [
        500,
        0.23574460726231336
      ],
      [
        750,
        0.11824991549365223
      ],
      [
        1000,
        0.08585446330253035
      ],
      [
        1250,
        0.07423078168649226
      ],
      [
        1500,
        0.06746084478218109
      ],
      [
        1750,
        0.06916992201586254
      ],
      [
        2000,
        0.0696003386634402
      ],
      [
        2250,
        0.06999573447392322
      ],
      [
        2500,
        0.07043951226805803
      ],
      [
        2750,
        0.07111294915375765
      ],
      [
        3000,
        0.07179634254716802
      ],
      [
        3250,
        0.07277892303245607
      ],
      [
        3500,
        0.07375930660200539
      ],
      [
        3750,
        0.07466203633521218
      ],
      [
        4000,
        0.07554884224227862
      ]
    ]
  },
  "s2_ceiling_a5": 0.35,
  "bars": {
    "s1_per_stratum": {
      "6": 0.9486666666666667,
      "8": 0.9573333333333334,
      "10": 0.946
    },
    "s1_pass": true,
    "s2_per_stratum": {
      "6": {
        "acc_at_t_star": 1.0,
        "acc_at_full_t": 0.9486666666666667,
        "knee_ratio": 1.0541110330288124,
        "knee_pass": true,
        "acc_at_t_star_minus_2": 0.0,
        "s2_ceiling": 0.35,
        "ceiling_pass": true
      },
      "8": {
        "acc_at_t_star": 0.986,
        "acc_at_full_t": 0.9573333333333334,
        "knee_ratio": 1.0299442896935933,
        "knee_pass": true,
        "acc_at_t_star_minus_2": 0.0,
        "s2_ceiling": 0.35,
        "ceiling_pass": true
      },
      "10": {
        "acc_at_t_star": 0.946,
        "acc_at_full_t": 0.946,
        "knee_ratio": 1.0,
        "knee_pass": true,
        "acc_at_t_star_minus_2": 0.0,
        "s2_ceiling": 0.35,
        "ceiling_pass": true
      }
    },
    "s2_pass": true
  }
}