{
  "group": "a5",
  "net_kind": "mlp",
  "seq_len": 10,
  "seed": 0,
  "n_classes": 60,
  "chance": 0.016666666666666666,
  "n_train": 10000,
  "n_val": 10000,
  "narrow_width": 16,
  "wide_width": 188,
  "fit_acc": 0.9,
  "stall_acc": 0.6,
  "label_counts_train": [
    551,
    28,
    26,
    543,
    35,
    25,
    29,
    36,
    517,
    29,
    49,
    521,
    431,
    49,
    45,
    370,
    61,
    71,
    52,
    99,
    339,
    65,
    84,
    349,
    390,
    45,
    62,
    325,
    63,
    64,
    69,
    109,
    284,
    72,
    113,
    303,
    67,
    112,
    338,
    58,
    248,
    164,
    88,
    262,
    101,
    253,
    96,
    52,
    49,
    111,
    325,
    70,
    245,
    150,
    118,
    216,
    111,
    296,
    111,
    56
  ],
  "label_counts_val": [
    513,
    36,
    32,
    551,
    42,
    33,
    30,
    42,
    528,
    33,
    33,
    508,
    445,
    55,
    56,
    385,
    54,
    62,
    46,
    103,
    311,
    52,
    106,
    328,
    383,
    55,
    63,
    339,
    50,
    50,
    51,
    117,
    281,
    75,
    86,
    286,
    55,
    96,
    316,
    51,
    270,
    161,
    108,
    234,
    125,
    271,
    94,
    60,
    67,
    107,
    361,
    62,
    231,
    175,
    105,
    238,
    126,
    291,
    105,
    71
  ],
  "label_counts_train_min": 25,
  "label_counts_val_min": 30,
  "train_val_word_overlap": 87,
  "narrow": {},
  "wide_shallow": {
    "width": 188,
    "params": 19048,
    "train_acc": 0.6636999845504761,
    "val_acc": 0.14900000393390656,
    "trustworthy": false,
    "convergence": {
      "converged": true,
      "hit_cap": false,
      "trustworthy": false,
      "still_improving_at_stop": false,
      "diverged": true,
      "stop_epoch": 2750,
      "best_val": 3.9345507621765137,
      "best_epoch": 250,
      "recent_improvement": -17.53699541091919,
      "trajectory": [
        [
          250,
          3.9345507621765137
        ],
        [
          500,
          6.731220245361328
        ],
        [
          750,
          9.585328102111816
        ],
        [
          1000,
          12.148553848266602
        ],
        [
          1250,
          14.343876838684082
        ],
        [
          1500,
          16.11041259765625
        ],
        [
          1750,
          17.537744522094727
        ],
        [
          2000,
          18.7279052734375
        ],
        [
          2250,
          19.75126075744629
        ],
        [
          2500,
          20.655553817749023
        ],
        [
          2750,
          21.471546173095703
        ]
      ]
    },
    "val_acc_trajectory": [
      [
        250,
        0.14900000393390656
      ],
      [
        500,
        0.14839999377727509
      ],
      [
        750,
        0.14630000293254852
      ],
      [
        1000,
        0.14339999854564667
      ],
      [
        1250,
        0.14190000295639038
      ],
      [
        1500,
        0.13979999721050262
      ],
      [
        1750,
        0.14030000567436218
      ],
      [
        2000,
        0.13979999721050262
      ],
      [
        2250,
        0.1396999955177307
      ],
      [
        2500,
        0.1396999955177307
      ],
      [
        2750,
        0.13940000534057617
      ]
    ]
  }
}