{
  "group": "a5",
  "net_kind": "mlp",
  "seq_len": 10,
  "seed": 0,
  "n_classes": 60,
  "chance": 0.016666666666666666,
  "n_train": 10000,
  "n_val": 10000,
  "narrow_width": 64,
  "wide_width": 512,
  "fit_acc": 0.9,
  "stall_acc": 0.6,
  "label_counts_train": [
    551,
    28,
    26,
    543,
    35,
    25,
    29,
    36,
    517,
    29,
    49,
    521,
    431,
    49,
    45,
    370,
    61,
    71,
    52,
    99,
    339,
    65,
    84,
    349,
    390,
    45,
    62,
    325,
    63,
    64,
    69,
    109,
    284,
    72,
    113,
    303,
    67,
    112,
    338,
    58,
    248,
    164,
    88,
    262,
    101,
    253,
    96,
    52,
    49,
    111,
    325,
    70,
    245,
    150,
    118,
    216,
    111,
    296,
    111,
    56
  ],
  "label_counts_val": [
    513,
    36,
    32,
    551,
    42,
    33,
    30,
    42,
    528,
    33,
    33,
    508,
    445,
    55,
    56,
    385,
    54,
    62,
    46,
    103,
    311,
    52,
    106,
    328,
    383,
    55,
    63,
    339,
    50,
    50,
    51,
    117,
    281,
    75,
    86,
    286,
    55,
    96,
    316,
    51,
    270,
    161,
    108,
    234,
    125,
    271,
    94,
    60,
    67,
    107,
    361,
    62,
    231,
    175,
    105,
    238,
    126,
    291,
    105,
    71
  ],
  "label_counts_train_min": 25,
  "label_counts_val_min": 30,
  "train_val_word_overlap": 87,
  "narrow": {
    "4": {
      "depth": 4,
      "width": 64,
      "params": 19004,
      "train_acc": 0.4887999892234802,
      "val_acc": 0.1695999950170517,
      "trustworthy": false,
      "convergence": {
        "converged": true,
        "hit_cap": false,
        "trustworthy": false,
        "still_improving_at_stop": false,
        "diverged": true,
        "stop_epoch": 2750,
        "best_val": 2.9857091903686523,
        "best_epoch": 250,
        "recent_improvement": -10.588634490966797,
        "trajectory": [
          [
            250,
            2.9857091903686523
          ],
          [
            500,
            4.671728610992432
          ],
          [
            750,
            6.155869960784912
          ],
          [
            1000,
            7.72892427444458
          ],
          [
            1250,
            9.103973388671875
          ],
          [
            1500,
            10.23038387298584
          ],
          [
            1750,
            11.140437126159668
          ],
          [
            2000,
            11.89217758178711
          ],
          [
            2250,
            12.527912139892578
          ],
          [
            2500,
            13.080464363098145
          ],
          [
            2750,
            13.57434368133545
          ]
        ]
      },
      "val_acc_trajectory": [
        [
          250,
          0.1695999950170517
        ],
        [
          500,
          0.17139999568462372
        ],
        [
          750,
          0.16779999434947968
        ],
        [
          1000,
          0.1665000021457672
        ],
        [
          1250,
          0.1679999977350235
        ],
        [
          1500,
          0.1673000007867813
        ],
        [
          1750,
          0.1664000004529953
        ],
        [
          2000,
          0.1656000018119812
        ],
        [
          2250,
          0.16529999673366547
        ],
        [
          2500,
          0.16380000114440918
        ],
        [
          2750,
          0.16419999301433563
        ]
      ]
    },
    "7": {
      "depth": 7,
      "width": 64,
      "params": 31484,
      "train_acc": 0.19470000267028809,
      "val_acc": 0.12880000472068787,
      "trustworthy": false,
      "convergence": {
        "converged": true,
        "hit_cap": false,
        "trustworthy": false,
        "still_improving_at_stop": false,
        "diverged": true,
        "stop_epoch": 2750,
        "best_val": 2.7629897594451904,
        "best_epoch": 250,
        "recent_improvement": -8.378026247024536,
        "trajectory": [
          [
            250,
            2.7629897594451904
          ],
          [
            500,
            3.105168581008911
          ],
          [
            750,
            4.2271623611450195
          ],
          [
            1000,
            5.682912349700928
          ],
          [
            1250,
            6.709827423095703
          ],
          [
            1500,
            7.374931812286377
          ],
          [
            1750,
            8.619997024536133
          ],
          [
            2000,
            8.941810607910156
          ],
          [
            2250,
            9.8114595413208
          ],
          [
            2500,
            10.522902488708496
          ],
          [
            2750,
            11.141016006469727
          ]
        ]
      },
      "val_acc_trajectory": [
        [
          250,
          0.12880000472068787
        ],
        [
          500,
          0.1492999941110611
        ],
        [
          750,
          0.1421000063419342
        ],
        [
          1000,
          0.13819999992847443
        ],
        [
          1250,
          0.14270000159740448
        ],
        [
          1500,
          0.1445000022649765
        ],
        [
          1750,
          0.14079999923706055
        ],
        [
          2000,
          0.13979999721050262
        ],
        [
          2250,
          0.14180000126361847
        ],
        [
          2500,
          0.14180000126361847
        ],
        [
          2750,
          0.1396999955177307
        ]
      ]
    },
    "10": {
      "depth": 10,
      "width": 64,
      "params": 43964,
      "train_acc": 0.05510000139474869,
      "val_acc": 0.05130000039935112,
      "trustworthy": true,
      "convergence": {
        "converged": true,
        "hit_cap": false,
        "trustworthy": true,
        "still_improving_at_stop": false,
        "diverged": false,
        "stop_epoch": 2750,
        "best_val": 3.7496695518493652,
        "best_epoch": 250,
        "recent_improvement": 9.059906005859375e-06,
        "trajectory": [
          [
            250,
            3.7496695518493652
          ],
          [
            500,
            3.7496707439422607
          ],
          [
            750,
            3.7496860027313232
          ],
          [
            1000,
            3.7496702671051025
          ],
          [
            1250,
            3.7496163845062256
          ],
          [
            1500,
            3.7496707439422607
          ],
          [
            1750,
            3.749673843383789
          ],
          [
            2000,
            3.7496707439422607
          ],
          [
            2250,
            3.749673366546631
          ],
          [
            2500,
            3.7496726512908936
          ],
          [
            2750,
            3.7496604919433594
          ]
        ]
      },
      "val_acc_trajectory": [
        [
          250,
          0.05130000039935112
        ],
        [
          500,
          0.05130000039935112
        ],
        [
          750,
          0.05130000039935112
        ],
        [
          1000,
          0.05130000039935112
        ],
        [
          1250,
          0.05130000039935112
        ],
        [
          1500,
          0.05130000039935112
        ],
        [
          1750,
          0.05130000039935112
        ],
        [
          2000,
          0.05130000039935112
        ],
        [
          2250,
          0.05130000039935112
        ],
        [
          2500,
          0.05130000039935112
        ],
        [
          2750,
          0.05130000039935112
        ]
      ]
    }
  },
  "wide_shallow": null
}