{
  "group": "z120",
  "seed": 2,
  "lr": 0.003,
  "lengths": [
    4,
    6,
    8,
    10
  ],
  "max_len": 10,
  "n_classes": 120,
  "chance": 0.008333333333333333,
  "state_width": 64,
  "wide_width": 512,
  "fit_acc": 0.9,
  "stall_acc": 0.6,
  "arms": {
    "shared_readout": {
      "params": 16376,
      "trustworthy": true,
      "convergence": {
        "converged": true,
        "hit_cap": false,
        "trustworthy": true,
        "still_improving_at_stop": false,
        "stop_epoch": 8750,
        "best_val": 0.4141737064346671,
        "best_epoch": 6250,
        "recent_improvement": -0.038647033739835024,
        "trajectory": [
          [
            250,
            2.9428558349609375
          ],
          [
            500,
            2.2806288599967957
          ],
          [
            750,
            1.8925858438014984
          ],
          [
            1000,
            1.6892209649085999
          ],
          [
            1250,
            1.6243166327476501
          ],
          [
            1500,
            1.5506042838096619
          ],
          [
            1750,
            1.507692128419876
          ],
          [
            2000,
            1.4874252080917358
          ],
          [
            2250,
            1.477071762084961
          ],
          [
            2500,
            1.2865242958068848
          ],
          [
            2750,
            1.4305033385753632
          ],
          [
            3000,
            1.3652441799640656
          ],
          [
            3250,
            1.3506227880716324
          ],
          [
            3500,
            1.2331363260746002
          ],
          [
            3750,
            1.1386912167072296
          ],
          [
            4000,
            1.3275572955608368
          ],
          [
            4250,
            1.258911058306694
          ],
          [
            4500,
            1.1520082652568817
          ],
          [
            4750,
            0.8155960589647293
          ],
          [
            5000,
            0.5744202584028244
          ],
          [
            5250,
            0.4840852115303278
          ],
          [
            5500,
            0.45367318019270897
          ],
          [
            5750,
            0.4379449412226677
          ],
          [
            6000,
            0.42066551465541124
          ],
          [
            6250,
            0.4141737064346671
          ],
          [
            6500,
            0.4141777753829956
          ],
          [
            6750,
            0.41596125764772296
          ],
          [
            7000,
            0.4196290806867182
          ],
          [
            7250,
            0.425578850787133
          ],
          [
            7500,
            0.43224754207767546
          ],
          [
            7750,
            0.4382240045815706
          ],
          [
            8000,
            0.4432553246151656
          ],
          [
            8250,
            0.44700130075216293
          ],
          [
            8500,
            0.4501634801272303
          ],
          [
            8750,
            0.45282074017450213
          ]
        ]
      },
      "by_length": {
        "4": {
          "train_acc": 1.0,
          "val_acc": 0.921875
        },
        "6": {
          "train_acc": 0.99658203125,
          "val_acc": 0.98974609375
        },
        "8": {
          "train_acc": 0.9966999888420105,
          "val_acc": 0.9929999709129333
        },
        "10": {
          "train_acc": 0.984000027179718,
          "val_acc": 0.9746000170707703
        }
      }
    },
    "per_length_head": {
      "params": 39776,
      "trustworthy": true,
      "convergence": {
        "converged": true,
        "hit_cap": false,
        "trustworthy": true,
        "still_improving_at_stop": false,
        "stop_epoch": 7000,
        "best_val": 0.7883802531287074,
        "best_epoch": 4500,
        "recent_improvement": -0.2494006110355258,
        "trajectory": [
          [
            250,
            2.6965332627296448
          ],
          [
            500,
            2.02533820271492
          ],
          [
            750,
            1.7494324445724487
          ],
          [
            1000,
            2.591679662466049
          ],
          [
            1250,
            1.73710036277771
          ],
          [
            1500,
            1.6782472133636475
          ],
          [
            1750,
            1.5506978631019592
          ],
          [
            2000,
            1.2785506695508957
          ],
          [
            2250,
            1.0764904841780663
          ],
          [
            2500,
            0.9102469198405743
          ],
          [
            2750,
            1.213771641254425
          ],
          [
            3000,
            0.951793260872364
          ],
          [
            3250,
            0.8721191249787807
          ],
          [
            3500,
            0.8474292028695345
          ],
          [
            3750,
            0.8316871114075184
          ],
          [
            4000,
            0.8141123373061419
          ],
          [
            4250,
            0.8015896705910563
          ],
          [
            4500,
            0.7883802531287074
          ],
          [
            4750,
            1.1586015149950981
          ],
          [
            5000,
            1.0498353764414787
          ],
          [
            5250,
            0.9945269636809826
          ],
          [
            5500,
            0.9379028100520372
          ],
          [
            5750,
            0.8728878404945135
          ],
          [
            6000,
            1.409183032810688
          ],
          [
            6250,
            1.0868527106940746
          ],
          [
            6500,
            1.0670894458889961
          ],
          [
            6750,
            1.0515023954212666
          ],
          [
            7000,
            1.0377808641642332
          ]
        ]
      },
      "by_length": {
        "4": {
          "train_acc": 1.0,
          "val_acc": 0.890625
        },
        "6": {
          "train_acc": 0.994140625,
          "val_acc": 0.9951171875
        },
        "8": {
          "train_acc": 0.9714999794960022,
          "val_acc": 0.9713000059127808
        },
        "10": {
          "train_acc": 0.9182999730110168,
          "val_acc": 0.9156000018119812
        }
      }
    },
    "wide_shallow": {
      "params": 82552,
      "trustworthy": true,
      "convergence": {
        "converged": true,
        "hit_cap": false,
        "trustworthy": true,
        "still_improving_at_stop": false,
        "stop_epoch": 3250,
        "best_val": 1.2311987690627575,
        "best_epoch": 750,
        "recent_improvement": -0.023674294352531433,
        "trajectory": [
          [
            250,
            1.799305997788906
          ],
          [
            500,
            1.2487159622833133
          ],
          [
            750,
            1.2311987690627575
          ],
          [
            1000,
            1.233230656478554
          ],
          [
            1250,
            1.2358627109788358
          ],
          [
            1500,
            1.2388459939975291
          ],
          [
            1750,
            1.2416533867362887
          ],
          [
            2000,
            1.2442598035559058
          ],
          [
            2250,
            1.2466799633111805
          ],
          [
            2500,
            1.248932907357812
          ],
          [
            2750,
            1.2510393231641501
          ],
          [
            3000,
            1.2530128750950098
          ],
          [
            3250,
            1.254873063415289
          ]
        ]
      },