{
  "group": "a5",
  "net_kind": "recurrent",
  "seq_len": 10,
  "seed": 1,
  "n_classes": 60,
  "chance": 0.016666666666666666,
  "n_train": 10000,
  "n_val": 10000,
  "narrow_width": 16,
  "wide_width": 123,
  "fit_acc": 0.9,
  "stall_acc": 0.6,
  "label_counts_train": [
    549,
    29,
    33,
    559,
    46,
    34,
    30,
    47,
    549,
    25,
    45,
    536,
    436,
    63,
    65,
    373,
    59,
    65,
    52,
    91,
    344,
    54,
    103,
    322,
    384,
    56,
    51,
    328,
    64,
    83,
    64,
    108,
    279,
    68,
    82,
    293,
    56,
    92,
    330,
    65,
    248,
    149,
    116,
    231,
    119,
    279,
    99,
    70,
    54,
    86,
    319,
    61,
    228,
    148,
    108,
    218,
    112,
    286,
    103,
    54
  ],
  "label_counts_val": [
    603,
    29,
    20,
    560,
    31,
    31,
    36,
    38,
    563,
    39,
    44,
    521,
    454,
    36,
    59,
    382,
    75,
    64,
    47,
    94,
    343,
    75,
    95,
    357,
    342,
    58,
    55,
    337,
    57,
    64,
    65,
    91,
    275,
    63,
    100,
    257,
    50,
    112,
    313,
    59,
    232,
    153,
    93,
    254,
    88,
    291,
    94,
    58,
    47,
    93,
    338,
    58,
    238,
    155,
    101,
    240,
    104,
    290,
    109,
    70
  ],
  "label_counts_train_min": 25,
  "label_counts_val_min": 20,
  "train_val_word_overlap": 96,
  "narrow": {},
  "wide_shallow": {
    "width": 123,
    "params": 12483,
    "train_acc": 0.46459999680519104,
    "val_acc": 0.14990000426769257,
    "trustworthy": false,
    "convergence": {
      "converged": true,
      "hit_cap": false,
      "trustworthy": false,
      "still_improving_at_stop": false,
      "diverged": true,
      "stop_epoch": 2750,
      "best_val": 3.3275344371795654,
      "best_epoch": 250,
      "recent_improvement": -10.761063814163208,
      "trajectory": [
        [
          250,
          3.3275344371795654
        ],
        [
          500,
          4.278085708618164
        ],
        [
          750,
          5.404897212982178
        ],
        [
          1000,
          6.145079135894775
        ],
        [
          1250,
          7.434643745422363
        ],
        [
          1500,
          8.71613597869873
        ],
        [
          1750,
          9.988077163696289
        ],
        [
          2000,
          11.230620384216309
        ],
        [
          2250,
          12.448870658874512
        ],
        [
          2500,
          13.513340950012207
        ],
        [
          2750,
          14.088598251342773
        ]
      ]
    },
    "val_acc_trajectory": [
      [
        250,
        0.14990000426769257
      ],
      [
        500,
        0.17059999704360962
      ],
      [
        750,
        0.17419999837875366
      ],
      [
        1000,
        0.23399999737739563
      ],
      [
        1250,
        0.23690000176429749
      ],
      [
        1500,
        0.23549999296665192
      ],
      [
        1750,
        0.23330000042915344
      ],
      [
        2000,
        0.2328999936580658
      ],
      [
        2250,
        0.23180000483989716
      ],
      [
        2500,
        0.23549999296665192
      ],
      [
        2750,
        0.257999986410141
      ]
    ]
  }
}