{
  "candidate": "multiplicative_2d",
  "seed": 1,
  "noise_sigma": 0.05,
  "floor": 0.0025000000000000005,
  "n_train": 1000,
  "n_val": 500,
  "probe_depths": [
    1,
    2,
    3,
    4
  ],
  "narrow_width": 8,
  "narrow": {
    "1": {
      "params": 33,
      "m_hard": 0.007580144796520472,
      "m_easy": 0.006703882943838835,
      "convergence": {
        "converged": true,
        "hit_cap": false,
        "trustworthy": true,
        "still_improving_at_stop": false,
        "stop_epoch": 10000,
        "best_val": 0.015739737078547478,
        "best_epoch": 8000,
        "recent_improvement": 0.0005007507279515266,
        "trajectory": [
          [
            250,
            0.13017508387565613
          ],
          [
            500,
            0.06600893288850784
          ],
          [
            750,
            0.05143391713500023
          ],
          [
            1000,
            0.04031239449977875
          ],
          [
            1250,
            0.033888231962919235
          ],
          [
            1500,
            0.0310966894030571
          ],
          [
            1750,
            0.029694395139813423
          ],
          [
            2000,
            0.027814192697405815
          ],
          [
            2250,
            0.025103798136115074
          ],
          [
            2500,
            0.022303521633148193
          ],
          [
            2750,
            0.020182009786367416
          ],
          [
            3000,
            0.019335556775331497
          ],
          [
            3250,
            0.018962901085615158
          ],
          [
            3500,
            0.0187399722635746
          ],
          [
            3750,
            0.01860627718269825
          ],
          [
            4000,
            0.018520938232541084
          ],
          [
            4250,
            0.018415866419672966
          ],
          [
            4500,
            0.018340079113841057
          ],
          [
            4750,
            0.01813753880560398
          ],
          [
            5000,
            0.017888430505990982
          ],
          [
            5250,
            0.01758459396660328
          ],
          [
            5500,
            0.017286403104662895
          ],
          [
            5750,
            0.017007235437631607
          ],
          [
            6000,
            0.016753003001213074
          ],
          [
            6250,
            0.016524769365787506
          ],
          [
            6500,
            0.016293570399284363
          ],
          [
            6750,
            0.016120566055178642
          ],
          [
            7000,
            0.016004333272576332
          ],
          [
            7250,
            0.015899311751127243
          ],
          [
            7500,
            0.01579669490456581
          ],
          [
            7750,
            0.015916651114821434
          ],
          [
            8000,
            0.015739737078547478
          ],
          [
            8250,
            0.015547319315373898
          ],
          [
            8500,
            0.015438700094819069
          ],
          [
            8750,
            0.015439769253134727
          ],
          [
            9000,
            0.015393370762467384
          ],
          [
            9250,
            0.015396789647638798
          ],
          [
            9500,
            0.015294045209884644
          ],
          [
            9750,
            0.015243485569953918
          ],
          [
            10000,
            0.015238986350595951
          ]
        ]
      }
    },
    "2": {
      "params": 105,
      "m_hard": 0.003106739604845643,
      "m_easy": 0.003341672709211707,
      "convergence": {
        "converged": true,
        "hit_cap": false,
        "trustworthy": true,
        "still_improving_at_stop": false,
        "stop_epoch": 3500,
        "best_val": 0.006137358024716377,
        "best_epoch": 1500,
        "recent_improvement": 0.0004334626719355583,
        "trajectory": [
          [
            250,
            0.05853760987520218
          ],
          [
            500,
            0.010583225637674332
          ],
          [
            750,
            0.0071534765884280205
          ],
          [
            1000,
            0.006520259194076061
          ],
          [
            1250,
            0.006311122328042984
          ],
          [
            1500,
            0.006137358024716377
          ],
          [
            1750,
            0.006035030819475651
          ],
          [
            2000,
            0.005965187679976225
          ],
          [
            2250,
            0.005891996901482344
          ],
          [
            2500,
            0.006164562422782183
          ],
          [
            2750,
            0.005797907710075378
          ],
          [
            3000,
            0.005757603794336319
          ],
          [
            3250,
            0.005729764234274626
          ],
          [
            3500,
            0.005703895352780819
          ]
        ]
      }
    },
    "3": {
      "params": 177,
      "m_hard": 0.0026995206717401743,
      "m_easy": 0.002882324857637286,
      "convergence": {
        "converged": true,
        "hit_cap": false,
        "trustworthy": true,
        "still_improving_at_stop": false,
        "stop_epoch": 4250,
        "best_val": 0.005204546730965376,
        "best_epoch": 2250,
        "recent_improvement": -4.013115540146828e-05,
        "trajectory": [
          [
            250,
            0.03686659410595894
          ],
          [
            500,
            0.010710650123655796
          ],
          [
            750,
            0.006305722054094076
          ],
          [
            1000,
            0.006179431919008493
          ],
          [
            1250,
            0.0056480285711586475
          ],
          [
            1500,
            0.005804677028208971
          ],
          [
            1750,
            0.006839101202785969
          ],
          [
            2000,
            0.005336924456059933
          ],
          [
            2250,
            0.005204546730965376
          ],
          [
            2500,
            0.005146356765180826
          ],
          [
            2750,
            0.005115718115121126
          ],
          [
            3000,
            0.005093873478472233
          ],
          [
            3250,
            0.005100849084556103
          ],
          [
            3500,
            0.006353780161589384
          ],
          [
            3750,
            0.005130037199705839
          ],
          [
            4000,
            0.005163379944860935
          ],
          [
            4250,
            0.005244677886366844
          ]
        ]
      }
    },
    "4": {
      "params": 249,
      "m_hard": 0.0027653055731207132,
      "m_easy": 0.0030329457949846983,
      "convergence": {
        "converged": true,
        "hit_cap": false,
        "trustworthy": true,
        "still_improving_at_stop": false,
        "stop_epoch": 5500,
        "best_val": 0.005502322688698769,
        "best_epoch": 3500,
        "recent_improvement": 0.00037762150168418884,