{
  "group": "s5",
  "seed": 2,
  "lr": 0.003,
  "lengths": [
    4,
    6,
    8,
    10
  ],
  "max_len": 10,
  "n_classes": 120,
  "chance": 0.008333333333333333,
  "state_width": 64,
  "wide_width": 512,
  "fit_acc": 0.9,
  "stall_acc": 0.6,
  "arms": {
    "shared_readout": {
      "params": 16376,
      "trustworthy": true,
      "convergence": {
        "converged": true,
        "hit_cap": false,
        "trustworthy": true,
        "still_improving_at_stop": false,
        "stop_epoch": 7750,
        "best_val": 0.012743790281092515,
        "best_epoch": 5250,
        "recent_improvement": -0.0003993721556980745,
        "trajectory": [
          [
            250,
            2.8883671164512634
          ],
          [
            500,
            1.0173196494579315
          ],
          [
            750,
            0.23535083793103695
          ],
          [
            1000,
            0.05134659819304943
          ],
          [
            1250,
            0.028911664034239948
          ],
          [
            1500,
            0.02193435630761087
          ],
          [
            1750,
            0.018856821057852358
          ],
          [
            2000,
            0.017020936676999554
          ],
          [
            2250,
            0.015838827966945246
          ],
          [
            2500,
            0.015053737326525152
          ],
          [
            2750,
            0.014511911605950445
          ],
          [
            3000,
            0.014125463261734694
          ],
          [
            3250,
            0.013838802959071472
          ],
          [
            3500,
            0.01360902302985778
          ],
          [
            3750,
            0.013414538479992189
          ],
          [
            4000,
            0.013249239389551803
          ],
          [
            4250,
            0.013107072540151421
          ],
          [
            4500,
            0.012983862390683498
          ],
          [
            4750,
            0.012878285589977168
          ],
          [
            5000,
            0.012794312631740468
          ],
          [
            5250,
            0.012743790281092515
          ],
          [
            5500,
            0.012729430043691536
          ],
          [
            5750,
            0.01273696872885921
          ],
          [
            6000,
            0.012758344713802217
          ],
          [
            6250,
            0.012791265769919846
          ],
          [
            6500,
            0.01283395378413843
          ],
          [
            6750,
            0.012884750844023074
          ],
          [
            7000,
            0.012942241683958855
          ],
          [
            7250,
            0.013005349454033421
          ],
          [
            7500,
            0.01307269861081295
          ],
          [
            7750,
            0.01314316243679059
          ]
        ]
      },
      "by_length": {
        "4": {
          "train_acc": 1.0,
          "val_acc": 1.0
        },
        "6": {
          "train_acc": 1.0,
          "val_acc": 1.0
        },
        "8": {
          "train_acc": 1.0,
          "val_acc": 0.9998000264167786
        },
        "10": {
          "train_acc": 1.0,
          "val_acc": 0.9922999739646912
        }
      }
    },
    "per_length_head": {
      "params": 39776,
      "trustworthy": true,
      "convergence": {
        "converged": true,
        "hit_cap": false,
        "trustworthy": true,
        "still_improving_at_stop": false,
        "stop_epoch": 5000,
        "best_val": 0.5305236319545656,
        "best_epoch": 2500,
        "recent_improvement": -0.005656091729179025,
        "trajectory": [
          [
            250,
            3.1433233618736267
          ],
          [
            500,
            1.6899407804012299
          ],
          [
            750,
            0.7393135353922844
          ],
          [
            1000,
            0.6020109038800001
          ],
          [
            1250,
            0.5536241130903363
          ],
          [
            1500,
            0.5400724639184773
          ],
          [
            1750,
            0.535094094928354
          ],
          [
            2000,
            0.532307789195329
          ],
          [
            2250,
            0.5308926186989993
          ],
          [
            2500,
            0.5305236319545656
          ],
          [
            2750,
            0.530875772703439
          ],
          [
            3000,
            0.5314541880507022
          ],
          [
            3250,
            0.5320896576158702
          ],
          [
            3500,
            0.532727520680055
          ],
          [
            3750,
            0.5333534604869783
          ],
          [
            4000,
            0.5339132072404027
          ],
          [
            4250,
            0.5344385970383883
          ],
          [
            4500,
            0.534968858351931
          ],
          [
            4750,
            0.5355358046945184
          ],
          [
            5000,
            0.5361797236837447
          ]
        ]
      },
      "by_length": {
        "4": {
          "train_acc": 1.0,
          "val_acc": 0.765625
        },
        "6": {
          "train_acc": 1.0,
          "val_acc": 0.99267578125
        },
        "8": {
          "train_acc": 1.0,
          "val_acc": 0.9976999759674072
        },
        "10": {
          "train_acc": 1.0,
          "val_acc": 0.9796000123023987
        }
      }
    },
    "wide_shallow": {
      "params": 82552,
      "trustworthy": true,
      "convergence": {
        "converged": true,
        "hit_cap": false,
        "trustworthy": true,
        "still_improving_at_stop": false,
        "stop_epoch": 3250,
        "best_val": 0.9684187099337578,
        "best_epoch": 750,
        "recent_improvement": -0.41827068477869034,
        "trajectory": [
          [
            250,
            2.5293176770210266
          ],
          [
            500,
            1.1064238622784615
          ],
          [
            750,
            0.9684187099337578
          ],
          [
            1000,
            1.0151100605726242
          ],
          [
            1250,
            1.080893613398075
          ],
          [
            1500,
            1.1378699131309986
          ],
          [
            1750,
            1.186112031340599
          ],
          [
            2000,
            1.2280862405896187
          ],
          [
            2250,
            1.265517521649599
          ],
          [
            2500,
            1.2994520664215088
          ],
          [
            2750,
            1.330603189766407
          ],
          [
            3000,
            1.3595351465046406
          ],
          [
            3250,
            1.3866893947124481
          ]
        ]
      },
      "by_length": {
        "4": {
          "train_acc": 1.0,
          "val_acc": 0.8984375
        },
        "6": {
          "train_acc": 1.0,
          "val_acc": 0.92236328125
        },
        "8": {
          "train_acc": 0.9610000252723694,
          "val_acc": 0.7376999855041504
        },
        "10": {
          "train_acc": 0.9383000135421753,
          "val_acc": 0.4083999991416931
        }
      }
    }
  },
  "bars": {
    "G1_deep_fits": false,
    "G2_width_stalls": true,
    "G3_graded_gap_monotonic": true,
    "G4_control_no_divergence": false,
    "transfer_shared_readout_fails": false,
    "gaps_by_length": {
      "4": -0.1328,
      "6": 0.0703,
      "8": 0.26,
      "10": 0.5712
    }
  }
}