{
  "group": "z120",
  "seed": 0,
  "lr": 0.003,
  "lengths": [
    4,
    6,
    8,
    10
  ],
  "max_len": 10,
  "n_classes": 120,
  "chance": 0.008333333333333333,
  "state_width": 64,
  "wide_width": 512,
  "fit_acc": 0.9,
  "stall_acc": 0.6,
  "arms": {
    "shared_readout": {
      "params": 16376,
      "trustworthy": true,
      "convergence": {
        "converged": true,
        "hit_cap": false,
        "trustworthy": true,
        "still_improving_at_stop": false,
        "stop_epoch": 8750,
        "best_val": 0.20967221050523221,
        "best_epoch": 6250,
        "recent_improvement": -0.012342308415099978,
        "trajectory": [
          [
            250,
            2.8429755568504333
          ],
          [
            500,
            2.0863111317157745
          ],
          [
            750,
            1.6073845028877258
          ],
          [
            1000,
            1.430926501750946
          ],
          [
            1250,
            1.3062144219875336
          ],
          [
            1500,
            1.2545466721057892
          ],
          [
            1750,
            1.2491455078125
          ],
          [
            2000,
            1.2546586692333221
          ],
          [
            2250,
            1.1932566463947296
          ],
          [
            2500,
            1.0691973716020584
          ],
          [
            2750,
            0.9725174754858017
          ],
          [
            3000,
            0.7876965552568436
          ],
          [
            3250,
            0.7126952707767487
          ],
          [
            3500,
            0.8146673142910004
          ],
          [
            3750,
            0.5084473490715027
          ],
          [
            4000,
            0.43683692067861557
          ],
          [
            4250,
            0.3343127351254225
          ],
          [
            4500,
            0.2790119666606188
          ],
          [
            4750,
            0.2509240722283721
          ],
          [
            5000,
            0.23546636570245028
          ],
          [
            5250,
            0.22410050593316555
          ],
          [
            5500,
            0.21644230000674725
          ],
          [
            5750,
            0.2110629347153008
          ],
          [
            6000,
            0.21008653356693685
          ],
          [
            6250,
            0.20967221050523221
          ],
          [
            6500,
            0.20990354125387967
          ],
          [
            6750,
            0.21074748353566974
          ],
          [
            7000,
            0.21197412337642163
          ],
          [
            7250,
            0.2132540453458205
          ],
          [
            7500,
            0.21461985469795763
          ],
          [
            7750,
            0.21607411827426404
          ],
          [
            8000,
            0.21756978170014918
          ],
          [
            8250,
            0.2191585951950401
          ],
          [
            8500,
            0.22085084026912227
          ],
          [
            8750,
            0.2220145189203322
          ]
        ]
      },
      "by_length": {
        "4": {
          "train_acc": 1.0,
          "val_acc": 0.921875
        },
        "6": {
          "train_acc": 1.0,
          "val_acc": 0.99853515625
        },
        "8": {
          "train_acc": 0.9994999766349792,
          "val_acc": 0.9991999864578247
        },
        "10": {
          "train_acc": 0.9957000017166138,
          "val_acc": 0.9873999953269958
        }
      }
    },
    "per_length_head": {
      "params": 39776,
      "trustworthy": true,
      "convergence": {
        "converged": true,
        "hit_cap": false,
        "trustworthy": true,
        "still_improving_at_stop": false,
        "stop_epoch": 7750,
        "best_val": 0.3274984806776047,
        "best_epoch": 5250,
        "recent_improvement": -1.7885849624872208,
        "trajectory": [
          [
            250,
            2.6945773363113403
          ],
          [
            500,
            1.8731506168842316
          ],
          [
            750,
            1.1498654633760452
          ],
          [
            1000,
            0.6743686161935329
          ],
          [
            1250,
            0.5392958745360374
          ],
          [
            1500,
            0.4746049530804157
          ],
          [
            1750,
            0.4322676043957472
          ],
          [
            2000,
            0.4034530036151409
          ],
          [
            2250,
            0.425220200791955
          ],
          [
            2500,
            0.3925137436017394
          ],
          [
            2750,
            0.3782816119492054
          ],
          [
            3000,
            0.3700502458959818
          ],
          [
            3250,
            0.36423055455088615
          ],
          [
            3500,
            0.35707996506243944
          ],
          [
            3750,
            0.35096209309995174
          ],
          [
            4000,
            0.34480443876236677
          ],
          [
            4250,
            0.3388778571970761
          ],
          [
            4500,
            0.3320939801633358
          ],
          [
            4750,
            0.32900672079995275
          ],
          [
            5000,
            0.32789255306124687
          ],
          [
            5250,
            0.3274984806776047
          ],
          [
            5500,
            0.32758772443048656
          ],
          [
            5750,
            0.3280649366788566
          ],
          [
            6000,
            0.32881854462902993
          ],
          [
            6250,
            0.3298355076694861
          ],
          [
            6500,
            0.331129731843248
          ],
          [
            6750,
            0.3326099350815639
          ],
          [
            7000,
            3.510897219181061
          ],
          [
            7250,
            2.8553268909454346
          ],
          [
            7500,
            2.3679733872413635
          ],
          [
            7750,
            2.1160834431648254
          ]
        ]
      },
      "by_length": {
        "4": {
          "train_acc": 1.0,
          "val_acc": 0.9296875
        },
        "6": {
          "train_acc": 1.0,
          "val_acc": 0.9990234375
        },
        "8": {
          "train_acc": 0.9993000030517578,
          "val_acc": 0.9991000294685364
        },
        "10": {
          "train_acc": 0.9980999827384949,
          "val_acc": 0.9944999814033508
        }
      }
    },
    "wide_shallow": {
      "params": 82552,
      "trustworthy": true,
      "convergence": {
        "converged": true,
        "hit_cap": false,
        "trustworthy": true,
        "still_improving_at_stop": false,
        "stop_epoch": 4750,
        "best_val": 0.2650863497983664,
        "best_epoch": 2250,
        "recent_improvement": -0.0034032290568575263,