{
  "group": "s5",
  "seed": 1,
  "lr": 0.003,
  "lengths": [
    4,
    6,
    8,
    10
  ],
  "max_len": 10,
  "n_classes": 120,
  "chance": 0.008333333333333333,
  "state_width": 64,
  "wide_width": 512,
  "fit_acc": 0.9,
  "stall_acc": 0.6,
  "arms": {
    "shared_readout": {
      "params": 16376,
      "trustworthy": true,
      "convergence": {
        "converged": true,
        "hit_cap": false,
        "trustworthy": true,
        "still_improving_at_stop": false,
        "stop_epoch": 10500,
        "best_val": 0.0014770374291401822,
        "best_epoch": 8000,
        "recent_improvement": 8.054867475948413e-05,
        "trajectory": [
          [
            250,
            2.708089768886566
          ],
          [
            500,
            1.0926065295934677
          ],
          [
            750,
            0.13627740368247032
          ],
          [
            1000,
            0.045008925488218665
          ],
          [
            1250,
            0.02248661103658378
          ],
          [
            1500,
            0.014076607767492533
          ],
          [
            1750,
            0.009991004189942032
          ],
          [
            2000,
            0.007643659308087081
          ],
          [
            2250,
            0.006181016186019406
          ],
          [
            2500,
            0.005209507275139913
          ],
          [
            2750,
            0.004530738136963919
          ],
          [
            3000,
            0.00402699013648089
          ],
          [
            3250,
            0.0036392754409462214
          ],
          [
            3500,
            0.0033300195646006614
          ],
          [
            3750,
            0.0030747302298550494
          ],
          [
            4000,
            0.0028582221202668734
          ],
          [
            4250,
            0.0026714368068496697
          ],
          [
            4500,
            0.0025094168668147177
          ],
          [
            4750,
            0.002369285619352013
          ],
          [
            5000,
            0.0022486907728307415
          ],
          [
            5250,
            0.0021449931045935955
          ],
          [
            5500,
            0.0020551765337586403
          ],
          [
            5750,
            0.001976027815544512
          ],
          [
            6000,
            0.00190441652557638
          ],
          [
            6250,
            0.001837236664869124
          ],
          [
            6500,
            0.001771532790371566
          ],
          [
            6750,
            0.001705026221316075
          ],
          [
            7000,
            0.0016384552309318678
          ],
          [
            7250,
            0.0015782167411089176
          ],
          [
            7500,
            0.0015330167470892775
          ],
          [
            7750,
            0.0015012460089565138
          ],
          [
            8000,
            0.0014770374291401822
          ],
          [
            8250,
            0.0014582502976736578
          ],
          [
            8500,
            0.0014442314472944418
          ],
          [
            8750,
            0.0014343811744765844
          ],
          [
            9000,
            0.0014272815756157797
          ],
          [
            9250,
            0.0014218466012607678
          ],
          [
            9500,
            0.0014168578529734077
          ],
          [
            9750,
            0.0014117348998752277
          ],
          [
            10000,
            0.0014066530286527268
          ],
          [
            10250,
            0.0014018993181252881
          ],
          [
            10500,
            0.001396488754380698
          ]
        ]
      },
      "by_length": {
        "4": {
          "train_acc": 1.0,
          "val_acc": 1.0
        },
        "6": {
          "train_acc": 1.0,
          "val_acc": 1.0
        },
        "8": {
          "train_acc": 1.0,
          "val_acc": 0.9998999834060669
        },
        "10": {
          "train_acc": 1.0,
          "val_acc": 0.9984999895095825
        }
      }
    },
    "per_length_head": {
      "params": 39776,
      "trustworthy": true,
      "convergence": {
        "converged": true,
        "hit_cap": false,
        "trustworthy": true,
        "still_improving_at_stop": false,
        "stop_epoch": 4250,
        "best_val": 1.0237581939436495,
        "best_epoch": 1750,
        "recent_improvement": -0.06422642432153225,
        "trajectory": [
          [
            250,
            3.4716012477874756
          ],
          [
            500,
            2.5187748968601227
          ],
          [
            750,
            1.4966164901852608
          ],
          [
            1000,
            1.1821521781384945
          ],
          [
            1250,
            1.049672381952405
          ],
          [
            1500,
            1.024660598486662
          ],
          [
            1750,
            1.0237581939436495
          ],
          [
            2000,
            1.0287923007272184
          ],
          [
            2250,
            1.0350844394415617
          ],
          [
            2500,
            1.0419347640126944
          ],
          [
            2750,
            1.0488121686503291
          ],
          [
            3000,
            1.05577727034688
          ],
          [
            3250,
            1.0627286178059876
          ],
          [
            3500,
            1.0693494374863803
          ],
          [
            3750,
            1.0756329535506666
          ],
          [
            4000,
            1.0819850149564445
          ],
          [
            4250,
            1.0879846182651818
          ]
        ]
      },
      "by_length": {
        "4": {
          "train_acc": 1.0,
          "val_acc": 0.625
        },
        "6": {
          "train_acc": 1.0,
          "val_acc": 0.9892578125
        },
        "8": {
          "train_acc": 1.0,
          "val_acc": 0.9954000115394592
        },
        "10": {
          "train_acc": 0.9995999932289124,
          "val_acc": 0.9632999897003174
        }
      }
    },
    "wide_shallow": {
      "params": 82552,
      "trustworthy": true,
      "convergence": {
        "converged": true,
        "hit_cap": false,
        "trustworthy": true,
        "still_improving_at_stop": false,
        "stop_epoch": 3250,
        "best_val": 1.0352821722626686,
        "best_epoch": 750,
        "recent_improvement": -0.47057320177555084,
        "trajectory": [
          [
            250,
            2.5873128175735474
          ],
          [
            500,
            1.2110444530844688
          ],
          [
            750,
            1.0352821722626686
          ],
          [
            1000,
            1.0878562927246094
          ],
          [
            1250,
            1.1631322354078293
          ],
          [
            1500,
            1.2283326275646687
          ],
          [
            1750,
            1.2826854176819324
          ],
          [
            2000,
            1.3297660052776337
          ],
          [
            2250,
            1.371632892638445
          ],
          [
            2500,
            1.4094952456653118
          ],
          [
            2750,
            1.4441319070756435
          ],
          [
            3000,
            1.47610829398036
          ],
          [
            3250,
            1.5058553740382195
          ]
        ]
      },
      "by_length": {
        "4": {
          "train_acc": 1.0,
          "val_acc": 0.8359375
        },
        "6": {
          "train_acc": 1.0,
          "val_acc": 0.9208984375
        },
        "8": {
          "train_acc": 0.9588000178337097,
          "val_acc": 0.7218999862670898
        },