{
  "arm": "positive_control",
  "net_kind": "recurrent",
  "group": "a5",
  "seq_len": 10,
  "seed": 0,
  "n_classes": 60,
  "chance": 0.016666666666666666,
  "rec_state_width": 64,
  "params": 12476,
  "hyperparameters": {
    "lr": 0.003,
    "clip_max_norm": 1.0,
    "max_epochs": 40000,
    "gate_mode": "dual",
    "ce_check_every": 250,
    "ce_patience": 10,
    "ce_min_delta": 0.0001,
    "acc_check_every": 250,
    "acc_patience": 10,
    "acc_min_delta": 0.001,
    "acc_divergence_abs_eps": 0.05,
    "acc_still_improving_eps": 0.01
  },
  "fit_acc": 0.9,
  "stall_acc": 0.6,
  "fit_status": "MEMORIZED",
  "train_acc": 0.9696999788284302,
  "val_acc": 0.4323999881744385,
  "clip_engagement_rate": 0.983904761904762,
  "trustworthy_ce": false,
  "ce_gate": {
    "converged": true,
    "hit_cap": false,
    "trustworthy": false,
    "still_improving_at_stop": false,
    "diverged": true,
    "stop_epoch": 4000,
    "best_val": 1.5205568075180054,
    "best_epoch": 1500,
    "recent_improvement": -1.0293002128601074,
    "trajectory": [
      [
        250,
        2.9369688034057617
      ],
      [
        500,
        1.984344720840454
      ],
      [
        750,
        1.6469759941101074
      ],
      [
        1000,
        1.5637763738632202
      ],
      [
        1250,
        1.5481797456741333
      ],
      [
        1500,
        1.5205568075180054
      ],
      [
        1750,
        1.536075472831726
      ],
      [
        2000,
        1.5476469993591309
      ],
      [
        2250,
        1.5653547048568726
      ],
      [
        2500,
        1.6038240194320679
      ],
      [
        2750,
        1.6674975156784058
      ],
      [
        3000,
        1.728590965270996
      ],
      [
        3250,
        1.7967851161956787
      ],
      [
        3500,
        1.9059228897094727
      ],
      [
        3750,
        1.988381028175354
      ],
      [
        4000,
        2.066255569458008
      ],
      [
        4250,
        2.1791200637817383
      ],
      [
        4500,
        2.281275749206543
      ],
      [
        4750,
        2.4495646953582764
      ],
      [
        5000,
        2.620960235595703
      ],
      [
        5250,
        2.6603095531463623
      ],
      [
        5500,
        2.763772964477539
      ],
      [
        5750,
        2.880093574523926
      ],
      [
        6000,
        3.0215072631835938
      ],
      [
        6250,
        3.1248199939727783
      ],
      [
        6500,
        3.263354539871216
      ],
      [
        6750,
        3.4182145595550537
      ],
      [
        7000,
        3.5162878036499023
      ],
      [
        7250,
        3.630239725112915
      ],
      [
        7500,
        3.752951145172119
      ],
      [
        7750,
        3.8921871185302734
      ],
      [
        8000,
        3.968611717224121
      ],
      [
        8250,
        4.101050853729248
      ],
      [
        8500,
        4.183594226837158
      ],
      [
        8750,
        4.2917680740356445
      ],
      [
        9000,
        4.386288166046143
      ],
      [
        9250,
        4.507052898406982
      ],
      [
        9500,
        4.590705394744873
      ],
      [
        9750,
        4.694880962371826
      ],
      [
        10000,
        4.788673400878906
      ],
      [
        10250,
        4.86887788772583
      ],
      [
        10500,
        4.9979119300842285
      ]
    ]
  },
  "trustworthy_acc": true,
  "acc_gate": {
    "converged": true,
    "hit_cap": false,
    "still_improving": false,
    "diverged": false,
    "trustworthy": true,
    "stop_epoch": 10500,
    "best_val": 0.4323999881744385,
    "best_epoch": 8000,
    "recent_improvement": -0.007299989461898804,
    "trajectory": [
      [
        250,
        0.10480000078678131
      ],
      [
        500,
        0.2578999996185303
      ],
      [
        750,
        0.2955000102519989
      ],
      [
        1000,
        0.31380000710487366
      ],
      [
        1250,
        0.3314000070095062
      ],
      [
        1500,
        0.3521000146865845
      ],
      [
        1750,
        0.366100013256073
      ],
      [
        2000,
        0.37869998812675476
      ],
      [
        2250,
        0.3912999927997589
      ],
      [
        2500,
        0.40389999747276306
      ],
      [
        2750,
        0.41040000319480896
      ],
      [
        3000,
        0.4180000126361847
      ],
      [
        3250,
        0.4198000133037567
      ],
      [
        3500,
        0.42250001430511475
      ],
      [
        3750,
        0.42160001397132874
      ],
      [
        4000,
        0.4260999858379364
      ],
      [
        4250,
        0.4235999882221222
      ],
      [
        4500,
        0.42649999260902405
      ],
      [
        4750,
        0.4242999851703644
      ],
      [
        5000,
        0.42160001397132874
      ],
      [
        5250,
        0.4262000024318695
      ],
      [
        5500,
        0.4260999858379364
      ],
      [
        5750,
        0.4293999969959259
      ],
      [
        6000,
        0.42669999599456787
      ],
      [
        6250,
        0.4284999966621399
      ],
      [
        6500,
        0.424699991941452
      ],
      [
        6750,
        0.42309999465942383
      ],
      [
        7000,
        0.42260000109672546
      ],
      [
        7250,
        0.42660000920295715
      ],
      [
        7500,
        0.430400013923645
      ],
      [
        7750,
        0.4255000054836273
      ],
      [
        8000,
        0.4323999881744385
      ],
      [
        8250,
        0.42419999837875366
      ],
      [
        8500,
        0.4284000098705292
      ],
      [
        8750,
        0.42910000681877136
      ],
      [
        9000,
        0.42739999294281006
      ],
      [
        9250,
        0.4268999993801117
      ],
      [
        9500,
        0.4262999892234802
      ],
      [
        9750,
        0.4230000078678131
      ],
      [
        10000,
        0.42559999227523804
      ],
      [
        10250,
        0.42829999327659607
      ],
      [
        10500,
        0.4250999987125397
      ]
    ]
  },