{
  "arm": "positive_control",
  "net_kind": "recurrent",
  "group": "a5",
  "seq_len": 10,
  "seed": 1,
  "n_classes": 60,
  "chance": 0.016666666666666666,
  "rec_state_width": 64,
  "params": 12476,
  "hyperparameters": {
    "lr": 0.003,
    "clip_max_norm": 1.0,
    "max_epochs": 40000,
    "gate_mode": "dual",
    "ce_check_every": 250,
    "ce_patience": 10,
    "ce_min_delta": 0.0001,
    "acc_check_every": 250,
    "acc_patience": 10,
    "acc_min_delta": 0.001,
    "acc_divergence_abs_eps": 0.05,
    "acc_still_improving_eps": 0.01
  },
  "fit_acc": 0.9,
  "stall_acc": 0.6,
  "fit_status": "INTERMEDIATE",
  "train_acc": 1.0,
  "val_acc": 0.7441999912261963,
  "clip_engagement_rate": 0.5905333333333334,
  "trustworthy_ce": false,
  "ce_gate": {
    "converged": true,
    "hit_cap": false,
    "trustworthy": false,
    "still_improving_at_stop": false,
    "diverged": true,
    "stop_epoch": 6250,
    "best_val": 1.373868465423584,
    "best_epoch": 3750,
    "recent_improvement": -0.6039446592330933,
    "trajectory": [
      [
        250,
        2.916407823562622
      ],
      [
        500,
        2.1484122276306152
      ],
      [
        750,
        1.6359007358551025
      ],
      [
        1000,
        1.5507633686065674
      ],
      [
        1250,
        1.545220136642456
      ],
      [
        1500,
        1.5145500898361206
      ],
      [
        1750,
        1.523315668106079
      ],
      [
        2000,
        1.5231457948684692
      ],
      [
        2250,
        1.5536917448043823
      ],
      [
        2500,
        1.5244810581207275
      ],
      [
        2750,
        1.5141255855560303
      ],
      [
        3000,
        1.4550659656524658
      ],
      [
        3250,
        1.4262700080871582
      ],
      [
        3500,
        1.3818271160125732
      ],
      [
        3750,
        1.373868465423584
      ],
      [
        4000,
        1.386197566986084
      ],
      [
        4250,
        1.4510160684585571
      ],
      [
        4500,
        1.537513017654419
      ],
      [
        4750,
        1.592087745666504
      ],
      [
        5000,
        1.7211757898330688
      ],
      [
        5250,
        1.816954493522644
      ],
      [
        5500,
        1.896886944770813
      ],
      [
        5750,
        1.9655277729034424
      ],
      [
        6000,
        2.026797294616699
      ],
      [
        6250,
        2.0832505226135254
      ],
      [
        6500,
        2.136259078979492
      ],
      [
        6750,
        2.186169147491455
      ],
      [
        7000,
        2.2337965965270996
      ],
      [
        7250,
        2.2799463272094727
      ],
      [
        7500,
        2.325120449066162
      ]
    ]
  },
  "trustworthy_acc": true,
  "acc_gate": {
    "converged": true,
    "hit_cap": false,
    "still_improving": false,
    "diverged": false,
    "trustworthy": true,
    "stop_epoch": 7500,
    "best_val": 0.7441999912261963,
    "best_epoch": 5000,
    "recent_improvement": -0.0004000067710876465,
    "trajectory": [
      [
        250,
        0.11060000211000443
      ],
      [
        500,
        0.23739999532699585
      ],
      [
        750,
        0.30239999294281006
      ],
      [
        1000,
        0.3278999924659729
      ],
      [
        1250,
        0.35269999504089355
      ],
      [
        1500,
        0.376800000667572
      ],
      [
        1750,
        0.3928000032901764
      ],
      [
        2000,
        0.41429999470710754
      ],
      [
        2250,
        0.43779999017715454
      ],
      [
        2500,
        0.47749999165534973
      ],
      [
        2750,
        0.510699987411499
      ],
      [
        3000,
        0.5631999969482422
      ],
      [
        3250,
        0.6039999723434448
      ],
      [
        3500,
        0.6669999957084656
      ],
      [
        3750,
        0.7005000114440918
      ],
      [
        4000,
        0.7214999794960022
      ],
      [
        4250,
        0.7329999804496765
      ],
      [
        4500,
        0.7404999732971191
      ],
      [
        4750,
        0.742900013923645
      ],
      [
        5000,
        0.7441999912261963
      ],
      [
        5250,
        0.7426999807357788
      ],
      [
        5500,
        0.7422000169754028
      ],
      [
        5750,
        0.7415000200271606
      ],
      [
        6000,
        0.7409999966621399
      ],
      [
        6250,
        0.7411999702453613
      ],
      [
        6500,
        0.7419999837875366
      ],
      [
        6750,
        0.7432000041007996
      ],
      [
        7000,
        0.743399977684021
      ],
      [
        7250,
        0.7433000206947327
      ],
      [
        7500,
        0.7437999844551086
      ]
    ]
  },
  "val_acc_trajectory": [
    [
      250,
      0.11060000211000443
    ],
    [
      500,
      0.23739999532699585
    ],
    [
      750,
      0.30239999294281006
    ],
    [
      1000,
      0.3278999924659729
    ],
    [
      1250,
      0.35269999504089355
    ],
    [
      1500,
      0.376800000667572
    ],
    [
      1750,
      0.3928000032901764
    ],
    [
      2000,
      0.41429999470710754
    ],
    [
      2250,
      0.43779999017715454
    ],
    [
      2500,
      0.47749999165534973
    ],
    [
      2750,
      0.510699987411499
    ],
    [
      3000,
      0.5631999969482422
    ],
    [
      3250,
      0.6039999723434448
    ],
    [
      3500,
      0.6669999957084656
    ],
    [
      3750,
      0.7005000114440918
    ],
    [
      4000,
      0.7214999794960022
    ],
    [
      4250,
      0.7329999804496765
    ],
    [
      4500,
      0.7404999732971191
    ],
    [
      4750,
      0.742900013923645
    ],
    [
      5000,
      0.7441999912261963
    ],
    [
      5250,
      0.7426999807357788
    ],
    [
      5500,
      0.7422000169754028
    ],
    [
      5750,
      0.7415000200271606
    ],
    [
      6000,
      0.7409999966621399
    ],
    [
      6250,
      0.7411999702453613
    ],
    [
      6500,
      0.7419999837875366
    ],
    [
      6750,
      0.7432000041007996
    ],
    [
      7000,
      0.743399977684021
    ],
    [
      7250,
      0.7433000206947327
    ],
    [
      7500,
      0.7437999844551086
    ]
  ],
  "train_acc_trajectory": [
    [
      250,
      0.1378999948501587
    ],
    [
      500,
      0.28450000286102295
    ],
    [
      750,
      0.39239999651908875
    ],
    [
      1000,
      0.45419999957084656
    ],
    [
      1250,
      0.5095999836921692
    ],
    [
      1500,
      0.5695000290870667
    ],
    [
      1750,
      0.6209999918937683
    ],
    [
      2000,
      0.6787999868392944
    ],
    [
      2250,
      0.7264999747276306
    ],
    [
      2500,
      0.7678999900817871
    ],
    [
      2750,
      0.8126000165939331
    ],
    [
      3000,
      0.8700000047683716
    ],
    [
      3250,
      0.9034000039100647
    ],
    [
      3500,
      0.9427000284194946
    ],
    [
      3750,
      0.9692000150680542
    ],
    [
      4000,
      0.982200026512146
    ],
    [
      4250,
      0.9900000095367432
    ],
    [
      4500,
      0.9987999796867371
    ],
    [
      4750,
      0.9991000294685364
    ],
    [
      5000,
      1.0
    ],
    [
      5250,
      1.0
    ],
    [
      5500,
      1.0
    ],
    [
      5750,
      1.0
    ],
    [
      6000,
      1.0
    ],
    [
      6250,
      1.0
    ],
    [
      6500,
      1.0
    ],
    [
      6750,
      1.0
    ],
    [
      7000,
      1.0
    ],
    [
      7250,
      1.0
    ],
    [
      7500,
      1.0
    ]
  ],