feature,importance
Size (sq ft),0.3273916277403001
Size_per_Bedroom,0.3013053184785674
Floor,0.17961098085850924
is Pan Peninsula,0.1182801567869337
is Wardian,0.04359669812614952
E14 Index Delta (Jan 2023),0.020793670218174028
Parking Spaces,0.009021547791366083
