{
    "mae": 0.30543031493518163,
    "rmse": 0.37529775922151154,
    "r2_score": 0.8591515919233124,
    "mape": 75.45008910222106,
    "median_ape": 34.502935684719354,
    "nll": 1.2643479723809938,
    "picp": 1.0,
    "ece": 0.17521002448471076
}