feature,importance
Size (sq ft),0.30036611102569366
Floor,0.2669893176951111
Size_per_Bedroom,0.16361666842847725
Parking Spaces,0.12744646483722927
is Pan Peninsula,0.0793465619143817
E14 Index Delta (Jan 2023),0.047604998180449484
is Wardian,0.014629877918657535
