{
    "mae": 0.3659109487197929,
    "rmse": 0.44429477451001737,
    "r2_score": 0.8026021533430928,
    "mape": 71.52784462021114,
    "median_ape": 45.15875991615121,
    "nll": 0.660151691765412,
    "picp": 0.8831168831168831,
    "ece": 0.2661300891743324
}