{
    "accuracy": 0.7272727272727273,
    "precision": 0.7390873015873016,
    "recall": 0.7272727272727273,
    "f1_score": 0.6846916742225255,
    "roc_auc": 0.9182753520988813,
    "log_loss": 0.5765932769300222
}