{
  "config": {
    "w_max": 12,
    "seeds": [
      0,
      1,
      2
    ],
    "n_train": 1500,
    "n_test": 500,
    "n_epochs_phase1": 2500,
    "lr": 0.01,
    "oracle_ll": 1.5767937403493182,
    "noise_sigma": 0.05,
    "hetero_r": 12.566370614359172,
    "schedule": "sandwich",
    "weights": "independent_per_width"
  },
  "per_case": [
    {
      "seed": 0,
      "n_test": 500,
      "hard_curve": [
        -0.5247727110141924,
        -0.4866275861494097,
        -0.3084070474932007,
        -0.13715241811439102,
        -0.10545230116329941,
        -0.3223530119978914,
        -0.06794790746826751,
        -0.22233440271195243,
        -0.21558255274944446,
        0.11005176434329912,
        -0.10295317143055738,
        1.3679623638882357
      ],
      "easy_curve": [
        1.136620911651728,
        1.4638724692013798,
        1.483021073195399,
        1.496786777340636,
        1.5453813689095632,
        1.494777698419532,
        1.4720735489105692,
        1.5078009644333197,
        1.5094128000492952,
        1.526186533363498,
        1.481577308810487,
        1.5328427100668147
      ],
      "construction": {
        "n_centre": 255,
        "n_tail": 245,
        "k_lo": 1,
        "k_mid": 6,
        "centre_gain_klo_to_kmid": {
          "mean_delta": 0.20241969901630108,
          "se": 0.029423674189741435,
          "beats_2se": true
        },
        "centre_climbs": true,
        "centre_best_ll_at_wmax": 1.3679623638882357,
        "centre_gap_to_oracle_nat": 0.20883137646108252,
        "centre_near_noise_floor": false,
        "centre_pass": false,
        "tail_gains": {
          "k1_to_k2": {
            "mean_delta": 0.3272515575496518,
            "se": 0.03415758877356515,
            "beats_2se": true
          },
          "k1_to_k3": {
            "mean_delta": 0.346400161543671,
            "se": 0.04317000675073591,
            "beats_2se": true
          },
          "k1_to_k4": {
            "mean_delta": 0.36016586568890785,
            "se": 0.03943543365832676,
            "beats_2se": true
          },
          "k1_to_k5": {
            "mean_delta": 0.4087604572578352,
            "se": 0.04171614040038104,
            "beats_2se": true
          },
          "k1_to_k6": {
            "mean_delta": 0.3581567867678039,
            "se": 0.04158167691442247,
            "beats_2se": true
          },
          "k1_to_k7": {
            "mean_delta": 0.33545263725884106,
            "se": 0.04181867211226232,
            "beats_2se": true
          },
          "k1_to_k8": {
            "mean_delta": 0.3711800527815916,
            "se": 0.04135939827296448,
            "beats_2se": true
          },
          "k1_to_k9": {
            "mean_delta": 0.3727918883975671,
            "se": 0.040948438975725046,
            "beats_2se": true
          },
          "k1_to_k10": {
            "mean_delta": 0.3895656217117699,
            "se": 0.03968558947520944,
            "beats_2se": true
          },
          "k1_to_k11": {
            "mean_delta": 0.344956397158759,
            "se": 0.03796498121469553,
            "beats_2se": true
          },
          "k1_to_k12": {
            "mean_delta": 0.3962217984150867,
            "se": 0.039031048951747103,
            "beats_2se": true
          }
        },
        "tail_flat": false,
        "construction_pass": false
      },
      "recovery": {
        "mean_expected_width_centre": 11.964410166409222,
        "mean_expected_width_tail": 8.371542111569442,
        "diff": 3.59286805483978,
        "se": 0.17854202888251514,
        "separation_beats_2se": true
      },
      "deploy": {
        "selector_nll": -1.4537140130996704,
        "best_global_k": 12,
        "best_global_nll": -1.4487537335157394,
        "matches_or_beats_global": true,
        "oracle_nll": -1.596616898432374,
        "gap_to_oracle_nat": 0.14290288533270368,
        "within_oracle_bar": false,
        "deploy_pass": false
      },
      "marginal_p": [
        0.00017982377903535962,
        0.007038378156721592,
        0.09743551909923553,
        0.002772744745016098,
        0.017057502642273903,
        0.05718572065234184,
        0.041372545063495636,
        0.02017599530518055,
        0.002003762172535062,
        0.03420976921916008,
        0.00011745005758712068,
        0.7204508781433105
      ],
      "per_k_nll": {
        "1": -0.28931016409210863,
        "2": -0.4691174409724772,
        "3": -0.5693927316442132,
        "4": -0.6634777876585722,
        "5": -0.7034561971724034,
        "6": -0.568041036106646,
        "7": -0.6866626061573624,
        "8": -0.6254319271892309,
        "9": -0.629665170121938,
        "10": -0.8039578011631966,
        "11": -0.6734667638875544,
        "12": -1.4487537335157394
      }
    },
    {
      "seed": 1,
      "n_test": 500,
      "hard_curve": [
        -0.5261103585323629,
        -0.45504229800232376,
        -0.4591226143878885,
        -0.03245159389140705,
        -0.20385770569555461,
        -0.29703831964482863,
        -0.2718598649565441,
        -0.19420982754478852,
        -0.2653356300822149,
        -0.2952797863734304,
        -0.158043012166551,
        1.5459268736342588
      ],
      "easy_curve": [
        1.2139018159646255,
        1.4829545844059724,
        1.487758815059295,
        1.5245681973604055,
        1.5137029235179609,
        1.5084196622555073,
        1.508138676560842,
        1.5178389980242804,
        1.518672378705098,
        1.5227331244028532,
        1.5172462825591748,
        1.529395626599972
      ],
      "construction": {
        "n_centre": 240,
        "n_tail": 260,
        "k_lo": 1,
        "k_mid": 6,
        "centre_gain_klo_to_kmid": {
          "mean_delta": 0.2290720388875343,
          "se": 0.029950631900071932,
          "beats_2se": true
        },
        "centre_climbs": true,
        "centre_best_ll_at_wmax": 1.5459268736342588,
        "centre_gap_to_oracle_nat": 0.030866866715059338,
        "centre_near_noise_floor": true,
        "centre_pass": true,
        "tail_gains": {
          "k1_to_k2": {
            "mean_delta": 0.26905276844134696,
            "se": 0.04497499626766422,
            "beats_2se": true
          },
          "k1_to_k3": {
            "mean_delta": 0.27385699909466965,
            "se": 0.04577320319592518,
            "beats_2se": true
          },
          "k1_to_k4": {
            "mean_delta": 0.3106663813957801,
            "se": 0.05032811373657488,
            "beats_2se": true
          },
          "k1_to_k5": {
            "mean_delta": 0.29980110755333533,
            "se": 0.054470439001542824,
            "beats_2se": true
          },
          "k1_to_k6": {
            "mean_delta": 0.2945178462908818,
            "se": 0.05037134970130285,
            "beats_2se": true
          },
          "k1_to_k7": {
            "mean_delta": 0.2942368605962166,
            "se": 0.052502201298078616,
            "beats_2se": true
          },
          "k1_to_k8": {
            "mean_delta": 0.3039371820596548,
            "se": 0.051368362302162275,
            "beats_2se": true
          },
          "k1_to_k9": {
            "mean_delta": 0.30477056274047265,
            "se": 0.05042920660778156,
            "beats_2se": true
          },
          "k1_to_k10": {
            "mean_delta": 0.3088313084382277,
            "se": 0.05069865029396322,
            "beats_2se": true
          },
          "k1_to_k11": {
            "mean_delta": 0.30334446659454933,
            "se": 0.048331349610666985,
            "beats_2se": true
          },
          "k1_to_k12": {
            "mean_delta": 0.31549381063534665,
            "se": 0.05320705262942536,
            "beats_2se": true
          }
        },
        "tail_flat": false,
        "construction_pass": false
      },
      "recovery": {
        "mean_expected_width_centre": 12.000000014282143,