{
  "dataset": "diabetes",
  "seed": 2,
  "arm": "w_sweep",
  "width": 5,
  "held_out_mse": 3628.437744140625,
  "held_out_trajectory": [
    [
      1,
      1.1452975273132324
    ],
    [
      2,
      1.0790263414382935
    ],
    [
      3,
      1.0178567171096802
    ],
    [
      4,
      0.9624173641204834
    ],
    [
      5,
      0.9129583835601807
    ],
    [
      6,
      0.8693571090698242
    ],
    [
      7,
      0.8311806917190552
    ],
    [
      8,
      0.7978078722953796
    ],
    [
      9,
      0.7685834169387817
    ],
    [
      10,
      0.7429137825965881
    ],
    [
      11,
      0.7202908992767334
    ],
    [
      12,
      0.7002813816070557
    ],
    [
      13,
      0.6825057864189148
    ],
    [
      14,
      0.6666226983070374
    ],
    [
      15,
      0.6523199081420898
    ],
    [
      16,
      0.6393114328384399
    ],
    [
      17,
      0.6273391842842102
    ],
    [
      18,
      0.616176426410675
    ],
    [
      19,
      0.6056314706802368
    ],
    [
      20,
      0.5955528616905212
    ],
    [
      21,
      0.5858328342437744
    ],
    [
      22,
      0.5764084458351135
    ],
    [
      23,
      0.5672611594200134
    ],
    [
      24,
      0.5584122538566589
    ],
    [
      25,
      0.5499163866043091
    ],
    [
      26,
      0.5418541431427002
    ],
    [
      27,
      0.5343213677406311
    ],
    [
      28,
      0.5274191498756409
    ],
    [
      29,
      0.5212416052818298
    ],
    [
      30,
      0.5158647298812866
    ],
    [
      31,
      0.5113363265991211
    ],
    [
      32,
      0.5076671838760376
    ],
    [
      33,
      0.50482577085495
    ],
    [
      34,
      0.5027375817298889
    ],
    [
      35,
      0.5012885928153992
    ],
    [
      36,
      0.5003337264060974
    ],
    [
      37,
      0.4997108280658722
    ],
    [
      38,
      0.49925681948661804
    ],
    [
      39,
      0.4988248646259308
    ],
    [
      40,
      0.49829939007759094
    ],
    [
      41,
      0.497606486082077
    ],
    [
      42,
      0.4967179298400879
    ],
    [
      43,
      0.49564892053604126
    ],
    [
      44,
      0.4944499433040619
    ],
    [
      45,
      0.49319547414779663
    ],
    [
      46,
      0.49197059869766235
    ],
    [
      47,
      0.4908580780029297
    ],
    [
      48,
      0.48992830514907837
    ],
    [
      49,
      0.48923200368881226
    ],
    [
      50,
      0.48879706859588623
    ],
    [
      51,
      0.48862919211387634
    ],
    [
      52,
      0.4887152910232544
    ],
    [
      53,
      0.4890289306640625
    ],
    [
      54,
      0.48953595757484436
    ],
    [
      55,
      0.4901995062828064
    ],
    [
      56,
      0.49098363518714905
    ],
    [
      57,
      0.49185609817504883
    ],
    [
      58,
      0.49278831481933594
    ],
    [
      59,
      0.4937553405761719
    ],
    [
      60,
      0.49473464488983154
    ],
    [
      61,
      0.4957050681114197
    ],
    [
      62,
      0.496645450592041
    ],
    [
      63,
      0.4975343942642212
    ],
    [
      64,
      0.4983508884906769
    ],
    [
      65,
      0.49907466769218445
    ],
    [
      66,
      0.4996880292892456
    ],
    [
      67,
      0.5001767873764038
    ],
    [
      68,
      0.5005319118499756
    ],
    [
      69,
      0.5007503032684326
    ],
    [
      70,
      0.5008350014686584
    ],
    [
      71,
      0.5007951259613037
    ],
    [
      72,
      0.5006448030471802
    ],
    [
      73,
      0.5004019141197205
    ],
    [
      74,
      0.5000865459442139
    ],
    [
      75,
      0.49971893429756165
    ],
    [
      76,
      0.4993187189102173
    ],
    [
      77,
      0.4989032745361328
    ],
    [
      78,
      0.4984874725341797
    ],
    [
      79,
      0.4980827569961548
    ],
    [
      80,
      0.497698038816452
    ],
    [
      81,
      0.4973391890525818
    ],
    [
      82,
      0.4970097541809082
    ],
    [
      83,
      0.49671125411987305
    ],
    [
      84,
      0.49644333124160767
    ],
    [
      85,
      0.4962039589881897
    ],
    [
      86,
      0.49598947167396545
    ],
    [
      87,
      0.4957949221134186
    ],
    [
      88,
      0.49561411142349243
    ],
    [
      89,
      0.49544015526771545
    ],
    [
      90,
      0.4952660799026489
    ],
    [
      91,
      0.49508538842201233
    ],
    [
      92,
      0.49489328265190125
    ],
    [
      93,
      0.49468666315078735
    ],
    [
      94,
      0.4944652020931244
    ],
    [
      95,
      0.49423080682754517
    ],
    [
      96,
      0.493988037109375
    ],
    [
      97,
      0.493743360042572
    ],
    [
      98,
      0.49350473284721375
    ],
    [
      99,
      0.4932806193828583
    ],
    [
      100,
      0.4930797219276428
    ],
    [
      101,
      0.4929100573062897
    ],
    [
      102,
      0.4927786588668823
    ],
    [
      103,
      0.4926915764808655
    ],
    [
      104,
      0.4926533102989197
    ],
    [
      105,
      0.4926668703556061
    ],
    [
      106,
      0.49273431301116943
    ],
    [
      107,
      0.49285581707954407
    ],
    [
      108,
      0.4930301904678345
    ],
    [
      109,
      0.49325478076934814
    ],
    [
      110,
      0.4935254454612732
    ],
    [
      111,
      0.4938364624977112
    ]
  ],
  "trustworthy": true,
  "hit_cap": false,
  "converged": true,
  "trajectory_applicable": true,
  "select_squared_error": [
    0.011639893986284733,
    0.0021657240577042103,
    0.01658567227423191,
    0.04656504839658737,
    0.3871009647846222,
    0.14705075323581696,
    0.423397421836853,
    1.7118641138076782,
    1.0933884382247925,
    0.17127829790115356,
    0.012142382562160492,
    0.1639116406440735,
    3.381155490875244,
    0.5309441685676575,
    1.2443609237670898,
    1.4834297895431519,
    0.10331691801548004,
    0.029431765899062157,
    0.9307245016098022,
    1.0230920314788818,
    0.14019975066184998,
    0.0003032589447684586,
    0.00049637007759884,
    1.0207849740982056,
    2.712153673171997,
    0.002672063885256648,
    0.012527386657893658,
    0.11499582231044769,
    0.621857762336731,
    0.5732111930847168,
    1.122407078742981,
    0.05342840775847435,
    0.990473210811615,
    0.1053430512547493,
    1.4595781564712524,
    0.2776809632778168,
    0.48371198773384094,
    0.011862743645906448,
    0.04994330555200577,
    1.505934476852417,
    2.037579298019409,
    0.10684097558259964,
    0.2918773293495178,
    1.6167725324630737,
    0.3462925851345062,
    0.06539425253868103,
    0.13544297218322754,
    1.6197751760482788,
    5.866512219654396e-05,
    0.014120206236839294,
    0.2544470429420471,
    0.16164690256118774,
    0.26268354058265686
  ],
  "n_selection_used": 53,
  "training_macs": 2582415,
  "n_train_used": 141,
  "actual_epochs": 111,
  "selection_cost": null,
  "config": {
    "d": 10,
    "lr": 0.01,
    "patience": 60,
    "min_delta": 0.0001,
    "batch_size": 141,
    "epoch_cap": 6000,
    "test_fraction": 0.2,
    "max_train": null,
    "fraction_pct": 15
  },
  "constants": {
    "selection_fraction": {
      "source": "/home/ff235/dev/MLResearch/automl/automl_package/examples/capacity_ladder_results/WSEL6/frozen.json",
      "fraction": 0.15,
      "fraction_pct": 15
    },
    "width_ladder": {
      "source": "/home/ff235/dev/MLResearch/automl/automl_package/examples/capacity_ladder_results/WSEL8/hetero_0.json",
      "w_max": 12
    },
    "router": {
      "source": "/home/ff235/dev/MLResearch/automl/automl_package/examples/capacity_ladder_results/WSEL7/frozen.json",
      "invariant": false,
      "ratified_default": {
        "hidden": 32,
        "depth": 2,
        "epochs": 300,
        "lr": 0.01
      },