{
  "dataset": "diabetes",
  "seed": 0,
  "arm": "w_sweep",
  "width": 3,
  "held_out_mse": 3327.489990234375,
  "held_out_trajectory": [
    [
      1,
      0.9424441456794739
    ],
    [
      2,
      0.8716371059417725
    ],
    [
      3,
      0.8104313611984253
    ],
    [
      4,
      0.7584157586097717
    ],
    [
      5,
      0.7153716087341309
    ],
    [
      6,
      0.6802021265029907
    ],
    [
      7,
      0.6513218879699707
    ],
    [
      8,
      0.6272217631340027
    ],
    [
      9,
      0.6067750453948975
    ],
    [
      10,
      0.589289665222168
    ],
    [
      11,
      0.5744202136993408
    ],
    [
      12,
      0.5620211958885193
    ],
    [
      13,
      0.5519751906394958
    ],
    [
      14,
      0.5440439581871033
    ],
    [
      15,
      0.5378144979476929
    ],
    [
      16,
      0.5327849388122559
    ],
    [
      17,
      0.528522253036499
    ],
    [
      18,
      0.5247675776481628
    ],
    [
      19,
      0.5214515328407288
    ],
    [
      20,
      0.5186483860015869
    ],
    [
      21,
      0.5165070295333862
    ],
    [
      22,
      0.5151803493499756
    ],
    [
      23,
      0.5147629976272583
    ],
    [
      24,
      0.515251100063324
    ],
    [
      25,
      0.5165322422981262
    ],
    [
      26,
      0.518410325050354
    ],
    [
      27,
      0.5206575989723206
    ],
    [
      28,
      0.5230733156204224
    ],
    [
      29,
      0.5255234837532043
    ],
    [
      30,
      0.5279486775398254
    ],
    [
      31,
      0.5303413271903992
    ],
    [
      32,
      0.532710611820221
    ],
    [
      33,
      0.5350522994995117
    ],
    [
      34,
      0.5373355150222778
    ],
    [
      35,
      0.5395088195800781
    ],
    [
      36,
      0.5415207147598267
    ],
    [
      37,
      0.5433412194252014
    ],
    [
      38,
      0.5449756979942322
    ],
    [
      39,
      0.5464637875556946
    ],
    [
      40,
      0.5478649735450745
    ],
    [
      41,
      0.5492362976074219
    ],
    [
      42,
      0.5506136417388916
    ],
    [
      43,
      0.5520023107528687
    ],
    [
      44,
      0.5533829927444458
    ],
    [
      45,
      0.5547267198562622
    ],
    [
      46,
      0.5560147166252136
    ],
    [
      47,
      0.5572494268417358
    ],
    [
      48,
      0.5584559440612793
    ],
    [
      49,
      0.5596715211868286
    ],
    [
      50,
      0.5609296560287476
    ],
    [
      51,
      0.5622469782829285
    ],
    [
      52,
      0.5636184215545654
    ],
    [
      53,
      0.5650215148925781
    ],
    [
      54,
      0.566426157951355
    ],
    [
      55,
      0.5678046345710754
    ],
    [
      56,
      0.5691359043121338
    ],
    [
      57,
      0.5704047083854675
    ],
    [
      58,
      0.5715980529785156
    ],
    [
      59,
      0.5727042555809021
    ],
    [
      60,
      0.5737156271934509
    ],
    [
      61,
      0.5746363401412964
    ],
    [
      62,
      0.5754871964454651
    ],
    [
      63,
      0.5763075947761536
    ],
    [
      64,
      0.5771501064300537
    ],
    [
      65,
      0.578070878982544
    ],
    [
      66,
      0.5791193842887878
    ],
    [
      67,
      0.5803316235542297
    ],
    [
      68,
      0.5817269682884216
    ],
    [
      69,
      0.5833076238632202
    ],
    [
      70,
      0.5850598812103271
    ],
    [
      71,
      0.5869555473327637
    ],
    [
      72,
      0.5889542102813721
    ],
    [
      73,
      0.5910080671310425
    ],
    [
      74,
      0.5930685997009277
    ],
    [
      75,
      0.5950917601585388
    ],
    [
      76,
      0.5970418453216553
    ],
    [
      77,
      0.5988922715187073
    ],
    [
      78,
      0.6006228923797607
    ],
    [
      79,
      0.602219820022583
    ],
    [
      80,
      0.603675127029419
    ],
    [
      81,
      0.6049886345863342
    ],
    [
      82,
      0.6061684489250183
    ],
    [
      83,
      0.6072302460670471
    ]
  ],
  "trustworthy": true,
  "hit_cap": false,
  "converged": true,
  "trajectory_applicable": true,
  "select_squared_error": [
    0.10564959794282913,
    2.49104905128479,
    2.901397466659546,
    0.2450629472732544,
    0.010907452553510666,
    0.026293056085705757,
    0.07412029057741165,
    0.9190056920051575,
    1.1263269186019897,
    0.15771281719207764,
    1.5627473592758179,
    1.012367606163025,
    0.10965779423713684,
    0.5625057220458984,
    1.8371574878692627,
    0.8252021670341492,
    0.3427902162075043,
    0.1616681069135666,
    0.1318182349205017,
    1.0316331386566162,
    0.4532662332057953,
    0.07188881188631058,
    1.3342865705490112,
    1.0287147760391235,
    0.7493020296096802,
    0.07591298967599869,
    0.3806123435497284,
    1.3202714920043945,
    0.014130719006061554,
    2.354325532913208,
    0.002670092275366187,
    1.9652963876724243,
    0.43293309211730957,
    0.15787672996520996,
    0.5411830544471741,
    0.14553163945674896,
    1.7415835857391357,
    2.7237348556518555,
    6.024893283843994,
    0.6731357574462891,
    0.1701778620481491,
    0.0003234361356589943,
    0.23089927434921265,
    0.039395686239004135,
    0.4944632351398468,
    0.2534637451171875,
    0.00067703309468925,
    0.013827354647219181,
    3.2053658962249756,
    0.1429547518491745,
    0.06115888059139252,
    0.00552355358377099,
    0.0032958947122097015
  ],
  "n_selection_used": 53,
  "training_macs": 1158597,
  "n_train_used": 141,
  "actual_epochs": 83,
  "selection_cost": null,
  "config": {
    "d": 10,
    "lr": 0.01,
    "patience": 60,
    "min_delta": 0.0001,
    "batch_size": 141,
    "epoch_cap": 6000,
    "test_fraction": 0.2,
    "max_train": null,
    "fraction_pct": 15
  },
  "constants": {
    "selection_fraction": {
      "source": "/home/ff235/dev/MLResearch/automl/automl_package/examples/capacity_ladder_results/WSEL6/frozen.json",
      "fraction": 0.15,
      "fraction_pct": 15
    },
    "width_ladder": {
      "source": "/home/ff235/dev/MLResearch/automl/automl_package/examples/capacity_ladder_results/WSEL8/hetero_0.json",
      "w_max": 12
    },
    "router": {
      "source": "/home/ff235/dev/MLResearch/automl/automl_package/examples/capacity_ladder_results/WSEL7/frozen.json",
      "invariant": false,
      "ratified_default": {
        "hidden": 32,
        "depth": 2,
        "epochs": 300,
        "lr": 0.01
      },
      "ruling": "width.md WSEL-7 2026-07-22 sign-off ruling 1: frozen default STAYS, new_default NOT adopted"
    }
  },
  "provenance": {
    "timestamp_utc": "2026-07-22T18:32:35+00:00",
    "git": {
      "commit": "2a22061a952104f39e07bd32de1771791876c6d9",
      "dirty": false
    },
    "python": "3.12.13",
    "torch": "2.10.0+xpu",
    "numpy": "2.4.3",
    "platform": "Linux-7.1.3-200.fc44.x86_64-x86_64-with-glibc2.43",
    "threads": {
      "omp_num_threads": "4",
      "torch_num_threads": 4,
      "cpu_count": 22
    },
    "automl_device": "cpu"
  }
}