{
  "dataset": "diabetes",
  "seed": 2,
  "arm": "w_sweep",
  "width": 2,
  "held_out_mse": 3485.5185546875,
  "held_out_trajectory": [
    [
      1,
      1.0380051136016846
    ],
    [
      2,
      1.0128446817398071
    ],
    [
      3,
      0.9899721145629883
    ],
    [
      4,
      0.969132661819458
    ],
    [
      5,
      0.9500067830085754
    ],
    [
      6,
      0.9322531819343567
    ],
    [
      7,
      0.9155455827713013
    ],
    [
      8,
      0.8996224999427795
    ],
    [
      9,
      0.8843034505844116
    ],
    [
      10,
      0.8694764971733093
    ],
    [
      11,
      0.8550801873207092
    ],
    [
      12,
      0.841090738773346
    ],
    [
      13,
      0.8274986147880554
    ],
    [
      14,
      0.8142867088317871
    ],
    [
      15,
      0.8014171123504639
    ],
    [
      16,
      0.7888278961181641
    ],
    [
      17,
      0.7764376997947693
    ],
    [
      18,
      0.764156699180603
    ],
    [
      19,
      0.7519007325172424
    ],
    [
      20,
      0.7396027445793152
    ],
    [
      21,
      0.7272221446037292
    ],
    [
      22,
      0.7147461771965027
    ],
    [
      23,
      0.7021896243095398
    ],
    [
      24,
      0.6895902156829834
    ],
    [
      25,
      0.6770035624504089
    ],
    [
      26,
      0.6644976735115051
    ],
    [
      27,
      0.6521493792533875
    ],
    [
      28,
      0.640038788318634
    ],
    [
      29,
      0.6282473802566528
    ],
    [
      30,
      0.616854190826416
    ],
    [
      31,
      0.6059338450431824
    ],
    [
      32,
      0.5955544710159302
    ],
    [
      33,
      0.5857758522033691
    ],
    [
      34,
      0.5766487121582031
    ],
    [
      35,
      0.5682127475738525
    ],
    [
      36,
      0.5604963898658752
    ],
    [
      37,
      0.5535158514976501
    ],
    [
      38,
      0.5472743511199951
    ],
    [
      39,
      0.5417616963386536
    ],
    [
      40,
      0.5369535684585571
    ],
    [
      41,
      0.532811164855957
    ],
    [
      42,
      0.5292810797691345
    ],
    [
      43,
      0.5262954831123352
    ],
    [
      44,
      0.523773729801178
    ],
    [
      45,
      0.5216251611709595
    ],
    [
      46,
      0.5197534561157227
    ],
    [
      47,
      0.5180633068084717
    ],
    [
      48,
      0.5164671540260315
    ],
    [
      49,
      0.5148922801017761
    ],
    [
      50,
      0.5132863521575928
    ],
    [
      51,
      0.5116201043128967
    ],
    [
      52,
      0.5098874568939209
    ],
    [
      53,
      0.508102536201477
    ],
    [
      54,
      0.5062944889068604
    ],
    [
      55,
      0.504501223564148
    ],
    [
      56,
      0.5027639865875244
    ],
    [
      57,
      0.5011210441589355
    ],
    [
      58,
      0.49960485100746155
    ],
    [
      59,
      0.4982396364212036
    ],
    [
      60,
      0.49704137444496155
    ],
    [
      61,
      0.49601873755455017
    ],
    [
      62,
      0.49517473578453064
    ],
    [
      63,
      0.49450820684432983
    ],
    [
      64,
      0.4940153658390045
    ],
    [
      65,
      0.49369075894355774
    ],
    [
      66,
      0.4935264587402344
    ],
    [
      67,
      0.49351251125335693
    ],
    [
      68,
      0.49363577365875244
    ],
    [
      69,
      0.49387916922569275
    ],
    [
      70,
      0.49422189593315125
    ],
    [
      71,
      0.4946398138999939
    ],
    [
      72,
      0.49510657787323
    ],
    [
      73,
      0.4955955743789673
    ],
    [
      74,
      0.496081680059433
    ],
    [
      75,
      0.49654340744018555
    ],
    [
      76,
      0.4969649314880371
    ],
    [
      77,
      0.49733665585517883
    ],
    [
      78,
      0.49765655398368835
    ],
    [
      79,
      0.4979294538497925
    ],
    [
      80,
      0.49816668033599854
    ],
    [
      81,
      0.4983848035335541
    ],
    [
      82,
      0.4986039698123932
    ],
    [
      83,
      0.49884679913520813
    ],
    [
      84,
      0.4991362988948822
    ],
    [
      85,
      0.499494343996048
    ],
    [
      86,
      0.4999404549598694
    ],
    [
      87,
      0.5004908442497253
    ],
    [
      88,
      0.5011575222015381
    ],
    [
      89,
      0.5019475221633911
    ],
    [
      90,
      0.5028628706932068
    ],
    [
      91,
      0.503900408744812
    ],
    [
      92,
      0.5050519108772278
    ],
    [
      93,
      0.5063044428825378
    ],
    [
      94,
      0.5076413154602051
    ],
    [
      95,
      0.5090429782867432
    ],
    [
      96,
      0.5104880928993225
    ],
    [
      97,
      0.5119546055793762
    ],
    [
      98,
      0.5134217143058777
    ],
    [
      99,
      0.5148704051971436
    ],
    [
      100,
      0.5162842273712158
    ],
    [
      101,
      0.5176504254341125
    ],
    [
      102,
      0.5189599990844727
    ],
    [
      103,
      0.5202069878578186
    ],
    [
      104,
      0.5213888883590698
    ],
    [
      105,
      0.5225053429603577
    ],
    [
      106,
      0.5235579609870911
    ],
    [
      107,
      0.5245492458343506
    ],
    [
      108,
      0.5254823565483093
    ],
    [
      109,
      0.5263604521751404
    ],
    [
      110,
      0.5271865129470825
    ],
    [
      111,
      0.5279636383056641
    ],
    [
      112,
      0.5286945700645447
    ],
    [
      113,
      0.5293822884559631
    ],
    [
      114,
      0.5300302505493164
    ],
    [
      115,
      0.5306424498558044
    ],
    [
      116,
      0.5312234163284302
    ],
    [
      117,
      0.5317785739898682
    ],
    [
      118,
      0.5323140621185303
    ],
    [
      119,
      0.5328365564346313
    ],
    [
      120,
      0.5333532691001892
    ],
    [
      121,
      0.5338714122772217
    ],
    [
      122,
      0.5343981981277466
    ],
    [
      123,
      0.5349400043487549
    ],
    [
      124,
      0.5355026721954346
    ],
    [
      125,
      0.5360907316207886
    ],
    [
      126,
      0.5367074608802795
    ],
    [
      127,
      0.537354588508606
    ]
  ],
  "trustworthy": true,
  "hit_cap": false,
  "converged": true,
  "trajectory_applicable": true,
  "select_squared_error": [
    0.013824060559272766,
    0.004618135280907154,
    0.1168292984366417,
    0.07428011298179626,
    0.3186783790588379,
    0.16802911460399628,
    0.26315727829933167,
    1.7608891725540161,
    1.1012725830078125,
    0.1695491224527359,
    0.002163283759728074,
    0.5162472724914551,
    2.39054274559021,
    0.29148009419441223,
    0.9392825961112976,
    2.198946237564087,
    0.038255151361227036,
    0.006798135582357645,
    1.0080488920211792,
    1.0626630783081055,
    0.17766804993152618,
    0.04645279794931412,
    0.009890404529869556,
    0.7200842499732971,
    2.7334704399108887,
    0.040888093411922455,
    0.2465255856513977,
    0.4003280997276306,
    0.85140460729599,
    0.48419812321662903,
    1.1993705034255981,
    0.06314808130264282,
    1.292955756187439,
    0.02275644615292549,
    1.4124963283538818,
    0.46106386184692383,
    0.3591369390487671,
    0.003264631377533078,
    0.03822631761431694,
    1.3301523923873901,
    1.968973994255066,
    0.039924588054418564,
    0.8415719270706177,
    2.1590099334716797,
    0.3449915051460266,
    0.08812613040208817,
    0.0640304833650589,
    0.9709120392799377,
    6.136715819593519e-05,
    0.00013467106327880174,
    0.37954339385032654,
    0.2649708688259125,
    0.14210273325443268
  ],
  "n_selection_used": 53,
  "training_macs": 1181862,
  "n_train_used": 141,
  "actual_epochs": 127,
  "selection_cost": null,
  "config": {
    "d": 10,
    "lr": 0.01,
    "patience": 60,
    "min_delta": 0.0001,
    "batch_size": 141,
    "epoch_cap": 6000,
    "test_fraction": 0.2,
    "max_train": null,