{
  "dataset": "diabetes",
  "seed": 2,
  "arm": "w_sweep",
  "width": 3,
  "held_out_mse": 3447.17041015625,
  "held_out_trajectory": [
    [
      1,
      0.9879984259605408
    ],
    [
      2,
      0.9545664191246033
    ],
    [
      3,
      0.9236164093017578
    ],
    [
      4,
      0.8955004215240479
    ],
    [
      5,
      0.870309054851532
    ],
    [
      6,
      0.8477597832679749
    ],
    [
      7,
      0.8273894190788269
    ],
    [
      8,
      0.8086676597595215
    ],
    [
      9,
      0.7910481095314026
    ],
    [
      10,
      0.7740235328674316
    ],
    [
      11,
      0.7571902871131897
    ],
    [
      12,
      0.7402932643890381
    ],
    [
      13,
      0.7232334613800049
    ],
    [
      14,
      0.70604407787323
    ],
    [
      15,
      0.6888497471809387
    ],
    [
      16,
      0.671820342540741
    ],
    [
      17,
      0.6551344394683838
    ],
    [
      18,
      0.6389563083648682
    ],
    [
      19,
      0.6234273910522461
    ],
    [
      20,
      0.6086657047271729
    ],
    [
      21,
      0.5947699546813965
    ],
    [
      22,
      0.5818236470222473
    ],
    [
      23,
      0.5698969960212708
    ],
    [
      24,
      0.5590453743934631
    ],
    [
      25,
      0.5493037104606628
    ],
    [
      26,
      0.540679931640625
    ],
    [
      27,
      0.5331491827964783
    ],
    [
      28,
      0.5266543626785278
    ],
    [
      29,
      0.5211124420166016
    ],
    [
      30,
      0.5164201259613037
    ],
    [
      31,
      0.5124583840370178
    ],
    [
      32,
      0.5090940594673157
    ],
    [
      33,
      0.5061885714530945
    ],
    [
      34,
      0.5036089420318604
    ],
    [
      35,
      0.5012412071228027
    ],
    [
      36,
      0.4990016222000122
    ],
    [
      37,
      0.4968429207801819
    ],
    [
      38,
      0.4947560727596283
    ],
    [
      39,
      0.49276670813560486
    ],
    [
      40,
      0.4909275472164154
    ],
    [
      41,
      0.4893084168434143
    ],
    [
      42,
      0.48798465728759766
    ],
    [
      43,
      0.4870258867740631
    ],
    [
      44,
      0.48648717999458313
    ],
    [
      45,
      0.48640161752700806
    ],
    [
      46,
      0.4867783784866333
    ],
    [
      47,
      0.4876018166542053
    ],
    [
      48,
      0.488836407661438
    ],
    [
      49,
      0.49043020606040955
    ],
    [
      50,
      0.49232202768325806
    ],
    [
      51,
      0.49444544315338135
    ],
    [
      52,
      0.49673324823379517
    ],
    [
      53,
      0.4991191625595093
    ],
    [
      54,
      0.5015393495559692
    ],
    [
      55,
      0.5039319396018982
    ],
    [
      56,
      0.5062379240989685
    ],
    [
      57,
      0.5084007978439331
    ],
    [
      58,
      0.5103680491447449
    ],
    [
      59,
      0.5120925903320312
    ],
    [
      60,
      0.5135354995727539
    ],
    [
      61,
      0.514667809009552
    ],
    [
      62,
      0.5154727697372437
    ],
    [
      63,
      0.5159472227096558
    ],
    [
      64,
      0.5161016583442688
    ],
    [
      65,
      0.5159597992897034
    ],
    [
      66,
      0.5155560970306396
    ],
    [
      67,
      0.5149334669113159
    ],
    [
      68,
      0.5141399502754211
    ],
    [
      69,
      0.5132251977920532
    ],
    [
      70,
      0.5122377872467041
    ],
    [
      71,
      0.5112226605415344
    ],
    [
      72,
      0.5102196931838989
    ],
    [
      73,
      0.5092625617980957
    ],
    [
      74,
      0.5083785653114319
    ],
    [
      75,
      0.5075889825820923
    ],
    [
      76,
      0.506909191608429
    ],
    [
      77,
      0.5063495635986328
    ],
    [
      78,
      0.5059158802032471
    ],
    [
      79,
      0.5056093335151672
    ],
    [
      80,
      0.5054276585578918
    ],
    [
      81,
      0.5053650140762329
    ],
    [
      82,
      0.5054124593734741
    ],
    [
      83,
      0.5055587887763977
    ],
    [
      84,
      0.5057910084724426
    ],
    [
      85,
      0.5060951709747314
    ],
    [
      86,
      0.5064566731452942
    ],
    [
      87,
      0.50686115026474
    ],
    [
      88,
      0.5072941780090332
    ],
    [
      89,
      0.5077418088912964
    ],
    [
      90,
      0.508190393447876
    ],
    [
      91,
      0.5086259841918945
    ],
    [
      92,
      0.5090348124504089
    ],
    [
      93,
      0.5094029307365417
    ],
    [
      94,
      0.5097164511680603
    ],
    [
      95,
      0.5099620819091797
    ],
    [
      96,
      0.5101274847984314
    ],
    [
      97,
      0.5102017521858215
    ],
    [
      98,
      0.5101763606071472
    ],
    [
      99,
      0.5100453495979309
    ],
    [
      100,
      0.5098058581352234
    ],
    [
      101,
      0.5094582438468933
    ],
    [
      102,
      0.5090057253837585
    ],
    [
      103,
      0.508454442024231
    ],
    [
      104,
      0.5078129172325134
    ],
    [
      105,
      0.5070912837982178
    ]
  ],
  "trustworthy": true,
  "hit_cap": false,
  "converged": true,
  "trajectory_applicable": true,
  "select_squared_error": [
    0.022413602098822594,
    0.013930464163422585,
    0.10218507051467896,
    0.11345145106315613,
    0.30010318756103516,
    0.27290812134742737,
    0.2638787627220154,
    1.7827098369598389,
    0.8385835886001587,
    0.14402534067630768,
    0.013504275120794773,
    0.4395522177219391,
    2.0295302867889404,
    0.20767852663993835,
    1.0941334962844849,
    1.6801626682281494,
    0.08106804639101028,
    0.02068912610411644,
    0.7473267316818237,
    1.3152339458465576,
    0.21070857346057892,
    0.011429153382778168,
    0.010596019215881824,
    0.7470203638076782,
    2.899912118911743,
    0.031349822878837585,
    0.0923711508512497,
    0.15411826968193054,
    0.7964999675750732,
    0.6098230481147766,
    0.9948143362998962,
    0.1610548496246338,
    1.1058156490325928,
    0.04984646663069725,
    1.3736598491668701,
    0.28432297706604004,
    0.5710451602935791,
    0.01574140042066574,
    0.0254024937748909,
    1.6832046508789062,
    1.9319531917572021,
    0.006807257421314716,
    0.5153173208236694,
    1.8087451457977295,
    0.2775326073169708,
    0.08755157887935638,
    0.02737424708902836,
    1.1013929843902588,
    0.0489925816655159,
    0.004619302228093147,
    0.41283848881721497,
    0.2799510359764099,
    0.035414885729551315
  ],
  "n_selection_used": 53,
  "training_macs": 1465695,
  "n_train_used": 141,
  "actual_epochs": 105,
  "selection_cost": null,
  "config": {
    "d": 10,
    "lr": 0.01,
    "patience": 60,
    "min_delta": 0.0001,
    "batch_size": 141,
    "epoch_cap": 6000,
    "test_fraction": 0.2,
    "max_train": null,
    "fraction_pct": 15
  },
  "constants": {
    "selection_fraction": {
      "source": "/home/ff235/dev/MLResearch/automl/automl_package/examples/capacity_ladder_results/WSEL6/frozen.json",
      "fraction": 0.15,
      "fraction_pct": 15
    },
    "width_ladder": {
      "source": "/home/ff235/dev/MLResearch/automl/automl_package/examples/capacity_ladder_results/WSEL8/hetero_0.json",
      "w_max": 12
    },
    "router": {
      "source": "/home/ff235/dev/MLResearch/automl/automl_package/examples/capacity_ladder_results/WSEL7/frozen.json",
      "invariant": false,
      "ratified_default": {
        "hidden": 32,
        "depth": 2,
        "epochs": 300,
        "lr": 0.01
      },
      "ruling": "width.md WSEL-7 2026-07-22 sign-off ruling 1: frozen default STAYS, new_default NOT adopted"
    }
  },
  "provenance": {
    "timestamp_utc": "2026-07-22T18:33:59+00:00",
    "git": {
      "commit": "2a22061a952104f39e07bd32de1771791876c6d9",
      "dirty": true
    },
    "python": "3.12.13",
    "torch": "2.10.0+xpu",
    "numpy": "2.4.3",