{
  "dataset": "diabetes",
  "seed": 1,
  "arm": "w_sweep",
  "width": 9,
  "held_out_mse": 4330.1708984375,
  "held_out_trajectory": [
    [
      1,
      0.9461807608604431
    ],
    [
      2,
      0.8915350437164307
    ],
    [
      3,
      0.8570373058319092
    ],
    [
      4,
      0.8404226303100586
    ],
    [
      5,
      0.8372400999069214
    ],
    [
      6,
      0.8415476679801941
    ],
    [
      7,
      0.8475444316864014
    ],
    [
      8,
      0.8517113924026489
    ],
    [
      9,
      0.852554976940155
    ],
    [
      10,
      0.8496618270874023
    ],
    [
      11,
      0.8432538509368896
    ],
    [
      12,
      0.8339428305625916
    ],
    [
      13,
      0.8225417137145996
    ],
    [
      14,
      0.8099245429039001
    ],
    [
      15,
      0.7969436049461365
    ],
    [
      16,
      0.7843757271766663
    ],
    [
      17,
      0.7728486657142639
    ],
    [
      18,
      0.7627663612365723
    ],
    [
      19,
      0.7542750835418701
    ],
    [
      20,
      0.7472934722900391
    ],
    [
      21,
      0.7415945529937744
    ],
    [
      22,
      0.7369145154953003
    ],
    [
      23,
      0.7330429553985596
    ],
    [
      24,
      0.7298669219017029
    ],
    [
      25,
      0.7273708581924438
    ],
    [
      26,
      0.7256025671958923
    ],
    [
      27,
      0.7246261239051819
    ],
    [
      28,
      0.7244739532470703
    ],
    [
      29,
      0.7251114845275879
    ],
    [
      30,
      0.726421594619751
    ],
    [
      31,
      0.7282096147537231
    ],
    [
      32,
      0.7302279472351074
    ],
    [
      33,
      0.7322123050689697
    ],
    [
      34,
      0.7339192628860474
    ],
    [
      35,
      0.7351588606834412
    ],
    [
      36,
      0.7358129024505615
    ],
    [
      37,
      0.7358402609825134
    ],
    [
      38,
      0.7352687120437622
    ],
    [
      39,
      0.734180212020874
    ],
    [
      40,
      0.732692301273346
    ],
    [
      41,
      0.7309399843215942
    ],
    [
      42,
      0.7290597558021545
    ],
    [
      43,
      0.7271791696548462
    ],
    [
      44,
      0.7254089117050171
    ],
    [
      45,
      0.7238395810127258
    ],
    [
      46,
      0.7225393652915955
    ],
    [
      47,
      0.7215544581413269
    ],
    [
      48,
      0.7209087014198303
    ],
    [
      49,
      0.7206037044525146
    ],
    [
      50,
      0.7206190824508667
    ],
    [
      51,
      0.7209122180938721
    ],
    [
      52,
      0.7214221358299255
    ],
    [
      53,
      0.7220726013183594
    ],
    [
      54,
      0.7227802276611328
    ],
    [
      55,
      0.7234625220298767
    ],
    [
      56,
      0.7240474224090576
    ],
    [
      57,
      0.7244813442230225
    ],
    [
      58,
      0.7247346043586731
    ],
    [
      59,
      0.7248035669326782
    ],
    [
      60,
      0.724708616733551
    ],
    [
      61,
      0.7244895100593567
    ],
    [
      62,
      0.7241978049278259
    ],
    [
      63,
      0.723889172077179
    ],
    [
      64,
      0.7236163020133972
    ],
    [
      65,
      0.7234230637550354
    ],
    [
      66,
      0.7233396172523499
    ],
    [
      67,
      0.7233810424804688
    ],
    [
      68,
      0.7235465049743652
    ],
    [
      69,
      0.723819375038147
    ],
    [
      70,
      0.7241693735122681
    ],
    [
      71,
      0.724555492401123
    ],
    [
      72,
      0.7249287962913513
    ],
    [
      73,
      0.7252371311187744
    ],
    [
      74,
      0.7254305481910706
    ],
    [
      75,
      0.7254648804664612
    ],
    [
      76,
      0.7253077030181885
    ],
    [
      77,
      0.7249405384063721
    ],
    [
      78,
      0.7243611216545105
    ],
    [
      79,
      0.7235829830169678
    ],
    [
      80,
      0.7226332426071167
    ],
    [
      81,
      0.721548855304718
    ],
    [
      82,
      0.7203717231750488
    ],
    [
      83,
      0.7191442251205444
    ],
    [
      84,
      0.7179043889045715
    ],
    [
      85,
      0.7166829705238342
    ],
    [
      86,
      0.7155001163482666
    ],
    [
      87,
      0.7143659591674805
    ],
    [
      88,
      0.7132802605628967
    ],
    [
      89,
      0.7122340202331543
    ],
    [
      90,
      0.711212694644928
    ],
    [
      91,
      0.7101988196372986
    ],
    [
      92,
      0.7091758847236633
    ],
    [
      93,
      0.7081315517425537
    ],
    [
      94,
      0.7070599794387817
    ],
    [
      95,
      0.705963671207428
    ],
    [
      96,
      0.7048529386520386
    ],
    [
      97,
      0.7037450075149536
    ],
    [
      98,
      0.7026606798171997
    ],
    [
      99,
      0.7016215920448303
    ],
    [
      100,
      0.7006461024284363
    ],
    [
      101,
      0.6997469663619995
    ],
    [
      102,
      0.6989281177520752
    ],
    [
      103,
      0.6981847882270813
    ],
    [
      104,
      0.6975029706954956
    ],
    [
      105,
      0.6968611478805542
    ],
    [
      106,
      0.6962332725524902
    ],
    [
      107,
      0.6955918669700623
    ],
    [
      108,
      0.6949114203453064
    ],
    [
      109,
      0.6941721439361572
    ],
    [
      110,
      0.6933616399765015
    ],
    [
      111,
      0.6924770474433899
    ],
    [
      112,
      0.6915241479873657
    ],
    [
      113,
      0.6905156970024109
    ],
    [
      114,
      0.6894696950912476
    ],
    [
      115,
      0.6884050965309143
    ],
    [
      116,
      0.6873400211334229
    ],
    [
      117,
      0.6862876415252686
    ],
    [
      118,
      0.6852561235427856
    ],
    [
      119,
      0.6842465400695801
    ],
    [
      120,
      0.6832549571990967
    ],
    [
      121,
      0.6822732090950012
    ],
    [
      122,
      0.6812917590141296
    ],
    [
      123,
      0.6803019642829895
    ],
    [
      124,
      0.6792985200881958
    ],
    [
      125,
      0.6782807111740112
    ],
    [
      126,
      0.6772530674934387
    ],
    [
      127,
      0.6762241125106812
    ],
    [
      128,
      0.675205409526825
    ],
    [
      129,
      0.6742085218429565
    ],
    [
      130,
      0.6732441782951355
    ],
    [
      131,
      0.6723193526268005
    ],
    [
      132,
      0.6714374423027039
    ],
    [
      133,
      0.6705983281135559
    ],
    [
      134,
      0.6697990894317627
    ],
    [
      135,
      0.6690359115600586
    ],
    [
      136,
      0.6683059334754944
    ],
    [
      137,
      0.6676087379455566
    ],
    [
      138,
      0.666947066783905
    ],
    [
      139,
      0.6663264036178589
    ],
    [
      140,
      0.6657552719116211
    ],
    [
      141,
      0.6652424931526184
    ],
    [
      142,
      0.6647972464561462
    ],
    [
      143,
      0.6644273400306702
    ],
    [
      144,
      0.6641390323638916
    ],
    [
      145,
      0.6639366149902344
    ],
    [
      146,
      0.6638233661651611
    ],
    [
      147,
      0.6638012528419495
    ],
    [
      148,
      0.6638712882995605
    ],
    [
      149,
      0.6640334129333496
    ],
    [
      150,
      0.6642856597900391
    ],
    [
      151,
      0.6646237969398499
    ],
    [
      152,
      0.6650413870811462
    ],
    [
      153,
      0.6655294895172119
    ],
    [
      154,
      0.666078507900238
    ],
    [
      155,
      0.6666796207427979
    ],
    [
      156,
      0.6673263907432556
    ],
    [
      157,
      0.6680165529251099
    ],
    [
      158,
      0.6687519550323486
    ],
    [
      159,
      0.6695377826690674
    ],
    [
      160,
      0.6703808307647705
    ],
    [
      161,
      0.6712874174118042
    ],
    [
      162,
      0.6722606420516968
    ],
    [
      163,
      0.6732997894287109
