{
  "dataset": "diabetes",
  "seed": 0,
  "arm": "w_sweep",
  "width": 5,
  "held_out_mse": 3123.04296875,
  "held_out_trajectory": [
    [
      1,
      1.008018136024475
    ],
    [
      2,
      0.9425159096717834
    ],
    [
      3,
      0.8823927640914917
    ],
    [
      4,
      0.8266127109527588
    ],
    [
      5,
      0.775326132774353
    ],
    [
      6,
      0.7291862964630127
    ],
    [
      7,
      0.6887827515602112
    ],
    [
      8,
      0.6543497443199158
    ],
    [
      9,
      0.6256974339485168
    ],
    [
      10,
      0.6022723913192749
    ],
    [
      11,
      0.5832879543304443
    ],
    [
      12,
      0.5678771734237671
    ],
    [
      13,
      0.5552272200584412
    ],
    [
      14,
      0.5446723699569702
    ],
    [
      15,
      0.5357388854026794
    ],
    [
      16,
      0.5281442403793335
    ],
    [
      17,
      0.5217661261558533
    ],
    [
      18,
      0.5165895819664001
    ],
    [
      19,
      0.5126445293426514
    ],
    [
      20,
      0.5099461078643799
    ],
    [
      21,
      0.508449375629425
    ],
    [
      22,
      0.5080295205116272
    ],
    [
      23,
      0.5084899067878723
    ],
    [
      24,
      0.509589433670044
    ],
    [
      25,
      0.511076807975769
    ],
    [
      26,
      0.5127221345901489
    ],
    [
      27,
      0.5143383145332336
    ],
    [
      28,
      0.515794575214386
    ],
    [
      29,
      0.5170182585716248
    ],
    [
      30,
      0.5179909467697144
    ],
    [
      31,
      0.5187376737594604
    ],
    [
      32,
      0.5193118453025818
    ],
    [
      33,
      0.5197785496711731
    ],
    [
      34,
      0.5201987028121948
    ],
    [
      35,
      0.520616888999939
    ],
    [
      36,
      0.5210551023483276
    ],
    [
      37,
      0.5215141773223877
    ],
    [
      38,
      0.5219802260398865
    ],
    [
      39,
      0.5224350690841675
    ],
    [
      40,
      0.522864043712616
    ],
    [
      41,
      0.5232613682746887
    ],
    [
      42,
      0.5236307978630066
    ],
    [
      43,
      0.5239800810813904
    ],
    [
      44,
      0.5243162512779236
    ],
    [
      45,
      0.524638831615448
    ],
    [
      46,
      0.524937629699707
    ],
    [
      47,
      0.5251927971839905
    ],
    [
      48,
      0.5253793001174927
    ],
    [
      49,
      0.52547287940979
    ],
    [
      50,
      0.5254567861557007
    ],
    [
      51,
      0.525326669216156
    ],
    [
      52,
      0.525092601776123
    ],
    [
      53,
      0.5247787833213806
    ],
    [
      54,
      0.5244193077087402
    ],
    [
      55,
      0.5240534543991089
    ],
    [
      56,
      0.5237195491790771
    ],
    [
      57,
      0.5234495401382446
    ],
    [
      58,
      0.523266613483429
    ],
    [
      59,
      0.5231832265853882
    ],
    [
      60,
      0.5232019424438477
    ],
    [
      61,
      0.5233173370361328
    ],
    [
      62,
      0.523518979549408
    ],
    [
      63,
      0.5237931609153748
    ],
    [
      64,
      0.524125337600708
    ],
    [
      65,
      0.5245005488395691
    ],
    [
      66,
      0.5249040126800537
    ],
    [
      67,
      0.5253215432167053
    ],
    [
      68,
      0.5257384777069092
    ],
    [
      69,
      0.5261414647102356
    ],
    [
      70,
      0.5265181064605713
    ],
    [
      71,
      0.5268587470054626
    ],
    [
      72,
      0.5271567106246948
    ],
    [
      73,
      0.527409553527832
    ],
    [
      74,
      0.5276188254356384
    ],
    [
      75,
      0.5277901887893677
    ],
    [
      76,
      0.5279324054718018
    ],
    [
      77,
      0.5280559659004211
    ],
    [
      78,
      0.5281727313995361
    ],
    [
      79,
      0.5282941460609436
    ],
    [
      80,
      0.5284310579299927
    ],
    [
      81,
      0.5285933017730713
    ],
    [
      82,
      0.528790295124054
    ]
  ],
  "trustworthy": true,
  "hit_cap": false,
  "converged": true,
  "trajectory_applicable": true,
  "select_squared_error": [
    0.1615592986345291,
    1.6557902097702026,
    1.7262170314788818,
    0.10042641311883926,
    0.009583844803273678,
    0.029006436467170715,
    0.004577468615025282,
    1.7109243869781494,
    1.2238991260528564,
    0.019848044961690903,
    1.5895802974700928,
    0.8638043403625488,
    0.4586908519268036,
    0.6089317202568054,
    2.151675224304199,
    0.6448384523391724,
    0.3178239166736603,
    0.08970657736063004,
    0.17464666068553925,
    0.8634078502655029,
    0.04153432697057724,
    0.1929892599582672,
    1.5500885248184204,
    0.28168877959251404,
    1.133734107017517,
    0.011601008474826813,
    0.09014973789453506,
    1.3343719244003296,
    0.04697660729289055,
    2.293062210083008,
    0.0992710068821907,
    1.510371208190918,
    0.16151021420955658,
    0.43393513560295105,
    0.1744399219751358,
    0.07284972071647644,
    1.6566696166992188,
    3.534731149673462,
    5.911650657653809,
    0.8236569166183472,
    0.20482534170150757,
    0.006194507237523794,
    0.14249542355537415,
    0.01387648843228817,
    0.21149860322475433,
    0.04739261791110039,
    0.009105730801820755,
    0.10866738110780716,
    1.9858344793319702,
    0.04805239662528038,
    0.03378472477197647,
    0.0021719306241720915,
    0.0534597709774971
  ],
  "n_selection_used": 53,
  "training_macs": 1907730,
  "n_train_used": 141,
  "actual_epochs": 82,
  "selection_cost": null,
  "config": {
    "d": 10,
    "lr": 0.01,
    "patience": 60,
    "min_delta": 0.0001,
    "batch_size": 141,
    "epoch_cap": 6000,
    "test_fraction": 0.2,
    "max_train": null,
    "fraction_pct": 15
  },
  "constants": {
    "selection_fraction": {
      "source": "/home/ff235/dev/MLResearch/automl/automl_package/examples/capacity_ladder_results/WSEL6/frozen.json",
      "fraction": 0.15,
      "fraction_pct": 15
    },
    "width_ladder": {
      "source": "/home/ff235/dev/MLResearch/automl/automl_package/examples/capacity_ladder_results/WSEL8/hetero_0.json",
      "w_max": 12
    },
    "router": {
      "source": "/home/ff235/dev/MLResearch/automl/automl_package/examples/capacity_ladder_results/WSEL7/frozen.json",
      "invariant": false,
      "ratified_default": {
        "hidden": 32,
        "depth": 2,
        "epochs": 300,
        "lr": 0.01
      },
      "ruling": "width.md WSEL-7 2026-07-22 sign-off ruling 1: frozen default STAYS, new_default NOT adopted"
    }
  },
  "provenance": {
    "timestamp_utc": "2026-07-22T18:32:44+00:00",
    "git": {
      "commit": "2a22061a952104f39e07bd32de1771791876c6d9",
      "dirty": true
    },
    "python": "3.12.13",
    "torch": "2.10.0+xpu",
    "numpy": "2.4.3",
    "platform": "Linux-7.1.3-200.fc44.x86_64-x86_64-with-glibc2.43",
    "threads": {
      "omp_num_threads": "4",
      "torch_num_threads": 4,
      "cpu_count": 22
    },
    "automl_device": "cpu"
  }
}