{
  "dataset": "diabetes",
  "seed": 2,
  "arm": "w_sweep",
  "width": 7,
  "held_out_mse": 3313.77978515625,
  "held_out_trajectory": [
    [
      1,
      1.283841848373413
    ],
    [
      2,
      1.1730639934539795
    ],
    [
      3,
      1.0734328031539917
    ],
    [
      4,
      0.9852992296218872
    ],
    [
      5,
      0.9091202616691589
    ],
    [
      6,
      0.8450815081596375
    ],
    [
      7,
      0.7930489778518677
    ],
    [
      8,
      0.752472996711731
    ],
    [
      9,
      0.7222955226898193
    ],
    [
      10,
      0.7009304165840149
    ],
    [
      11,
      0.6863813996315002
    ],
    [
      12,
      0.6764848232269287
    ],
    [
      13,
      0.6691815257072449
    ],
    [
      14,
      0.6627373695373535
    ],
    [
      15,
      0.655883252620697
    ],
    [
      16,
      0.6478546857833862
    ],
    [
      17,
      0.638343095779419
    ],
    [
      18,
      0.6274005174636841
    ],
    [
      19,
      0.6153345704078674
    ],
    [
      20,
      0.6026113033294678
    ],
    [
      21,
      0.5897723436355591
    ],
    [
      22,
      0.5773633122444153
    ],
    [
      23,
      0.5658732652664185
    ],
    [
      24,
      0.5556832551956177
    ],
    [
      25,
      0.5470298528671265
    ],
    [
      26,
      0.5399839878082275
    ],
    [
      27,
      0.5344506502151489
    ],
    [
      28,
      0.5301926732063293
    ],
    [
      29,
      0.5268728733062744
    ],
    [
      30,
      0.524111270904541
    ],
    [
      31,
      0.5215447545051575
    ],
    [
      32,
      0.5188777446746826
    ],
    [
      33,
      0.5159159302711487
    ],
    [
      34,
      0.5125773549079895
    ],
    [
      35,
      0.50888592004776
    ],
    [
      36,
      0.5049471259117126
    ],
    [
      37,
      0.5009170770645142
    ],
    [
      38,
      0.4969688653945923
    ],
    [
      39,
      0.49326181411743164
    ],
    [
      40,
      0.4899201989173889
    ],
    [
      41,
      0.48702043294906616
    ],
    [
      42,
      0.48459094762802124
    ],
    [
      43,
      0.48262059688568115
    ],
    [
      44,
      0.4810730516910553
    ],
    [
      45,
      0.47990429401397705
    ],
    [
      46,
      0.47907570004463196
    ],
    [
      47,
      0.4785633683204651
    ],
    [
      48,
      0.47835907340049744
    ],
    [
      49,
      0.4784659743309021
    ],
    [
      50,
      0.4788893461227417
    ],
    [
      51,
      0.47962623834609985
    ],
    [
      52,
      0.4806562662124634
    ],
    [
      53,
      0.48193657398223877
    ],
    [
      54,
      0.4834020435810089
    ],
    [
      55,
      0.48496946692466736
    ],
    [
      56,
      0.48654693365097046
    ],
    [
      57,
      0.4880441129207611
    ],
    [
      58,
      0.48938316106796265
    ],
    [
      59,
      0.49050676822662354
    ],
    [
      60,
      0.4913827180862427
    ],
    [
      61,
      0.49200451374053955
    ],
    [
      62,
      0.4923885762691498
    ],
    [
      63,
      0.49256739020347595
    ],
    [
      64,
      0.49258294701576233
    ],
    [
      65,
      0.4924798011779785
    ],
    [
      66,
      0.49229875206947327
    ],
    [
      67,
      0.49207401275634766
    ],
    [
      68,
      0.4918310344219208
    ],
    [
      69,
      0.49158769845962524
    ],
    [
      70,
      0.4913552701473236
    ],
    [
      71,
      0.49114111065864563
    ],
    [
      72,
      0.49094998836517334
    ],
    [
      73,
      0.49078547954559326
    ],
    [
      74,
      0.49064964056015015
    ],
    [
      75,
      0.49054303765296936
    ],
    [
      76,
      0.49046358466148376
    ],
    [
      77,
      0.4904063045978546
    ],
    [
      78,
      0.4903637170791626
    ],
    [
      79,
      0.49032652378082275
    ],
    [
      80,
      0.4902856647968292
    ],
    [
      81,
      0.4902341067790985
    ],
    [
      82,
      0.4901686906814575
    ],
    [
      83,
      0.4900910556316376
    ],
    [
      84,
      0.49000823497772217
    ],
    [
      85,
      0.48993152379989624
    ],
    [
      86,
      0.4898746907711029
    ],
    [
      87,
      0.48985210061073303
    ],
    [
      88,
      0.4898766279220581
    ],
    [
      89,
      0.4899577498435974
    ],
    [
      90,
      0.4901009798049927
    ],
    [
      91,
      0.49030718207359314
    ],
    [
      92,
      0.49057307839393616
    ],
    [
      93,
      0.49089229106903076
    ],
    [
      94,
      0.4912555515766144
    ],
    [
      95,
      0.4916520118713379
    ],
    [
      96,
      0.4920695722103119
    ],
    [
      97,
      0.49249589443206787
    ],
    [
      98,
      0.4929186999797821
    ],
    [
      99,
      0.49332618713378906
    ],
    [
      100,
      0.49370861053466797
    ],
    [
      101,
      0.49405860900878906
    ],
    [
      102,
      0.49437230825424194
    ],
    [
      103,
      0.4946496784687042
    ],
    [
      104,
      0.49489471316337585
    ],
    [
      105,
      0.4951149523258209
    ],
    [
      106,
      0.4953204393386841
    ],
    [
      107,
      0.4955233931541443
    ],
    [
      108,
      0.4957360029220581
    ]
  ],
  "trustworthy": true,
  "hit_cap": false,
  "converged": true,
  "trajectory_applicable": true,
  "select_squared_error": [
    0.01853935606777668,
    0.005661338102072477,
    0.21584050357341766,
    0.07074913382530212,
    0.2580772042274475,
    0.2255541980266571,
    0.4023951590061188,
    1.7764363288879395,
    1.1796075105667114,
    0.03025887720286846,
    2.747283724602312e-05,
    0.416810005903244,
    1.9457342624664307,
    0.3077545464038849,
    0.8461006283760071,
    1.2472634315490723,
    0.08868157863616943,
    0.0013356313575059175,
    0.6003707647323608,
    1.105792760848999,
    0.11585064232349396,
    0.0027056694962084293,
    0.012976584024727345,
    0.8801981210708618,
    2.9007160663604736,
    0.0005418984801508486,
    0.047424476593732834,
    0.0029049403965473175,
    0.8343549966812134,
    0.538526177406311,
    0.9130278825759888,
    0.04377302899956703,
    0.8185375928878784,
    0.043156325817108154,
    1.2440478801727295,
    0.30145207047462463,
    0.6729649901390076,
    0.0026281492318958044,
    0.08676279336214066,
    2.220984697341919,
    2.288583278656006,
    0.007322835735976696,
    0.4392002820968628,
    1.8730336427688599,
    0.21000553667545319,
    0.1051526665687561,
    0.0891677737236023,
    1.563984751701355,
    0.05197738856077194,
    0.0009816018864512444,
    0.31726741790771484,
    0.23321767151355743,
    0.09135745465755463
  ],
  "n_selection_used": 53,
  "training_macs": 3517668,
  "n_train_used": 141,
  "actual_epochs": 108,
  "selection_cost": null,
  "config": {
    "d": 10,
    "lr": 0.01,
    "patience": 60,
    "min_delta": 0.0001,
    "batch_size": 141,
    "epoch_cap": 6000,
    "test_fraction": 0.2,
    "max_train": null,
    "fraction_pct": 15
  },
  "constants": {
    "selection_fraction": {
      "source": "/home/ff235/dev/MLResearch/automl/automl_package/examples/capacity_ladder_results/WSEL6/frozen.json",
      "fraction": 0.15,
      "fraction_pct": 15
    },
    "width_ladder": {
      "source": "/home/ff235/dev/MLResearch/automl/automl_package/examples/capacity_ladder_results/WSEL8/hetero_0.json",
      "w_max": 12
    },
    "router": {
      "source": "/home/ff235/dev/MLResearch/automl/automl_package/examples/capacity_ladder_results/WSEL7/frozen.json",
      "invariant": false,
      "ratified_default": {
        "hidden": 32,
        "depth": 2,
        "epochs": 300,
        "lr": 0.01
      },
      "ruling": "width.md WSEL-7 2026-07-22 sign-off ruling 1: frozen default STAYS, new_default NOT adopted"
    }
  },
  "provenance": {
    "timestamp_utc": "2026-07-22T18:34:14+00:00",