{
  "dataset": "diabetes",
  "seed": 2,
  "arm": "w_sweep",
  "width": 6,
  "held_out_mse": 3529.304931640625,
  "held_out_trajectory": [
    [
      1,
      1.0399662256240845
    ],
    [
      2,
      0.9478951692581177
    ],
    [
      3,
      0.8647181987762451
    ],
    [
      4,
      0.7912023067474365
    ],
    [
      5,
      0.7286002039909363
    ],
    [
      6,
      0.6777238845825195
    ],
    [
      7,
      0.6383695602416992
    ],
    [
      8,
      0.6093108654022217
    ],
    [
      9,
      0.5885673761367798
    ],
    [
      10,
      0.5738047361373901
    ],
    [
      11,
      0.5627562403678894
    ],
    [
      12,
      0.5535704493522644
    ],
    [
      13,
      0.5450118184089661
    ],
    [
      14,
      0.5364726185798645
    ],
    [
      15,
      0.5278384685516357
    ],
    [
      16,
      0.5192978382110596
    ],
    [
      17,
      0.5111620426177979
    ],
    [
      18,
      0.5037428140640259
    ],
    [
      19,
      0.4972911477088928
    ],
    [
      20,
      0.4919716417789459
    ],
    [
      21,
      0.4878446161746979
    ],
    [
      22,
      0.48486074805259705
    ],
    [
      23,
      0.4828747510910034
    ],
    [
      24,
      0.48167720437049866
    ],
    [
      25,
      0.48103511333465576
    ],
    [
      26,
      0.4807303845882416
    ],
    [
      27,
      0.4805864691734314
    ],
    [
      28,
      0.4804800748825073
    ],
    [
      29,
      0.48033905029296875
    ],
    [
      30,
      0.4801291227340698
    ],
    [
      31,
      0.47983863949775696
    ],
    [
      32,
      0.47946229577064514
    ],
    [
      33,
      0.47899171710014343
    ],
    [
      34,
      0.4784131646156311
    ],
    [
      35,
      0.4777123034000397
    ],
    [
      36,
      0.47688212990760803
    ],
    [
      37,
      0.4759313762187958
    ],
    [
      38,
      0.4748896360397339
    ],
    [
      39,
      0.4738079309463501
    ],
    [
      40,
      0.47275400161743164
    ],
    [
      41,
      0.471805214881897
    ],
    [
      42,
      0.47103771567344666
    ],
    [
      43,
      0.4705171585083008
    ],
    [
      44,
      0.4702907204627991
    ],
    [
      45,
      0.4703838527202606
    ],
    [
      46,
      0.47079992294311523
    ],
    [
      47,
      0.47152504324913025
    ],
    [
      48,
      0.4725337028503418
    ],
    [
      49,
      0.4737946093082428
    ],
    [
      50,
      0.47527483105659485
    ],
    [
      51,
      0.476940780878067
    ],
    [
      52,
      0.47875726222991943
    ],
    [
      53,
      0.4806843400001526
    ],
    [
      54,
      0.4826749265193939
    ],
    [
      55,
      0.4846736490726471
    ],
    [
      56,
      0.48661863803863525
    ],
    [
      57,
      0.48844560980796814
    ],
    [
      58,
      0.49009498953819275
    ],
    [
      59,
      0.4915180206298828
    ],
    [
      60,
      0.4926835298538208
    ],
    [
      61,
      0.4935804009437561
    ],
    [
      62,
      0.49421823024749756
    ],
    [
      63,
      0.49462413787841797
    ],
    [
      64,
      0.4948381185531616
    ],
    [
      65,
      0.49490705132484436
    ],
    [
      66,
      0.49487945437431335
    ],
    [
      67,
      0.49480119347572327
    ],
    [
      68,
      0.49471262097358704
    ],
    [
      69,
      0.49464690685272217
    ],
    [
      70,
      0.4946295917034149
    ],
    [
      71,
      0.4946787655353546
    ],
    [
      72,
      0.49480512738227844
    ],
    [
      73,
      0.4950121343135834
    ],
    [
      74,
      0.4952965974807739
    ],
    [
      75,
      0.49564945697784424
    ],
    [
      76,
      0.4960568845272064
    ],
    [
      77,
      0.4965018033981323
    ],
    [
      78,
      0.4969668388366699
    ],
    [
      79,
      0.4974353611469269
    ],
    [
      80,
      0.49789395928382874
    ],
    [
      81,
      0.49833303689956665
    ],
    [
      82,
      0.4987472891807556
    ],
    [
      83,
      0.4991356432437897
    ],
    [
      84,
      0.49950000643730164
    ],
    [
      85,
      0.49984535574913025
    ],
    [
      86,
      0.5001785159111023
    ],
    [
      87,
      0.5005074739456177
    ],
    [
      88,
      0.5008415579795837
    ],
    [
      89,
      0.5011903047561646
    ],
    [
      90,
      0.5015625357627869
    ],
    [
      91,
      0.5019664168357849
    ],
    [
      92,
      0.5024086833000183
    ],
    [
      93,
      0.5028936862945557
    ],
    [
      94,
      0.5034239292144775
    ],
    [
      95,
      0.5040001273155212
    ],
    [
      96,
      0.5046217441558838
    ],
    [
      97,
      0.5052873492240906
    ],
    [
      98,
      0.5059953331947327
    ],
    [
      99,
      0.5067441463470459
    ],
    [
      100,
      0.5075323581695557
    ],
    [
      101,
      0.5083582997322083
    ],
    [
      102,
      0.5092204213142395
    ],
    [
      103,
      0.5101163387298584
    ],
    [
      104,
      0.5110431909561157
    ]
  ],
  "trustworthy": true,
  "hit_cap": false,
  "converged": true,
  "trajectory_applicable": true,
  "select_squared_error": [
    0.0031077514868229628,
    0.015739111229777336,
    0.07170552760362625,
    0.052806247025728226,
    0.27247416973114014,
    0.16929681599140167,
    0.40194806456565857,
    1.5554721355438232,
    0.9236615300178528,
    2.557035713834921e-06,
    0.0777592584490776,
    0.10788407921791077,
    2.884040355682373,
    0.17360879480838776,
    0.9746546149253845,
    1.3502795696258545,
    0.04625791683793068,
    0.003956350963562727,
    0.833446204662323,
    0.9479143023490906,
    0.09591767936944962,
    0.00021106124040670693,
    0.01079411432147026,
    0.7923681139945984,
    3.017043113708496,
    0.0015717792557552457,
    0.007196543738245964,
    0.09091610461473465,
    0.4848637878894806,
    0.8357923030853271,
    0.9908586740493774,
    0.10412976890802383,
    1.0520472526550293,
    0.010712985880672932,
    1.3695518970489502,
    0.22499628365039825,
    0.8068662881851196,
    0.004082805477082729,
    0.08244957774877548,
    1.4445971250534058,
    1.7963416576385498,
    0.041309814900159836,
    0.17111709713935852,
    1.480627179145813,
    0.3341210186481476,
    0.07067283242940903,
    0.03364606946706772,
    1.0308494567871094,
    0.013084693811833858,
    0.016320589929819107,
    0.24199847877025604,
    0.08129365742206573,
    0.084662064909935
  ],
  "n_selection_used": 53,
  "training_macs": 2903472,
  "n_train_used": 141,
  "actual_epochs": 104,
  "selection_cost": null,
  "config": {
    "d": 10,
    "lr": 0.01,
    "patience": 60,
    "min_delta": 0.0001,
    "batch_size": 141,
    "epoch_cap": 6000,
    "test_fraction": 0.2,
    "max_train": null,
    "fraction_pct": 15
  },
  "constants": {
    "selection_fraction": {
      "source": "/home/ff235/dev/MLResearch/automl/automl_package/examples/capacity_ladder_results/WSEL6/frozen.json",
      "fraction": 0.15,
      "fraction_pct": 15
    },
    "width_ladder": {
      "source": "/home/ff235/dev/MLResearch/automl/automl_package/examples/capacity_ladder_results/WSEL8/hetero_0.json",
      "w_max": 12
    },
    "router": {
      "source": "/home/ff235/dev/MLResearch/automl/automl_package/examples/capacity_ladder_results/WSEL7/frozen.json",
      "invariant": false,
      "ratified_default": {
        "hidden": 32,
        "depth": 2,
        "epochs": 300,
        "lr": 0.01
      },
      "ruling": "width.md WSEL-7 2026-07-22 sign-off ruling 1: frozen default STAYS, new_default NOT adopted"
    }
  },
  "provenance": {
    "timestamp_utc": "2026-07-22T18:34:08+00:00",
    "git": {
      "commit": "2a22061a952104f39e07bd32de1771791876c6d9",
      "dirty": true
    },
    "python": "3.12.13",
    "torch": "2.10.0+xpu",
    "numpy": "2.4.3",