{
  "dataset": "diabetes",
  "seed": 1,
  "arm": "w_sweep",
  "width": 7,
  "held_out_mse": 3875.510009765625,
  "held_out_trajectory": [
    [
      1,
      1.434615969657898
    ],
    [
      2,
      1.3390781879425049
    ],
    [
      3,
      1.2585351467132568
    ],
    [
      4,
      1.1928563117980957
    ],
    [
      5,
      1.1405047178268433
    ],
    [
      6,
      1.09909188747406
    ],
    [
      7,
      1.0662267208099365
    ],
    [
      8,
      1.0398688316345215
    ],
    [
      9,
      1.0182503461837769
    ],
    [
      10,
      0.9998281002044678
    ],
    [
      11,
      0.9833176136016846
    ],
    [
      12,
      0.9677407145500183
    ],
    [
      13,
      0.952447772026062
    ],
    [
      14,
      0.9370982050895691
    ],
    [
      15,
      0.9216090440750122
    ],
    [
      16,
      0.9060865044593811
    ],
    [
      17,
      0.8907558917999268
    ],
    [
      18,
      0.8758988976478577
    ],
    [
      19,
      0.8618049025535583
    ],
    [
      20,
      0.8487346172332764
    ],
    [
      21,
      0.8368948101997375
    ],
    [
      22,
      0.8264235854148865
    ],
    [
      23,
      0.817383348941803
    ],
    [
      24,
      0.8097589015960693
    ],
    [
      25,
      0.8034629225730896
    ],
    [
      26,
      0.7983447313308716
    ],
    [
      27,
      0.7942057251930237
    ],
    [
      28,
      0.790817141532898
    ],
    [
      29,
      0.7879437208175659
    ],
    [
      30,
      0.7853682041168213
    ],
    [
      31,
      0.7829151153564453
    ],
    [
      32,
      0.7804690003395081
    ],
    [
      33,
      0.7779819369316101
    ],
    [
      34,
      0.7754706740379333
    ],
    [
      35,
      0.7730028629302979
    ],
    [
      36,
      0.7706753611564636
    ],
    [
      37,
      0.7685902118682861
    ],
    [
      38,
      0.7668316960334778
    ],
    [
      39,
      0.7654481530189514
    ],
    [
      40,
      0.7644425630569458
    ],
    [
      41,
      0.7637718915939331
    ],
    [
      42,
      0.7633557915687561
    ],
    [
      43,
      0.7630912661552429
    ],
    [
      44,
      0.7628710269927979
    ],
    [
      45,
      0.7625994682312012
    ],
    [
      46,
      0.7622053623199463
    ],
    [
      47,
      0.7616472840309143
    ],
    [
      48,
      0.7609134316444397
    ],
    [
      49,
      0.7600148320198059
    ],
    [
      50,
      0.7589765787124634
    ],
    [
      51,
      0.7578274607658386
    ],
    [
      52,
      0.7565926909446716
    ],
    [
      53,
      0.7552883625030518
    ],
    [
      54,
      0.7539217472076416
    ],
    [
      55,
      0.752493143081665
    ],
    [
      56,
      0.7510011196136475
    ],
    [
      57,
      0.7494468092918396
    ],
    [
      58,
      0.7478377819061279
    ],
    [
      59,
      0.746190071105957
    ],
    [
      60,
      0.7445270419120789
    ],
    [
      61,
      0.7428777813911438
    ],
    [
      62,
      0.7412741184234619
    ],
    [
      63,
      0.7397465109825134
    ],
    [
      64,
      0.7383219599723816
    ],
    [
      65,
      0.7370215058326721
    ],
    [
      66,
      0.735860288143158
    ],
    [
      67,
      0.7348467707633972
    ],
    [
      68,
      0.7339853048324585
    ],
    [
      69,
      0.7332763671875
    ],
    [
      70,
      0.7327187061309814
    ],
    [
      71,
      0.7323105931282043
    ],
    [
      72,
      0.7320494651794434
    ],
    [
      73,
      0.7319327592849731
    ],
    [
      74,
      0.7319564819335938
    ],
    [
      75,
      0.7321153283119202
    ],
    [
      76,
      0.732401430606842
    ],
    [
      77,
      0.732803463935852
    ],
    [
      78,
      0.7333076000213623
    ],
    [
      79,
      0.7338963747024536
    ],
    [
      80,
      0.7345500588417053
    ],
    [
      81,
      0.735247015953064
    ],
    [
      82,
      0.7359644770622253
    ],
    [
      83,
      0.736679196357727
    ],
    [
      84,
      0.7373683452606201
    ],
    [
      85,
      0.7380101084709167
    ],
    [
      86,
      0.7385839223861694
    ],
    [
      87,
      0.7390713691711426
    ],
    [
      88,
      0.7394565939903259
    ],
    [
      89,
      0.7397263050079346
    ],
    [
      90,
      0.7398703098297119
    ],
    [
      91,
      0.739882230758667
    ],
    [
      92,
      0.7397590279579163
    ],
    [
      93,
      0.739501953125
    ],
    [
      94,
      0.7391149997711182
    ],
    [
      95,
      0.7386065125465393
    ],
    [
      96,
      0.7379868030548096
    ],
    [
      97,
      0.73726886510849
    ],
    [
      98,
      0.7364667057991028
    ],
    [
      99,
      0.735595166683197
    ],
    [
      100,
      0.7346691489219666
    ],
    [
      101,
      0.7337024211883545
    ],
    [
      102,
      0.7327077388763428
    ],
    [
      103,
      0.7316964268684387
    ],
    [
      104,
      0.7306774854660034
    ],
    [
      105,
      0.7296580076217651
    ],
    [
      106,
      0.7286434173583984
    ],
    [
      107,
      0.7276367545127869
    ],
    [
      108,
      0.7266395688056946
    ],
    [
      109,
      0.7256519198417664
    ],
    [
      110,
      0.7246720790863037
    ],
    [
      111,
      0.7236976623535156
    ],
    [
      112,
      0.7227253317832947
    ],
    [
      113,
      0.7217510342597961
    ],
    [
      114,
      0.7207706570625305
    ],
    [
      115,
      0.7197797298431396
    ],
    [
      116,
      0.7187740802764893
    ],
    [
      117,
      0.7177498936653137
    ],
    [
      118,
      0.7167037129402161
    ],
    [
      119,
      0.715632438659668
    ],
    [
      120,
      0.7145340442657471
    ],
    [
      121,
      0.713406503200531
    ],
    [
      122,
      0.7122488617897034
    ],
    [
      123,
      0.7110605239868164
    ],
    [
      124,
      0.7098415493965149
    ],
    [
      125,
      0.7085926532745361
    ],
    [
      126,
      0.707314670085907
    ],
    [
      127,
      0.706009030342102
    ],
    [
      128,
      0.7046778202056885
    ],
    [
      129,
      0.7033231258392334
    ],
    [
      130,
      0.7019475102424622
    ],
    [
      131,
      0.7005531787872314
    ],
    [
      132,
      0.6991428732872009
    ],
    [
      133,
      0.6977190971374512
    ],
    [
      134,
      0.6962845325469971
    ],
    [
      135,
      0.6948414444923401
    ],
    [
      136,
      0.6933919191360474
    ],
    [
      137,
      0.6919379234313965
    ],
    [
      138,
      0.6904808878898621
    ],
    [
      139,
      0.6890223026275635
    ],
    [
      140,
      0.6875630021095276
    ],
    [
      141,
      0.6861037611961365
    ],
    [
      142,
      0.6846449971199036
    ],
    [
      143,
      0.6831871271133423
    ],
    [
      144,
      0.6817302703857422
    ],
    [
      145,
      0.6802744269371033
    ],
    [
      146,
      0.6788198351860046
    ],
    [
      147,
      0.6773667931556702
    ],
    [
      148,
      0.6759154796600342
    ],
    [
      149,
      0.6744663715362549
    ],
    [
      150,
      0.6730203628540039
    ],
    [
      151,
      0.6715786457061768
    ],
    [
      152,
      0.6701425909996033
    ],
    [
      153,
      0.6687136292457581
    ],
    [
      154,
      0.6672939658164978
    ],
    [
      155,
      0.6658856868743896
    ],
    [
      156,
      0.6644914150238037
    ],
    [
      157,
      0.6631135940551758
    ],
    [
      158,
      0.6617550849914551
    ],
    [
      159,
      0.6604184508323669
    ],
    [
      160,
      0.6591067314147949
    ],
    [
      161,
      0.6578224897384644
    ],
    [
      162,
      0.6565682888031006
    ],
    [
      163,
      0.6553465723991394
    ],
    [
