{
  "dataset": "diabetes",
  "seed": 2,
  "arm": "w_sweep",
  "width": 11,
  "held_out_mse": 3689.6123046875,
  "held_out_trajectory": [
    [
      1,
      1.00133216381073
    ],
    [
      2,
      0.8732662200927734
    ],
    [
      3,
      0.7722437381744385
    ],
    [
      4,
      0.6962533593177795
    ],
    [
      5,
      0.6428172588348389
    ],
    [
      6,
      0.6082357168197632
    ],
    [
      7,
      0.5877872705459595
    ],
    [
      8,
      0.5763927698135376
    ],
    [
      9,
      0.5694624185562134
    ],
    [
      10,
      0.5636566877365112
    ],
    [
      11,
      0.5571513175964355
    ],
    [
      12,
      0.5493972301483154
    ],
    [
      13,
      0.5406962633132935
    ],
    [
      14,
      0.5317980051040649
    ],
    [
      15,
      0.5235869288444519
    ],
    [
      16,
      0.5168588161468506
    ],
    [
      17,
      0.5121704339981079
    ],
    [
      18,
      0.5097513198852539
    ],
    [
      19,
      0.5094764232635498
    ],
    [
      20,
      0.5108994245529175
    ],
    [
      21,
      0.513343870639801
    ],
    [
      22,
      0.5160344243049622
    ],
    [
      23,
      0.5182362794876099
    ],
    [
      24,
      0.5193721055984497
    ],
    [
      25,
      0.5190941691398621
    ],
    [
      26,
      0.5173060894012451
    ],
    [
      27,
      0.5141423344612122
    ],
    [
      28,
      0.5099186301231384
    ],
    [
      29,
      0.5050640106201172
    ],
    [
      30,
      0.500044584274292
    ],
    [
      31,
      0.4952888488769531
    ],
    [
      32,
      0.4911295473575592
    ],
    [
      33,
      0.4877702295780182
    ],
    [
      34,
      0.4852830469608307
    ],
    [
      35,
      0.48363304138183594
    ],
    [
      36,
      0.48271819949150085
    ],
    [
      37,
      0.4824129641056061
    ],
    [
      38,
      0.4826013147830963
    ],
    [
      39,
      0.4831942915916443
    ],
    [
      40,
      0.4841310679912567
    ],
    [
      41,
      0.48536765575408936
    ],
    [
      42,
      0.48686039447784424
    ],
    [
      43,
      0.4885517656803131
    ],
    [
      44,
      0.4903629720211029
    ],
    [
      45,
      0.4921938478946686
    ],
    [
      46,
      0.49393123388290405
    ],
    [
      47,
      0.4954618811607361
    ],
    [
      48,
      0.49668726325035095
    ],
    [
      49,
      0.49753591418266296
    ],
    [
      50,
      0.4979734420776367
    ],
    [
      51,
      0.4980044364929199
    ],
    [
      52,
      0.4976697564125061
    ],
    [
      53,
      0.4970381557941437
    ],
    [
      54,
      0.49619346857070923
    ],
    [
      55,
      0.49522173404693604
    ],
    [
      56,
      0.4941999614238739
    ],
    [
      57,
      0.4931882321834564
    ],
    [
      58,
      0.49222660064697266
    ],
    [
      59,
      0.49133777618408203
    ],
    [
      60,
      0.4905317723751068
    ],
    [
      61,
      0.489812433719635
    ],
    [
      62,
      0.4891822636127472
    ],
    [
      63,
      0.4886450171470642
    ],
    [
      64,
      0.48820433020591736
    ],
    [
      65,
      0.48786094784736633
    ],
    [
      66,
      0.487609326839447
    ],
    [
      67,
      0.48743534088134766
    ],
    [
      68,
      0.4873168170452118
    ],
    [
      69,
      0.48722660541534424
    ],
    [
      70,
      0.487137109041214
    ],
    [
      71,
      0.4870260953903198
    ],
    [
      72,
      0.48687997460365295
    ],
    [
      73,
      0.48669523000717163
    ],
    [
      74,
      0.486477792263031
    ],
    [
      75,
      0.4862392246723175
    ],
    [
      76,
      0.4859931766986847
    ],
    [
      77,
      0.48575109243392944
    ],
    [
      78,
      0.48552069067955017
    ],
    [
      79,
      0.48530447483062744
    ],
    [
      80,
      0.48510053753852844
    ],
    [
      81,
      0.48490476608276367
    ],
    [
      82,
      0.48471176624298096
    ],
    [
      83,
      0.4845165014266968
    ],
    [
      84,
      0.484314501285553
    ],
    [
      85,
      0.48410162329673767
    ],
    [
      86,
      0.4838739037513733
    ],
    [
      87,
      0.48362699151039124
    ],
    [
      88,
      0.48335689306259155
    ],
    [
      89,
      0.48306021094322205
    ],
    [
      90,
      0.48273542523384094
    ],
    [
      91,
      0.482383668422699
    ],
    [
      92,
      0.48200905323028564
    ],
    [
      93,
      0.4816185534000397
    ],
    [
      94,
      0.48122134804725647
    ],
    [
      95,
      0.4808274507522583
    ],
    [
      96,
      0.48044681549072266
    ],
    [
      97,
      0.48008835315704346
    ],
    [
      98,
      0.47975921630859375
    ],
    [
      99,
      0.47946447134017944
    ],
    [
      100,
      0.47920697927474976
    ],
    [
      101,
      0.4789879620075226
    ],
    [
      102,
      0.4788070321083069
    ],
    [
      103,
      0.4786626100540161
    ],
    [
      104,
      0.4785524010658264
    ],
    [
      105,
      0.47847408056259155
    ],
    [
      106,
      0.47842544317245483
    ],
    [
      107,
      0.47840479016304016
    ],
    [
      108,
      0.478411465883255
    ],
    [
      109,
      0.4784456789493561
    ],
    [
      110,
      0.47850915789604187
    ],
    [
      111,
      0.47860443592071533
    ],
    [
      112,
      0.4787352979183197
    ],
    [
      113,
      0.47890588641166687
    ],
    [
      114,
      0.4791210889816284
    ],
    [
      115,
      0.4793858528137207
    ],
    [
      116,
      0.4797046482563019
    ],
    [
      117,
      0.4800818860530853
    ],
    [
      118,
      0.4805208742618561
    ],
    [
      119,
      0.4810248911380768
    ],
    [
      120,
      0.4815964698791504
    ],
    [
      121,
      0.48223796486854553
    ],
    [
      122,
      0.4829515814781189
    ],
    [
      123,
      0.4837391674518585
    ],
    [
      124,
      0.48460277915000916
    ],
    [
      125,
      0.48554420471191406
    ],
    [
      126,
      0.4865650534629822
    ],
    [
      127,
      0.4876669645309448
    ],
    [
      128,
      0.488851398229599
    ],
    [
      129,
      0.49011918902397156
    ],
    [
      130,
      0.49147117137908936
    ],
    [
      131,
      0.49290740489959717
    ],
    [
      132,
      0.4944274127483368
    ],
    [
      133,
      0.4960304796695709
    ],
    [
      134,
      0.4977155327796936
    ],
    [
      135,
      0.49948105216026306
    ],
    [
      136,
      0.5013259053230286
    ],
    [
      137,
      0.5032488107681274
    ],
    [
      138,
      0.5052480101585388
    ],
    [
      139,
      0.5073218941688538
    ],
    [
      140,
      0.5094684958457947
    ],
    [
      141,
      0.5116854906082153
    ],
    [
      142,
      0.5139698386192322
    ],
    [
      143,
      0.5163182020187378
    ],
    [
      144,
      0.5187267661094666
    ],
    [
      145,
      0.5211914777755737
    ],
    [
      146,
      0.5237083435058594
    ],
    [
      147,
      0.5262733697891235
    ],
    [
      148,
      0.5288832783699036
    ],
    [
      149,
      0.5315356254577637
    ],
    [
      150,
      0.5342284440994263
    ],
    [
      151,
      0.5369604825973511
    ],
    [
      152,
      0.5397309064865112
    ],
    [
      153,
      0.5425390601158142
    ],
    [
      154,
      0.5453841686248779
    ],
    [
      155,
      0.5482652187347412
    ],
    [
      156,
      0.5511807799339294
    ],
    [
      157,
      0.5541290640830994
    ],
    [
      158,
      0.5571081638336182
    ],
    [
      159,
      0.5601160526275635
    ],
    [
      160,
      0.5631511211395264
    ],
    [
      161,
      0.566211998462677
    ],
    [
      162,
      0.5692977905273438
