{
  "dataset": "diabetes",
  "seed": 1,
  "arm": "w_sweep",
  "width": 8,
  "held_out_mse": 3343.906005859375,
  "held_out_trajectory": [
    [
      1,
      1.1773266792297363
    ],
    [
      2,
      1.1141436100006104
    ],
    [
      3,
      1.0612068176269531
    ],
    [
      4,
      1.0178271532058716
    ],
    [
      5,
      0.9828565120697021
    ],
    [
      6,
      0.9542990922927856
    ],
    [
      7,
      0.9300056099891663
    ],
    [
      8,
      0.9082102179527283
    ],
    [
      9,
      0.887691080570221
    ],
    [
      10,
      0.8677485585212708
    ],
    [
      11,
      0.8481031060218811
    ],
    [
      12,
      0.8287814855575562
    ],
    [
      13,
      0.8100208640098572
    ],
    [
      14,
      0.7921962141990662
    ],
    [
      15,
      0.7757632732391357
    ],
    [
      16,
      0.7612036466598511
    ],
    [
      17,
      0.7489656805992126
    ],
    [
      18,
      0.7393929362297058
    ],
    [
      19,
      0.7326460480690002
    ],
    [
      20,
      0.728640615940094
    ],
    [
      21,
      0.7270385026931763
    ],
    [
      22,
      0.7273180484771729
    ],
    [
      23,
      0.7289019823074341
    ],
    [
      24,
      0.7312870025634766
    ],
    [
      25,
      0.7341210842132568
    ],
    [
      26,
      0.7372110486030579
    ],
    [
      27,
      0.7404772639274597
    ],
    [
      28,
      0.7438843250274658
    ],
    [
      29,
      0.7473771572113037
    ],
    [
      30,
      0.7508400678634644
    ],
    [
      31,
      0.7540906071662903
    ],
    [
      32,
      0.756903350353241
    ],
    [
      33,
      0.7590547800064087
    ],
    [
      34,
      0.7603713274002075
    ],
    [
      35,
      0.7607635855674744
    ],
    [
      36,
      0.7602373957633972
    ],
    [
      37,
      0.7588845491409302
    ],
    [
      38,
      0.7568575739860535
    ],
    [
      39,
      0.7543405890464783
    ],
    [
      40,
      0.7515233755111694
    ],
    [
      41,
      0.7485842108726501
    ],
    [
      42,
      0.7456800937652588
    ],
    [
      43,
      0.7429460883140564
    ],
    [
      44,
      0.7404969334602356
    ],
    [
      45,
      0.7384282350540161
    ],
    [
      46,
      0.7368167638778687
    ],
    [
      47,
      0.7357175946235657
    ],
    [
      48,
      0.7351587414741516
    ],
    [
      49,
      0.7351384162902832
    ],
    [
      50,
      0.7356241345405579
    ],
    [
      51,
      0.7365570068359375
    ],
    [
      52,
      0.7378600835800171
    ],
    [
      53,
      0.7394481301307678
    ],
    [
      54,
      0.7412391901016235
    ],
    [
      55,
      0.7431612610816956
    ],
    [
      56,
      0.7451565861701965
    ],
    [
      57,
      0.7471794486045837
    ],
    [
      58,
      0.7491912245750427
    ],
    [
      59,
      0.7511540055274963
    ],
    [
      60,
      0.7530255913734436
    ],
    [
      61,
      0.7547567486763
    ],
    [
      62,
      0.7562926411628723
    ],
    [
      63,
      0.7575758099555969
    ],
    [
      64,
      0.7585519552230835
    ],
    [
      65,
      0.7591739892959595
    ],
    [
      66,
      0.7594069838523865
    ],
    [
      67,
      0.7592294216156006
    ],
    [
      68,
      0.7586349248886108
    ],
    [
      69,
      0.7576331496238708
    ],
    [
      70,
      0.7562494874000549
    ],
    [
      71,
      0.7545264959335327
    ],
    [
      72,
      0.7525225877761841
    ],
    [
      73,
      0.7503106594085693
    ],
    [
      74,
      0.7479746341705322
    ],
    [
      75,
      0.7456037998199463
    ],
    [
      76,
      0.7432861328125
    ],
    [
      77,
      0.7411011457443237
    ],
    [
      78,
      0.7391130328178406
    ],
    [
      79,
      0.7373659610748291
    ],
    [
      80,
      0.7358808517456055
    ],
    [
      81,
      0.7346552014350891
    ]
  ],
  "trustworthy": true,
  "hit_cap": false,
  "converged": true,
  "trajectory_applicable": true,
  "select_squared_error": [
    0.1754903495311737,
    0.16491176187992096,
    3.179291248321533,
    0.04397912323474884,
    0.003835472743958235,
    0.0008862645481713116,
    0.1424901783466339,
    0.3372999131679535,
    0.004220270551741123,
    0.1405562162399292,
    1.5356308221817017,
    1.4815278053283691,
    0.668964147567749,
    1.084890365600586,
    0.09456787258386612,
    0.724859893321991,
    1.4868980646133423,
    0.1360190063714981,
    2.302037000656128,
    0.6420671343803406,
    0.025985613465309143,
    0.10820385813713074,
    0.10289845615625381,
    0.18531647324562073,
    0.07803015410900116,
    0.08488737791776657,
    0.053665891289711,
    0.007429874502122402,
    0.18215158581733704,
    0.33405789732933044,
    0.17578217387199402,
    2.312814235687256,
    0.4724041819572449,
    1.255805253982544,
    0.5782942771911621,
    0.2324010580778122,
    0.021851826459169388,
    0.05278768017888069,
    1.2606452703475952,
    1.0589159727096558,
    0.009454994462430477,
    0.33298996090888977,
    0.4072083830833435,
    0.003485427238047123,
    0.21297377347946167,
    1.2637701034545898,
    0.49993887543678284,
    0.2615031898021698,
    0.38896477222442627,
    2.1090641021728516,
    1.7292665243148804,
    0.20010636746883392,
    0.2540709972381592
  ],
  "n_selection_used": 53,
  "training_macs": 3015144,
  "n_train_used": 141,
  "actual_epochs": 81,
  "selection_cost": null,
  "config": {
    "d": 10,
    "lr": 0.01,
    "patience": 60,
    "min_delta": 0.0001,
    "batch_size": 141,
    "epoch_cap": 6000,
    "test_fraction": 0.2,
    "max_train": null,
    "fraction_pct": 15
  },
  "constants": {
    "selection_fraction": {
      "source": "/home/ff235/dev/MLResearch/automl/automl_package/examples/capacity_ladder_results/WSEL6/frozen.json",
      "fraction": 0.15,
      "fraction_pct": 15
    },
    "width_ladder": {
      "source": "/home/ff235/dev/MLResearch/automl/automl_package/examples/capacity_ladder_results/WSEL8/hetero_0.json",
      "w_max": 12
    },
    "router": {
      "source": "/home/ff235/dev/MLResearch/automl/automl_package/examples/capacity_ladder_results/WSEL7/frozen.json",
      "invariant": false,
      "ratified_default": {
        "hidden": 32,
        "depth": 2,
        "epochs": 300,
        "lr": 0.01
      },
      "ruling": "width.md WSEL-7 2026-07-22 sign-off ruling 1: frozen default STAYS, new_default NOT adopted"
    }
  },
  "provenance": {
    "timestamp_utc": "2026-07-22T18:33:32+00:00",
    "git": {
      "commit": "2a22061a952104f39e07bd32de1771791876c6d9",
      "dirty": true
    },
    "python": "3.12.13",
    "torch": "2.10.0+xpu",
    "numpy": "2.4.3",
    "platform": "Linux-7.1.3-200.fc44.x86_64-x86_64-with-glibc2.43",
    "threads": {
      "omp_num_threads": "4",
      "torch_num_threads": 4,
      "cpu_count": 22
    },
    "automl_device": "cpu"
  }
}