{
  "dataset": "diabetes",
  "seed": 2,
  "arm": "w_sweep",
  "width": 4,
  "held_out_mse": 3459.9560546875,
  "held_out_trajectory": [
    [
      1,
      1.1523374319076538
    ],
    [
      2,
      1.1205382347106934
    ],
    [
      3,
      1.0920767784118652
    ],
    [
      4,
      1.064736247062683
    ],
    [
      5,
      1.0377438068389893
    ],
    [
      6,
      1.0109795331954956
    ],
    [
      7,
      0.9845895767211914
    ],
    [
      8,
      0.958760142326355
    ],
    [
      9,
      0.9336042404174805
    ],
    [
      10,
      0.9091659188270569
    ],
    [
      11,
      0.8854725956916809
    ],
    [
      12,
      0.8625468015670776
    ],
    [
      13,
      0.8403918743133545
    ],
    [
      14,
      0.8189914226531982
    ],
    [
      15,
      0.7983357906341553
    ],
    [
      16,
      0.7784464955329895
    ],
    [
      17,
      0.7593647837638855
    ],
    [
      18,
      0.7411158680915833
    ],
    [
      19,
      0.723686158657074
    ],
    [
      20,
      0.7070211172103882
    ],
    [
      21,
      0.6910338401794434
    ],
    [
      22,
      0.6756203770637512
    ],
    [
      23,
      0.660680890083313
    ],
    [
      24,
      0.6461398601531982
    ],
    [
      25,
      0.631961464881897
    ],
    [
      26,
      0.6181536912918091
    ],
    [
      27,
      0.6047656536102295
    ],
    [
      28,
      0.5918806195259094
    ],
    [
      29,
      0.579606831073761
    ],
    [
      30,
      0.5680675506591797
    ],
    [
      31,
      0.557390570640564
    ],
    [
      32,
      0.5476987361907959
    ],
    [
      33,
      0.5390989184379578
    ],
    [
      34,
      0.5316739678382874
    ],
    [
      35,
      0.5254744291305542
    ],
    [
      36,
      0.5205127596855164
    ],
    [
      37,
      0.5167586207389832
    ],
    [
      38,
      0.5141356587409973
    ],
    [
      39,
      0.5125202536582947
    ],
    [
      40,
      0.5117431282997131
    ],
    [
      41,
      0.5115980505943298
    ],
    [
      42,
      0.5118575096130371
    ],
    [
      43,
      0.5122939944267273
    ],
    [
      44,
      0.5127015709877014
    ],
    [
      45,
      0.5129138231277466
    ],
    [
      46,
      0.5128145217895508
    ],
    [
      47,
      0.5123417377471924
    ],
    [
      48,
      0.5114856958389282
    ],
    [
      49,
      0.510280191898346
    ],
    [
      50,
      0.5087935328483582
    ],
    [
      51,
      0.5071167349815369
    ],
    [
      52,
      0.5053516626358032
    ],
    [
      53,
      0.5035995841026306
    ],
    [
      54,
      0.5019500255584717
    ],
    [
      55,
      0.5004729628562927
    ],
    [
      56,
      0.4992157220840454
    ],
    [
      57,
      0.4982050657272339
    ],
    [
      58,
      0.4974532127380371
    ],
    [
      59,
      0.4969640374183655
    ],
    [
      60,
      0.4967370629310608
    ],
    [
      61,
      0.4967688322067261
    ],
    [
      62,
      0.4970509111881256
    ],
    [
      63,
      0.49756675958633423
    ],
    [
      64,
      0.49828922748565674
    ],
    [
      65,
      0.4991794228553772
    ],
    [
      66,
      0.5001885294914246
    ],
    [
      67,
      0.5012611746788025
    ],
    [
      68,
      0.5023413300514221
    ],
    [
      69,
      0.503376841545105
    ],
    [
      70,
      0.5043237805366516
    ],
    [
      71,
      0.5051496028900146
    ],
    [
      72,
      0.5058339834213257
    ],
    [
      73,
      0.5063692927360535
    ],
    [
      74,
      0.5067594647407532
    ],
    [
      75,
      0.5070185661315918
    ],
    [
      76,
      0.5071684718132019
    ],
    [
      77,
      0.507236659526825
    ],
    [
      78,
      0.507253110408783
    ],
    [
      79,
      0.5072479248046875
    ],
    [
      80,
      0.5072479248046875
    ],
    [
      81,
      0.5072752237319946
    ],
    [
      82,
      0.5073459148406982
    ],
    [
      83,
      0.507470965385437
    ],
    [
      84,
      0.5076560378074646
    ],
    [
      85,
      0.5079037547111511
    ],
    [
      86,
      0.5082142353057861
    ],
    [
      87,
      0.5085859298706055
    ],
    [
      88,
      0.5090152621269226
    ],
    [
      89,
      0.5094969272613525
    ],
    [
      90,
      0.5100231170654297
    ],
    [
      91,
      0.5105845928192139
    ],
    [
      92,
      0.5111712217330933
    ],
    [
      93,
      0.5117737054824829
    ],
    [
      94,
      0.512384831905365
    ],
    [
      95,
      0.5130008459091187
    ],
    [
      96,
      0.5136215686798096
    ],
    [
      97,
      0.5142505168914795
    ],
    [
      98,
      0.5148937702178955
    ],
    [
      99,
      0.515558660030365
    ],
    [
      100,
      0.5162534713745117
    ],
    [
      101,
      0.5169849991798401
    ],
    [
      102,
      0.5177592039108276
    ],
    [
      103,
      0.5185800194740295
    ],
    [
      104,
      0.5194497108459473
    ],
    [
      105,
      0.5203685760498047
    ],
    [
      106,
      0.521334707736969
    ],
    [
      107,
      0.5223441123962402
    ],
    [
      108,
      0.523390531539917
    ],
    [
      109,
      0.5244661569595337
    ],
    [
      110,
      0.5255617499351501
    ],
    [
      111,
      0.526668131351471
    ],
    [
      112,
      0.5277765989303589
    ],
    [
      113,
      0.5288799405097961
    ],
    [
      114,
      0.5299723148345947
    ],
    [
      115,
      0.5310501456260681
    ],
    [
      116,
      0.5321115851402283
    ],
    [
      117,
      0.5331563353538513
    ],
    [
      118,
      0.5341864228248596
    ],
    [
      119,
      0.5352051258087158
    ],
    [
      120,
      0.536217451095581
    ]
  ],
  "trustworthy": true,
  "hit_cap": false,
  "converged": true,
  "trajectory_applicable": true,
  "select_squared_error": [
    0.005092001985758543,
    0.00011943366553168744,
    0.3173762857913971,
    0.14225277304649353,
    0.11133353412151337,
    0.16852639615535736,
    0.45085304975509644,
    1.535075068473816,
    1.0515527725219727,
    0.061943165957927704,
    0.00038563707494176924,
    0.3354722559452057,
    2.1631999015808105,
    0.32444775104522705,
    0.8256665468215942,
    1.600949764251709,
    0.067179374396801,
    0.0032438968773931265,
    0.9975118637084961,
    1.4839304685592651,
    0.1176985576748848,
    9.91682754829526e-05,
    0.003398059867322445,
    0.9901049733161926,
    2.615204095840454,
    0.09115852415561676,
    0.14206437766551971,
    0.12079226970672607,
    0.6357313394546509,
    0.6418089866638184,
    1.1952154636383057,
    0.03300953656435013,
    1.3058654069900513,
    0.0918719694018364,
    1.3129158020019531,
    0.30603328347206116,
    0.5685968995094299,
    0.0061780428513884544,
    6.228098209248856e-05,
    1.7805284261703491,
    1.6611523628234863,
    0.004884017631411552,
    0.41350457072257996,
    1.3517431020736694,
    0.23423846065998077,
    0.046047620475292206,
    0.18951094150543213,
    0.6223703026771545,
    0.02712731808423996,
    0.010207709856331348,
    0.20721478760242462,
    0.2640267312526703,
    0.009827555157244205
  ],
  "n_selection_used": 53,
  "training_macs": 2233440,
  "n_train_used": 141,
  "actual_epochs": 120,
  "selection_cost": null,
  "config": {
    "d": 10,
    "lr": 0.01,
    "patience": 60,
    "min_delta": 0.0001,
    "batch_size": 141,
    "epoch_cap": 6000,
    "test_fraction": 0.2,
    "max_train": null,
    "fraction_pct": 15
  },
  "constants": {
    "selection_fraction": {
      "source": "/home/ff235/dev/MLResearch/automl/automl_package/examples/capacity_ladder_results/WSEL6/frozen.json",
      "fraction": 0.15,
      "fraction_pct": 15
    },