{
  "dataset": "diabetes",
  "seed": 0,
  "arm": "w_sweep",
  "width": 12,
  "held_out_mse": 3362.2841796875,
  "held_out_trajectory": [
    [
      1,
      1.4140212535858154
    ],
    [
      2,
      1.2473149299621582
    ],
    [
      3,
      1.1079305410385132
    ],
    [
      4,
      0.9929797649383545
    ],
    [
      5,
      0.9000681638717651
    ],
    [
      6,
      0.826685905456543
    ],
    [
      7,
      0.770037829875946
    ],
    [
      8,
      0.727146565914154
    ],
    [
      9,
      0.6950466632843018
    ],
    [
      10,
      0.6709032654762268
    ],
    [
      11,
      0.6521720886230469
    ],
    [
      12,
      0.636796772480011
    ],
    [
      13,
      0.6233078241348267
    ],
    [
      14,
      0.6108269691467285
    ],
    [
      15,
      0.5990080833435059
    ],
    [
      16,
      0.5879318714141846
    ],
    [
      17,
      0.5779640674591064
    ],
    [
      18,
      0.5695855021476746
    ],
    [
      19,
      0.5632097125053406
    ],
    [
      20,
      0.5590171217918396
    ],
    [
      21,
      0.5568459033966064
    ],
    [
      22,
      0.556183934211731
    ],
    [
      23,
      0.5562779307365417
    ],
    [
      24,
      0.5563236474990845
    ],
    [
      25,
      0.5556616187095642
    ],
    [
      26,
      0.5539172291755676
    ],
    [
      27,
      0.5510543584823608
    ],
    [
      28,
      0.5473417639732361
    ],
    [
      29,
      0.5432531833648682
    ],
    [
      30,
      0.5393308997154236
    ],
    [
      31,
      0.5360497832298279
    ],
    [
      32,
      0.5337135195732117
    ],
    [
      33,
      0.5324093699455261
    ],
    [
      34,
      0.5320322513580322
    ],
    [
      35,
      0.5323653817176819
    ],
    [
      36,
      0.533179521560669
    ],
    [
      37,
      0.5343102216720581
    ],
    [
      38,
      0.5356840491294861
    ],
    [
      39,
      0.5372980833053589
    ],
    [
      40,
      0.5391701459884644
    ],
    [
      41,
      0.5412886142730713
    ],
    [
      42,
      0.5435805320739746
    ],
    [
      43,
      0.5459091663360596
    ],
    [
      44,
      0.5480981469154358
    ],
    [
      45,
      0.5499727725982666
    ],
    [
      46,
      0.5514020323753357
    ],
    [
      47,
      0.5523297786712646
    ],
    [
      48,
      0.552783727645874
    ],
    [
      49,
      0.5528637766838074
    ],
    [
      50,
      0.5527132749557495
    ],
    [
      51,
      0.5524839162826538
    ],
    [
      52,
      0.5523041486740112
    ],
    [
      53,
      0.5522597432136536
    ],
    [
      54,
      0.5523908734321594
    ],
    [
      55,
      0.5527037382125854
    ],
    [
      56,
      0.5531896948814392
    ],
    [
      57,
      0.5538415312767029
    ],
    [
      58,
      0.5546605587005615
    ],
    [
      59,
      0.555652916431427
    ],
    [
      60,
      0.5568186044692993
    ],
    [
      61,
      0.5581410527229309
    ],
    [
      62,
      0.5595850348472595
    ],
    [
      63,
      0.5611050724983215
    ],
    [
      64,
      0.5626605749130249
    ],
    [
      65,
      0.5642310976982117
    ],
    [
      66,
      0.5658232569694519
    ],
    [
      67,
      0.5674657821655273
    ],
    [
      68,
      0.5691959857940674
    ],
    [
      69,
      0.5710459351539612
    ],
    [
      70,
      0.5730318427085876
    ],
    [
      71,
      0.5751530528068542
    ],
    [
      72,
      0.5773950219154358
    ],
    [
      73,
      0.5797339081764221
    ],
    [
      74,
      0.5821369290351868
    ],
    [
      75,
      0.5845608115196228
    ],
    [
      76,
      0.5869507789611816
    ],
    [
      77,
      0.5892455577850342
    ],
    [
      78,
      0.5913894176483154
    ],
    [
      79,
      0.5933470129966736
    ],
    [
      80,
      0.5951147079467773
    ],
    [
      81,
      0.5967218279838562
    ],
    [
      82,
      0.598221480846405
    ],
    [
      83,
      0.5996770262718201
    ],
    [
      84,
      0.6011470556259155
    ],
    [
      85,
      0.6026767492294312
    ],
    [
      86,
      0.6042959690093994
    ],
    [
      87,
      0.6060212254524231
    ],
    [
      88,
      0.6078579425811768
    ],
    [
      89,
      0.6098027229309082
    ],
    [
      90,
      0.6118443012237549
    ],
    [
      91,
      0.6139671802520752
    ],
    [
      92,
      0.6161563396453857
    ],
    [
      93,
      0.6184031367301941
    ],
    [
      94,
      0.6207084655761719
    ]
  ],
  "trustworthy": true,
  "hit_cap": false,
  "converged": true,
  "trajectory_applicable": true,
  "select_squared_error": [
    0.09042318165302277,
    1.9546303749084473,
    1.136584758758545,
    0.2740544080734253,
    6.585264054592699e-05,
    0.17426984012126923,
    0.09552912414073944,
    1.562122106552124,
    1.2594165802001953,
    0.07970169931650162,
    1.22000253200531,
    0.4671045243740082,
    0.6034342050552368,
    0.8413713574409485,
    2.0169923305511475,
    0.7420142889022827,
    1.8128083944320679,
    0.20129196345806122,
    0.03013707511126995,
    0.7433183789253235,
    0.6317891478538513,
    0.15440286695957184,
    1.563528060913086,
    0.8088517189025879,
    0.7116798162460327,
    0.00869824830442667,
    0.32583102583885193,
    0.9115384817123413,
    0.011953022330999374,
    2.648200035095215,
    0.01721884123980999,
    1.64195716381073,
    0.3470935821533203,
    0.2574301064014435,
    0.4163665771484375,
    0.13589875400066376,
    2.5939555168151855,
    2.6136138439178467,
    5.915748596191406,
    1.125009298324585,
    0.07376771420240402,
    0.0014268680242821574,
    0.33523955941200256,
    0.0015316118951886892,
    0.4480689465999603,
    0.00514351949095726,
    0.0007360464078374207,
    0.1571890413761139,
    3.5392816066741943,
    0.02111751213669777,
    0.07034546881914139,
    0.11671153455972672,
    0.0008854023762978613
  ],
  "n_selection_used": 53,
  "training_macs": 5248584,
  "n_train_used": 141,
  "actual_epochs": 94,
  "selection_cost": null,
  "config": {
    "d": 10,
    "lr": 0.01,
    "patience": 60,
    "min_delta": 0.0001,
    "batch_size": 141,
    "epoch_cap": 6000,
    "test_fraction": 0.2,
    "max_train": null,
    "fraction_pct": 15
  },
  "constants": {
    "selection_fraction": {
      "source": "/home/ff235/dev/MLResearch/automl/automl_package/examples/capacity_ladder_results/WSEL6/frozen.json",
      "fraction": 0.15,
      "fraction_pct": 15
    },
    "width_ladder": {
      "source": "/home/ff235/dev/MLResearch/automl/automl_package/examples/capacity_ladder_results/WSEL8/hetero_0.json",
      "w_max": 12
    },
    "router": {
      "source": "/home/ff235/dev/MLResearch/automl/automl_package/examples/capacity_ladder_results/WSEL7/frozen.json",
      "invariant": false,
      "ratified_default": {
        "hidden": 32,
        "depth": 2,
        "epochs": 300,
        "lr": 0.01
      },
      "ruling": "width.md WSEL-7 2026-07-22 sign-off ruling 1: frozen default STAYS, new_default NOT adopted"
    }
  },
  "provenance": {
    "timestamp_utc": "2026-07-22T18:33:00+00:00",
    "git": {
      "commit": "2a22061a952104f39e07bd32de1771791876c6d9",
      "dirty": true
    },
    "python": "3.12.13",
    "torch": "2.10.0+xpu",
    "numpy": "2.4.3",
    "platform": "Linux-7.1.3-200.fc44.x86_64-x86_64-with-glibc2.43",
    "threads": {
      "omp_num_threads": "4",
      "torch_num_threads": 4,
      "cpu_count": 22
    },
    "automl_device": "cpu"
  }
}