{
  "dataset": "diabetes",
  "seed": 0,
  "arm": "w_sweep",
  "width": 9,
  "held_out_mse": 3043.628662109375,
  "held_out_trajectory": [
    [
      1,
      1.281644344329834
    ],
    [
      2,
      1.1639424562454224
    ],
    [
      3,
      1.0645465850830078
    ],
    [
      4,
      0.9831925630569458
    ],
    [
      5,
      0.9186541438102722
    ],
    [
      6,
      0.8683912754058838
    ],
    [
      7,
      0.8289809226989746
    ],
    [
      8,
      0.7970962524414062
    ],
    [
      9,
      0.7700692415237427
    ],
    [
      10,
      0.7460350394248962
    ],
    [
      11,
      0.723874568939209
    ],
    [
      12,
      0.7030954957008362
    ],
    [
      13,
      0.6836655139923096
    ],
    [
      14,
      0.6658198833465576
    ],
    [
      15,
      0.6498772501945496
    ],
    [
      16,
      0.6360805034637451
    ],
    [
      17,
      0.6244845390319824
    ],
    [
      18,
      0.6149146556854248
    ],
    [
      19,
      0.6070098280906677
    ],
    [
      20,
      0.600314199924469
    ],
    [
      21,
      0.5943591594696045
    ],
    [
      22,
      0.5887212157249451
    ],
    [
      23,
      0.5830650329589844
    ],
    [
      24,
      0.5771727561950684
    ],
    [
      25,
      0.5709559917449951
    ],
    [
      26,
      0.5644494295120239
    ],
    [
      27,
      0.5577883124351501
    ],
    [
      28,
      0.5511751770973206
    ],
    [
      29,
      0.5448397397994995
    ],
    [
      30,
      0.5389995574951172
    ],
    [
      31,
      0.5338250398635864
    ],
    [
      32,
      0.5294157862663269
    ],
    [
      33,
      0.525791585445404
    ],
    [
      34,
      0.5228991508483887
    ],
    [
      35,
      0.5206328630447388
    ],
    [
      36,
      0.5188633799552917
    ],
    [
      37,
      0.5174668431282043
    ],
    [
      38,
      0.51634681224823
    ],
    [
      39,
      0.5154439806938171
    ],
    [
      40,
      0.5147328972816467
    ],
    [
      41,
      0.514209508895874
    ],
    [
      42,
      0.513874888420105
    ],
    [
      43,
      0.5137197971343994
    ],
    [
      44,
      0.5137171745300293
    ],
    [
      45,
      0.5138221383094788
    ],
    [
      46,
      0.5139797329902649
    ],
    [
      47,
      0.5141372084617615
    ],
    [
      48,
      0.5142565965652466
    ],
    [
      49,
      0.514323353767395
    ],
    [
      50,
      0.5143491625785828
    ],
    [
      51,
      0.514367401599884
    ],
    [
      52,
      0.5144243240356445
    ],
    [
      53,
      0.5145674347877502
    ],
    [
      54,
      0.5148350596427917
    ],
    [
      55,
      0.5152496099472046
    ],
    [
      56,
      0.5158150792121887
    ],
    [
      57,
      0.516520082950592
    ],
    [
      58,
      0.5173418521881104
    ],
    [
      59,
      0.5182532668113708
    ],
    [
      60,
      0.519226610660553
    ],
    [
      61,
      0.5202367305755615
    ],
    [
      62,
      0.5212609767913818
    ],
    [
      63,
      0.5222792029380798
    ],
    [
      64,
      0.523273229598999
    ],
    [
      65,
      0.5242278575897217
    ],
    [
      66,
      0.5251328945159912
    ],
    [
      67,
      0.52598637342453
    ],
    [
      68,
      0.5267963409423828
    ],
    [
      69,
      0.5275824666023254
    ],
    [
      70,
      0.5283740162849426
    ],
    [
      71,
      0.5292055606842041
    ],
    [
      72,
      0.5301122665405273
    ],
    [
      73,
      0.5311238765716553
    ],
    [
      74,
      0.5322606563568115
    ],
    [
      75,
      0.5335304737091064
    ],
    [
      76,
      0.5349287986755371
    ],
    [
      77,
      0.5364400148391724
    ],
    [
      78,
      0.5380398035049438
    ],
    [
      79,
      0.5396976470947266
    ],
    [
      80,
      0.5413801074028015
    ],
    [
      81,
      0.5430529713630676
    ],
    [
      82,
      0.5446841716766357
    ],
    [
      83,
      0.5462464690208435
    ],
    [
      84,
      0.5477196574211121
    ],
    [
      85,
      0.5490937232971191
    ],
    [
      86,
      0.550369381904602
    ],
    [
      87,
      0.5515573620796204
    ],
    [
      88,
      0.5526769161224365
    ],
    [
      89,
      0.5537518262863159
    ],
    [
      90,
      0.5548069477081299
    ],
    [
      91,
      0.5558650493621826
    ],
    [
      92,
      0.5569438934326172
    ],
    [
      93,
      0.5580562353134155
    ],
    [
      94,
      0.5592092871665955
    ],
    [
      95,
      0.5604060292243958
    ],
    [
      96,
      0.561646580696106
    ],
    [
      97,
      0.5629292726516724
    ],
    [
      98,
      0.5642516613006592
    ],
    [
      99,
      0.5656118392944336
    ],
    [
      100,
      0.5670092105865479
    ],
    [
      101,
      0.5684452056884766
    ],
    [
      102,
      0.5699231624603271
    ],
    [
      103,
      0.5714483857154846
    ],
    [
      104,
      0.5730272531509399
    ]
  ],
  "trustworthy": true,
  "hit_cap": false,
  "converged": true,
  "trajectory_applicable": true,
  "select_squared_error": [
    0.3063581585884094,
    2.304619789123535,
    0.8601609468460083,
    0.04381123557686806,
    0.04003024473786354,
    0.23284658789634705,
    0.004075153730809689,
    1.2972168922424316,
    0.9906027317047119,
    0.003703596070408821,
    1.5498175621032715,
    1.3321607112884521,
    0.1265903115272522,
    0.35216769576072693,
    1.9024556875228882,
    0.729813277721405,
    0.4639154076576233,
    0.060926102101802826,
    0.2786343991756439,
    0.6731027364730835,
    0.1992238312959671,
    0.3225090503692627,
    1.139784812927246,
    0.8856687545776367,
    0.30433934926986694,
    0.010197510942816734,
    0.19865751266479492,
    1.2861491441726685,
    0.14031222462654114,
    3.568093776702881,
    0.007221926469355822,
    2.1936538219451904,
    0.015766821801662445,
    0.3307417333126068,
    0.17454490065574646,
    0.012035849504172802,
    2.0542984008789062,
    1.527748942375183,
    6.101840019226074,
    1.3937060832977295,
    0.15531975030899048,
    0.04812832549214363,
    0.12199988961219788,
    0.07708220928907394,
    0.13938984274864197,
    0.07114063948392868,
    0.04011767730116844,
    0.09333394467830658,
    2.162571430206299,
    0.014727621339261532,
    2.6286259526386857e-05,
    0.051911476999521255,
    0.0018511931411921978
  ],
  "n_selection_used": 53,
  "training_macs": 4355208,
  "n_train_used": 141,
  "actual_epochs": 104,
  "selection_cost": null,
  "config": {
    "d": 10,
    "lr": 0.01,
    "patience": 60,
    "min_delta": 0.0001,
    "batch_size": 141,
    "epoch_cap": 6000,
    "test_fraction": 0.2,
    "max_train": null,
    "fraction_pct": 15
  },
  "constants": {
    "selection_fraction": {
      "source": "/home/ff235/dev/MLResearch/automl/automl_package/examples/capacity_ladder_results/WSEL6/frozen.json",
      "fraction": 0.15,
      "fraction_pct": 15
    },
    "width_ladder": {
      "source": "/home/ff235/dev/MLResearch/automl/automl_package/examples/capacity_ladder_results/WSEL8/hetero_0.json",
      "w_max": 12
    },
    "router": {
      "source": "/home/ff235/dev/MLResearch/automl/automl_package/examples/capacity_ladder_results/WSEL7/frozen.json",
      "invariant": false,
      "ratified_default": {
        "hidden": 32,
        "depth": 2,
        "epochs": 300,
        "lr": 0.01
      },
      "ruling": "width.md WSEL-7 2026-07-22 sign-off ruling 1: frozen default STAYS, new_default NOT adopted"
    }
  },
  "provenance": {
    "timestamp_utc": "2026-07-22T18:32:52+00:00",
    "git": {
      "commit": "2a22061a952104f39e07bd32de1771791876c6d9",
      "dirty": true
    },
    "python": "3.12.13",
    "torch": "2.10.0+xpu",
    "numpy": "2.4.3",
    "platform": "Linux-7.1.3-200.fc44.x86_64-x86_64-with-glibc2.43",