{
  "dataset": "diabetes",
  "seed": 1,
  "arm": "w_sweep",
  "width": 3,
  "held_out_mse": 3228.15771484375,
  "held_out_trajectory": [
    [
      1,
      1.1895455121994019
    ],
    [
      2,
      1.1021850109100342
    ],
    [
      3,
      1.0307203531265259
    ],
    [
      4,
      0.9731533527374268
    ],
    [
      5,
      0.9276999235153198
    ],
    [
      6,
      0.8926264643669128
    ],
    [
      7,
      0.8661555647850037
    ],
    [
      8,
      0.8465760350227356
    ],
    [
      9,
      0.8323522210121155
    ],
    [
      10,
      0.822190523147583
    ],
    [
      11,
      0.8150531649589539
    ],
    [
      12,
      0.8101291656494141
    ],
    [
      13,
      0.8067864179611206
    ],
    [
      14,
      0.8045242428779602
    ],
    [
      15,
      0.8029353618621826
    ],
    [
      16,
      0.8016818165779114
    ],
    [
      17,
      0.8004815578460693
    ],
    [
      18,
      0.7991044521331787
    ],
    [
      19,
      0.7973735332489014
    ],
    [
      20,
      0.7951686382293701
    ],
    [
      21,
      0.7924291491508484
    ],
    [
      22,
      0.7891532778739929
    ],
    [
      23,
      0.7853936553001404
    ],
    [
      24,
      0.7812474370002747
    ],
    [
      25,
      0.776843786239624
    ],
    [
      26,
      0.7723291516304016
    ],
    [
      27,
      0.7678530812263489
    ],
    [
      28,
      0.763556182384491
    ],
    [
      29,
      0.7595601081848145
    ],
    [
      30,
      0.7559617161750793
    ],
    [
      31,
      0.7528311610221863
    ],
    [
      32,
      0.7502114772796631
    ],
    [
      33,
      0.7481224536895752
    ],
    [
      34,
      0.7465643882751465
    ],
    [
      35,
      0.7455230355262756
    ],
    [
      36,
      0.7449738383293152
    ],
    [
      37,
      0.7448863983154297
    ],
    [
      38,
      0.7452264428138733
    ],
    [
      39,
      0.7459585070610046
    ],
    [
      40,
      0.7470462322235107
    ],
    [
      41,
      0.7484533786773682
    ],
    [
      42,
      0.7501433491706848
    ],
    [
      43,
      0.7520791292190552
    ],
    [
      44,
      0.7542227506637573
    ],
    [
      45,
      0.7565353512763977
    ],
    [
      46,
      0.7589761018753052
    ],
    [
      47,
      0.7615026235580444
    ],
    [
      48,
      0.7640706300735474
    ],
    [
      49,
      0.7666344046592712
    ],
    [
      50,
      0.769147515296936
    ],
    [
      51,
      0.7715629935264587
    ],
    [
      52,
      0.7738352417945862
    ],
    [
      53,
      0.7759203910827637
    ],
    [
      54,
      0.7777783870697021
    ],
    [
      55,
      0.7793740630149841
    ],
    [
      56,
      0.7806780338287354
    ],
    [
      57,
      0.7816678881645203
    ],
    [
      58,
      0.782329261302948
    ],
    [
      59,
      0.7826558351516724
    ],
    [
      60,
      0.7826497554779053
    ],
    [
      61,
      0.7823208570480347
    ],
    [
      62,
      0.7816869616508484
    ],
    [
      63,
      0.7807720899581909
    ],
    [
      64,
      0.7796064615249634
    ],
    [
      65,
      0.7782244086265564
    ],
    [
      66,
      0.7766635417938232
    ],
    [
      67,
      0.7749636173248291
    ],
    [
      68,
      0.7731646299362183
    ],
    [
      69,
      0.7713062167167664
    ],
    [
      70,
      0.7694261074066162
    ],
    [
      71,
      0.767559826374054
    ],
    [
      72,
      0.7657391428947449
    ],
    [
      73,
      0.7639918327331543
    ],
    [
      74,
      0.7623413801193237
    ],
    [
      75,
      0.7608067989349365
    ],
    [
      76,
      0.7594019770622253
    ],
    [
      77,
      0.7581366300582886
    ],
    [
      78,
      0.7570159435272217
    ],
    [
      79,
      0.7560409307479858
    ],
    [
      80,
      0.7552089691162109
    ],
    [
      81,
      0.7545139193534851
    ],
    [
      82,
      0.7539471387863159
    ],
    [
      83,
      0.7534974813461304
    ],
    [
      84,
      0.7531522512435913
    ],
    [
      85,
      0.752897322177887
    ],
    [
      86,
      0.7527180314064026
    ],
    [
      87,
      0.75259929895401
    ],
    [
      88,
      0.7525265216827393
    ],
    [
      89,
      0.752485990524292
    ],
    [
      90,
      0.7524645924568176
    ],
    [
      91,
      0.7524509429931641
    ],
    [
      92,
      0.7524351477622986
    ],
    [
      93,
      0.7524091005325317
    ],
    [
      94,
      0.7523664236068726
    ],
    [
      95,
      0.7523025870323181
    ],
    [
      96,
      0.7522146701812744
    ],
    [
      97,
      0.7521011233329773
    ]
  ],
  "trustworthy": true,
  "hit_cap": false,
  "converged": true,
  "trajectory_applicable": true,
  "select_squared_error": [
    0.15003758668899536,
    0.12744133174419403,
    3.2173612117767334,
    0.0795566514134407,
    0.0017772624269127846,
    3.885260230163112e-05,
    0.28174951672554016,
    0.2874550223350525,
    0.008888601325452328,
    0.022591888904571533,
    2.2672030925750732,
    1.4901082515716553,
    0.6354838609695435,
    1.0204682350158691,
    0.1265040934085846,
    0.8435896039009094,
    1.2507315874099731,
    0.229269877076149,
    2.2747280597686768,
    0.8022609353065491,
    0.03644435107707977,
    0.11186127364635468,
    0.1818457841873169,
    0.18396002054214478,
    0.0469578392803669,
    0.09251488000154495,
    0.11361505091190338,
    0.028763294219970703,
    0.13613387942314148,
    0.3271349370479584,
    0.01713060401380062,
    2.430171012878418,
    0.22214411199092865,
    1.418524146080017,
    0.6559561491012573,
    0.32321885228157043,
    0.0001567254075780511,
    0.06470664590597153,
    1.4421435594558716,
    0.9248780608177185,
    0.01819307915866375,
    0.3298080265522003,
    0.4708082973957062,
    0.0009754154598340392,
    0.2934713065624237,
    0.9981948137283325,
    0.7928863167762756,
    0.3860311508178711,
    0.24441054463386536,
    2.022728681564331,
    1.8951470851898193,
    0.01852189376950264,
    0.25753453373908997
  ],
  "n_selection_used": 53,
  "training_macs": 1354023,
  "n_train_used": 141,
  "actual_epochs": 97,
  "selection_cost": null,
  "config": {
    "d": 10,
    "lr": 0.01,
    "patience": 60,
    "min_delta": 0.0001,
    "batch_size": 141,
    "epoch_cap": 6000,
    "test_fraction": 0.2,
    "max_train": null,
    "fraction_pct": 15
  },
  "constants": {
    "selection_fraction": {
      "source": "/home/ff235/dev/MLResearch/automl/automl_package/examples/capacity_ladder_results/WSEL6/frozen.json",
      "fraction": 0.15,
      "fraction_pct": 15
    },
    "width_ladder": {
      "source": "/home/ff235/dev/MLResearch/automl/automl_package/examples/capacity_ladder_results/WSEL8/hetero_0.json",
      "w_max": 12
    },
    "router": {
      "source": "/home/ff235/dev/MLResearch/automl/automl_package/examples/capacity_ladder_results/WSEL7/frozen.json",
      "invariant": false,
      "ratified_default": {
        "hidden": 32,
        "depth": 2,
        "epochs": 300,
        "lr": 0.01
      },
      "ruling": "width.md WSEL-7 2026-07-22 sign-off ruling 1: frozen default STAYS, new_default NOT adopted"
    }
  },
  "provenance": {
    "timestamp_utc": "2026-07-22T18:33:20+00:00",
    "git": {
      "commit": "2a22061a952104f39e07bd32de1771791876c6d9",
      "dirty": true
    },
    "python": "3.12.13",
    "torch": "2.10.0+xpu",
    "numpy": "2.4.3",
    "platform": "Linux-7.1.3-200.fc44.x86_64-x86_64-with-glibc2.43",
    "threads": {
      "omp_num_threads": "4",
      "torch_num_threads": 4,
      "cpu_count": 22
    },
    "automl_device": "cpu"
  }
}