{
  "dataset": "diabetes",
  "seed": 2,
  "arm": "w_sweep",
  "width": 8,
  "held_out_mse": 3617.69677734375,
  "held_out_trajectory": [
    [
      1,
      1.0499815940856934
    ],
    [
      2,
      0.9767172932624817
    ],
    [
      3,
      0.9139775037765503
    ],
    [
      4,
      0.8608067035675049
    ],
    [
      5,
      0.8151317238807678
    ],
    [
      6,
      0.7747689485549927
    ],
    [
      7,
      0.7382567524909973
    ],
    [
      8,
      0.7048569917678833
    ],
    [
      9,
      0.6742818355560303
    ],
    [
      10,
      0.6464588642120361
    ],
    [
      11,
      0.6213988065719604
    ],
    [
      12,
      0.5991386771202087
    ],
    [
      13,
      0.5797170996665955
    ],
    [
      14,
      0.563161313533783
    ],
    [
      15,
      0.5494703650474548
    ],
    [
      16,
      0.5385915637016296
    ],
    [
      17,
      0.5303889513015747
    ],
    [
      18,
      0.5246105790138245
    ],
    [
      19,
      0.5208628177642822
    ],
    [
      20,
      0.518607497215271
    ],
    [
      21,
      0.5172027945518494
    ],
    [
      22,
      0.5159918665885925
    ],
    [
      23,
      0.5144240260124207
    ],
    [
      24,
      0.5121609568595886
    ],
    [
      25,
      0.5091258883476257
    ],
    [
      26,
      0.5054776072502136
    ],
    [
      27,
      0.5015289187431335
    ],
    [
      28,
      0.4976446330547333
    ],
    [
      29,
      0.49415260553359985
    ],
    [
      30,
      0.4912906289100647
    ],
    [
      31,
      0.48919153213500977
    ],
    [
      32,
      0.4878990352153778
    ],
    [
      33,
      0.4873964488506317
    ],
    [
      34,
      0.48763445019721985
    ],
    [
      35,
      0.48854854702949524
    ],
    [
      36,
      0.4900630712509155
    ],
    [
      37,
      0.4920865297317505
    ],
    [
      38,
      0.4945029020309448
    ],
    [
      39,
      0.49716657400131226
    ],
    [
      40,
      0.49990612268447876
    ],
    [
      41,
      0.5025376677513123
    ],
    [
      42,
      0.5048860907554626
    ],
    [
      43,
      0.506806492805481
    ],
    [
      44,
      0.5082018375396729
    ],
    [
      45,
      0.5090309977531433
    ],
    [
      46,
      0.5093060731887817
    ],
    [
      47,
      0.5090817809104919
    ],
    [
      48,
      0.5084400177001953
    ],
    [
      49,
      0.5074746608734131
    ],
    [
      50,
      0.5062785148620605
    ],
    [
      51,
      0.5049359798431396
    ],
    [
      52,
      0.5035200119018555
    ],
    [
      53,
      0.5020933151245117
    ],
    [
      54,
      0.5007115602493286
    ],
    [
      55,
      0.4994252622127533
    ],
    [
      56,
      0.4982813596725464
    ],
    [
      57,
      0.4973214566707611
    ],
    [
      58,
      0.49657949805259705
    ],
    [
      59,
      0.4960792362689972
    ],
    [
      60,
      0.49583306908607483
    ],
    [
      61,
      0.49584314227104187
    ],
    [
      62,
      0.49610286951065063
    ],
    [
      63,
      0.4966004192829132
    ],
    [
      64,
      0.4973198473453522
    ],
    [
      65,
      0.4982419013977051
    ],
    [
      66,
      0.4993419647216797
    ],
    [
      67,
      0.5005885362625122
    ],
    [
      68,
      0.5019418001174927
    ],
    [
      69,
      0.5033542513847351
    ],
    [
      70,
      0.5047724843025208
    ],
    [
      71,
      0.5061419606208801
    ],
    [
      72,
      0.5074106454849243
    ],
    [
      73,
      0.5085335969924927
    ],
    [
      74,
      0.5094757080078125
    ],
    [
      75,
      0.5102131962776184
    ],
    [
      76,
      0.5107347965240479
    ],
    [
      77,
      0.5110411643981934
    ],
    [
      78,
      0.5111448764801025
    ],
    [
      79,
      0.5110700130462646
    ],
    [
      80,
      0.5108497142791748
    ],
    [
      81,
      0.5105249881744385
    ],
    [
      82,
      0.510140061378479
    ],
    [
      83,
      0.5097394585609436
    ],
    [
      84,
      0.509364128112793
    ],
    [
      85,
      0.5090487003326416
    ],
    [
      86,
      0.5088199973106384
    ],
    [
      87,
      0.5086972713470459
    ],
    [
      88,
      0.5086917877197266
    ],
    [
      89,
      0.5088087916374207
    ],
    [
      90,
      0.5090477466583252
    ],
    [
      91,
      0.509402871131897
    ],
    [
      92,
      0.5098639726638794
    ],
    [
      93,
      0.5104163289070129
    ]
  ],
  "trustworthy": true,
  "hit_cap": false,
  "converged": true,
  "trajectory_applicable": true,
  "select_squared_error": [
    0.06565161049365997,
    0.026395972818136215,
    0.046793535351753235,
    0.023720597848296165,
    0.2228139340877533,
    0.3414277136325836,
    0.4589167833328247,
    1.567514419555664,
    1.0335657596588135,
    0.005526380147784948,
    0.02459782175719738,
    0.07999570667743683,
    2.141680955886841,
    0.177574023604393,
    0.8741416335105896,
    1.6096142530441284,
    0.01438860222697258,
    0.02127319760620594,
    1.1236028671264648,
    0.8094155788421631,
    0.13442076742649078,
    5.309770131134428e-05,
    0.0009246913832612336,
    0.780971109867096,
    2.5105717182159424,
    0.010284067131578922,
    0.042436063289642334,
    0.058681853115558624,
    0.6159504055976868,
    0.7067589163780212,
    0.8060856461524963,
    0.010150916874408722,
    1.2053868770599365,
    0.010724235326051712,
    1.332146406173706,
    0.19132918119430542,
    0.7576610445976257,
    0.02527390420436859,
    0.07161899656057358,
    1.5299327373504639,
    1.9625946283340454,
    0.14429542422294617,
    0.3396165668964386,
    1.3635748624801636,
    0.2835131287574768,
    0.04368089511990547,
    0.003190305782482028,
    1.4577878713607788,
    0.041693951934576035,
    0.011112834326922894,
    0.3478478789329529,
    0.020447740331292152,
    0.22803626954555511
  ],
  "n_selection_used": 53,
  "training_macs": 3461832,
  "n_train_used": 141,
  "actual_epochs": 93,
  "selection_cost": null,
  "config": {
    "d": 10,
    "lr": 0.01,
    "patience": 60,
    "min_delta": 0.0001,
    "batch_size": 141,
    "epoch_cap": 6000,
    "test_fraction": 0.2,
    "max_train": null,
    "fraction_pct": 15
  },
  "constants": {
    "selection_fraction": {
      "source": "/home/ff235/dev/MLResearch/automl/automl_package/examples/capacity_ladder_results/WSEL6/frozen.json",
      "fraction": 0.15,
      "fraction_pct": 15
    },
    "width_ladder": {
      "source": "/home/ff235/dev/MLResearch/automl/automl_package/examples/capacity_ladder_results/WSEL8/hetero_0.json",
      "w_max": 12
    },
    "router": {
      "source": "/home/ff235/dev/MLResearch/automl/automl_package/examples/capacity_ladder_results/WSEL7/frozen.json",
      "invariant": false,
      "ratified_default": {
        "hidden": 32,
        "depth": 2,
        "epochs": 300,
        "lr": 0.01
      },
      "ruling": "width.md WSEL-7 2026-07-22 sign-off ruling 1: frozen default STAYS, new_default NOT adopted"
    }
  },
  "provenance": {
    "timestamp_utc": "2026-07-22T18:34:16+00:00",
    "git": {
      "commit": "2a22061a952104f39e07bd32de1771791876c6d9",
      "dirty": true
    },
    "python": "3.12.13",
    "torch": "2.10.0+xpu",
    "numpy": "2.4.3",
    "platform": "Linux-7.1.3-200.fc44.x86_64-x86_64-with-glibc2.43",
    "threads": {
      "omp_num_threads": "4",
      "torch_num_threads": 4,
      "cpu_count": 22
    },
    "automl_device": "cpu"
  }
}