{
  "dataset": "diabetes",
  "seed": 1,
  "arm": "w_sweep",
  "width": 1,
  "held_out_mse": 4291.205078125,
  "held_out_trajectory": [
    [
      1,
      1.141432285308838
    ],
    [
      2,
      1.1308642625808716
    ],
    [
      3,
      1.1194651126861572
    ],
    [
      4,
      1.107409119606018
    ],
    [
      5,
      1.0948766469955444
    ],
    [
      6,
      1.0820496082305908
    ],
    [
      7,
      1.0691089630126953
    ],
    [
      8,
      1.0562310218811035
    ],
    [
      9,
      1.0435820817947388
    ],
    [
      10,
      1.031307339668274
    ],
    [
      11,
      1.0195118188858032
    ],
    [
      12,
      1.0082484483718872
    ],
    [
      13,
      0.9975249767303467
    ],
    [
      14,
      0.987324595451355
    ],
    [
      15,
      0.9776208400726318
    ],
    [
      16,
      0.9683869481086731
    ],
    [
      17,
      0.9595963358879089
    ],
    [
      18,
      0.9512240886688232
    ],
    [
      19,
      0.9432464241981506
    ],
    [
      20,
      0.9356404542922974
    ],
    [
      21,
      0.9283847808837891
    ],
    [
      22,
      0.921458899974823
    ],
    [
      23,
      0.914844274520874
    ],
    [
      24,
      0.9085240960121155
    ],
    [
      25,
      0.9024828672409058
    ],
    [
      26,
      0.8967068791389465
    ],
    [
      27,
      0.8911841511726379
    ],
    [
      28,
      0.88590407371521
    ],
    [
      29,
      0.8808568716049194
    ],
    [
      30,
      0.8760337233543396
    ],
    [
      31,
      0.8714268207550049
    ],
    [
      32,
      0.8670284152030945
    ],
    [
      33,
      0.8628313541412354
    ],
    [
      34,
      0.8588285446166992
    ],
    [
      35,
      0.8550134301185608
    ],
    [
      36,
      0.851378858089447
    ],
    [
      37,
      0.8479182720184326
    ],
    [
      38,
      0.8446248173713684
    ],
    [
      39,
      0.8414924144744873
    ],
    [
      40,
      0.8385145664215088
    ],
    [
      41,
      0.8356850147247314
    ],
    [
      42,
      0.8329982161521912
    ],
    [
      43,
      0.830447793006897
    ],
    [
      44,
      0.8280280232429504
    ],
    [
      45,
      0.8257326483726501
    ],
    [
      46,
      0.823554515838623
    ],
    [
      47,
      0.8214861154556274
    ],
    [
      48,
      0.8195188045501709
    ],
    [
      49,
      0.8176429271697998
    ],
    [
      50,
      0.8158487677574158
    ],
    [
      51,
      0.8141252398490906
    ],
    [
      52,
      0.8124615550041199
    ],
    [
      53,
      0.8108468651771545
    ],
    [
      54,
      0.8092703223228455
    ],
    [
      55,
      0.8077213764190674
    ],
    [
      56,
      0.8061892986297607
    ],
    [
      57,
      0.8046643137931824
    ],
    [
      58,
      0.8031357526779175
    ],
    [
      59,
      0.8015941381454468
    ],
    [
      60,
      0.8000302314758301
    ],
    [
      61,
      0.7984354496002197
    ],
    [
      62,
      0.7968023419380188
    ],
    [
      63,
      0.7951249480247498
    ],
    [
      64,
      0.7933989763259888
    ],
    [
      65,
      0.7916222810745239
    ],
    [
      66,
      0.7897949814796448
    ],
    [
      67,
      0.7879196405410767
    ],
    [
      68,
      0.7860015034675598
    ],
    [
      69,
      0.7840480804443359
    ],
    [
      70,
      0.7820695042610168
    ],
    [
      71,
      0.7800781726837158
    ],
    [
      72,
      0.7780880331993103
    ],
    [
      73,
      0.7761151790618896
    ],
    [
      74,
      0.774176299571991
    ],
    [
      75,
      0.7722892761230469
    ],
    [
      76,
      0.7704718708992004
    ],
    [
      77,
      0.7687413692474365
    ],
    [
      78,
      0.7671139240264893
    ],
    [
      79,
      0.7656043171882629
    ],
    [
      80,
      0.7642247080802917
    ],
    [
      81,
      0.7629849314689636
    ],
    [
      82,
      0.7618913054466248
    ],
    [
      83,
      0.7609476447105408
    ],
    [
      84,
      0.7601540088653564
    ],
    [
      85,
      0.759507417678833
    ],
    [
      86,
      0.7590019702911377
    ],
    [
      87,
      0.7586295008659363
    ],
    [
      88,
      0.7583791613578796
    ],
    [
      89,
      0.7582389712333679
    ],
    [
      90,
      0.7581954598426819
    ],
    [
      91,
      0.7582351565361023
    ],
    [
      92,
      0.7583439350128174
    ],
    [
      93,
      0.7585085034370422
    ],
    [
      94,
      0.7587165236473083
    ],
    [
      95,
      0.7589566111564636
    ],
    [
      96,
      0.7592195868492126
    ],
    [
      97,
      0.7594977617263794
    ],
    [
      98,
      0.7597857117652893
    ],
    [
      99,
      0.760080099105835
    ],
    [
      100,
      0.7603793144226074
    ],
    [
      101,
      0.7606837153434753
    ],
    [
      102,
      0.760995090007782
    ],
    [
      103,
      0.7613163590431213
    ],
    [
      104,
      0.7616512775421143
    ],
    [
      105,
      0.7620037198066711
    ],
    [
      106,
      0.7623780965805054
    ],
    [
      107,
      0.7627778649330139
    ],
    [
      108,
      0.7632063031196594
    ],
    [
      109,
      0.7636655569076538
    ],
    [
      110,
      0.7641569375991821
    ],
    [
      111,
      0.7646807432174683
    ],
    [
      112,
      0.7652362585067749
    ],
    [
      113,
      0.765821635723114
    ],
    [
      114,
      0.7664344310760498
    ],
    [
      115,
      0.7670714855194092
    ],
    [
      116,
      0.7677290439605713
    ],
    [
      117,
      0.7684032917022705
    ],
    [
      118,
      0.7690900564193726
    ],
    [
      119,
      0.7697857618331909
    ],
    [
      120,
      0.7704871296882629
    ],
    [
      121,
      0.7711910009384155
    ],
    [
      122,
      0.7718950510025024
    ],
    [
      123,
      0.7725980281829834
    ],
    [
      124,
      0.773298978805542
    ],
    [
      125,
      0.7739978432655334
    ],
    [
      126,
      0.774695634841919
    ],
    [
      127,
      0.7753937244415283
    ],
    [
      128,
      0.7760939002037048
    ],
    [
      129,
      0.7767989039421082
    ],
    [
      130,
      0.777510941028595
    ],
    [
      131,
      0.7782332897186279
    ],
    [
      132,
      0.7789681553840637
    ],
    [
      133,
      0.7797182202339172
    ],
    [
      134,
      0.7804855704307556
    ],
    [
      135,
      0.781271755695343
    ],
    [
      136,
      0.7820780277252197
    ],
    [
      137,
      0.7829045057296753
    ],
    [
      138,
      0.7837516069412231
    ],
    [
      139,
      0.7846184968948364
    ],
    [
      140,
      0.7855039238929749
    ],
    [
      141,
      0.786406397819519
    ],
    [
      142,
      0.7873241901397705
    ],
    [
      143,
      0.7882551550865173
    ],
    [
      144,
      0.7891969084739685
    ],
    [
      145,
      0.7901473641395569
    ],
    [
      146,
      0.7911044955253601
    ],
    [
      147,
      0.792066216468811
    ],
    [
      148,
      0.7930307388305664
    ],
    [
      149,
      0.7939968109130859
    ],
    [
      150,
      0.794963538646698
    ]
  ],
  "trustworthy": true,
  "hit_cap": false,
  "converged": true,
  "trajectory_applicable": true,