{
  "dataset": "diabetes",
  "seed": 1,
  "arm": "w_sweep",
  "width": 6,
  "held_out_mse": 4239.91748046875,
  "held_out_trajectory": [
    [
      1,
      0.8139760494232178
    ],
    [
      2,
      0.792714536190033
    ],
    [
      3,
      0.7784773111343384
    ],
    [
      4,
      0.7696191072463989
    ],
    [
      5,
      0.7645781636238098
    ],
    [
      6,
      0.7621152997016907
    ],
    [
      7,
      0.7613651752471924
    ],
    [
      8,
      0.7616509199142456
    ],
    [
      9,
      0.7624413967132568
    ],
    [
      10,
      0.7633351683616638
    ],
    [
      11,
      0.7640035152435303
    ],
    [
      12,
      0.7642056941986084
    ],
    [
      13,
      0.7638290524482727
    ],
    [
      14,
      0.7628974914550781
    ],
    [
      15,
      0.7615522742271423
    ],
    [
      16,
      0.7600139379501343
    ],
    [
      17,
      0.7585234642028809
    ],
    [
      18,
      0.7572801113128662
    ],
    [
      19,
      0.7564021348953247
    ],
    [
      20,
      0.7559114098548889
    ],
    [
      21,
      0.7557346820831299
    ],
    [
      22,
      0.7557232975959778
    ],
    [
      23,
      0.7557008266448975
    ],
    [
      24,
      0.7555277943611145
    ],
    [
      25,
      0.7551517486572266
    ],
    [
      26,
      0.7546203136444092
    ],
    [
      27,
      0.7540555000305176
    ],
    [
      28,
      0.7536019682884216
    ],
    [
      29,
      0.7533700466156006
    ],
    [
      30,
      0.7533897757530212
    ],
    [
      31,
      0.7535890936851501
    ],
    [
      32,
      0.7537992000579834
    ],
    [
      33,
      0.753786563873291
    ],
    [
      34,
      0.7533020973205566
    ],
    [
      35,
      0.7521339654922485
    ],
    [
      36,
      0.7501504421234131
    ],
    [
      37,
      0.7473231554031372
    ],
    [
      38,
      0.7437281012535095
    ],
    [
      39,
      0.7395298480987549
    ],
    [
      40,
      0.734953761100769
    ],
    [
      41,
      0.7302550077438354
    ],
    [
      42,
      0.7256863713264465
    ],
    [
      43,
      0.7214734554290771
    ],
    [
      44,
      0.7177969813346863
    ],
    [
      45,
      0.7147845029830933
    ],
    [
      46,
      0.7125105857849121
    ],
    [
      47,
      0.7110037207603455
    ],
    [
      48,
      0.7102560997009277
    ],
    [
      49,
      0.7102344036102295
    ],
    [
      50,
      0.7108852863311768
    ],
    [
      51,
      0.7121403813362122
    ],
    [
      52,
      0.7139168977737427
    ],
    [
      53,
      0.7161175608634949
    ],
    [
      54,
      0.7186340093612671
    ],
    [
      55,
      0.7213513851165771
    ],
    [
      56,
      0.7241564393043518
    ],
    [
      57,
      0.7269461154937744
    ],
    [
      58,
      0.7296348214149475
    ],
    [
      59,
      0.7321577072143555
    ],
    [
      60,
      0.7344688773155212
    ],
    [
      61,
      0.7365367412567139
    ],
    [
      62,
      0.7383365631103516
    ],
    [
      63,
      0.7398463487625122
    ],
    [
      64,
      0.741043746471405
    ],
    [
      65,
      0.7419078350067139
    ],
    [
      66,
      0.7424232959747314
    ],
    [
      67,
      0.7425839900970459
    ],
    [
      68,
      0.7423969507217407
    ],
    [
      69,
      0.7418830394744873
    ],
    [
      70,
      0.7410760521888733
    ],
    [
      71,
      0.740021288394928
    ],
    [
      72,
      0.7387718558311462
    ],
    [
      73,
      0.7373867034912109
    ],
    [
      74,
      0.7359264492988586
    ],
    [
      75,
      0.7344515323638916
    ],
    [
      76,
      0.7330177426338196
    ],
    [
      77,
      0.7316720485687256
    ],
    [
      78,
      0.7304486036300659
    ],
    [
      79,
      0.7293646335601807
    ],
    [
      80,
      0.728417158126831
    ],
    [
      81,
      0.7275831699371338
    ],
    [
      82,
      0.7268214225769043
    ],
    [
      83,
      0.7260777950286865
    ],
    [
      84,
      0.725292444229126
    ],
    [
      85,
      0.7244073748588562
    ],
    [
      86,
      0.7233736515045166
    ],
    [
      87,
      0.722156822681427
    ],
    [
      88,
      0.7207411527633667
    ],
    [
      89,
      0.7191310524940491
    ],
    [
      90,
      0.7173499464988708
    ],
    [
      91,
      0.7154385447502136
    ],
    [
      92,
      0.7134490013122559
    ],
    [
      93,
      0.7114400267601013
    ],
    [
      94,
      0.7094695568084717
    ],
    [
      95,
      0.7075895071029663
    ],
    [
      96,
      0.7058417797088623
    ],
    [
      97,
      0.7042561769485474
    ],
    [
      98,
      0.702850878238678
    ],
    [
      99,
      0.7016336917877197
    ],
    [
      100,
      0.7006045579910278
    ],
    [
      101,
      0.6997577548027039
    ],
    [
      102,
      0.6990834474563599
    ],
    [
      103,
      0.6985687017440796
    ],
    [
      104,
      0.6981993913650513
    ],
    [
      105,
      0.6979601383209229
    ],
    [
      106,
      0.6978362798690796
    ],
    [
      107,
      0.69781494140625
    ],
    [
      108,
      0.6978863477706909
    ],
    [
      109,
      0.6980453729629517
    ],
    [
      110,
      0.6982918381690979
    ],
    [
      111,
      0.698631227016449
    ],
    [
      112,
      0.6990739703178406
    ],
    [
      113,
      0.699633777141571
    ],
    [
      114,
      0.7003260850906372
    ],
    [
      115,
      0.7011653184890747
    ],
    [
      116,
      0.7021617889404297
    ],
    [
      117,
      0.7033204436302185
    ],
    [
      118,
      0.7046388983726501
    ],
    [
      119,
      0.7061077356338501
    ],
    [
      120,
      0.7077114582061768
    ],
    [
      121,
      0.7094303369522095
    ],
    [
      122,
      0.7112430930137634
    ],
    [
      123,
      0.7131292223930359
    ],
    [
      124,
      0.7150723338127136
    ],
    [
      125,
      0.7170614004135132
    ],
    [
      126,
      0.7190917134284973
    ],
    [
      127,
      0.7211661338806152
    ],
    [
      128,
      0.7232930064201355
    ],
    [
      129,
      0.7254853248596191
    ],
    [
      130,
      0.72775799036026
    ],
    [
      131,
      0.7301266193389893
    ],
    [
      132,
      0.7326046228408813
    ],
    [
      133,
      0.7352017760276794
    ],
    [
      134,
      0.7379240393638611
    ],
    [
      135,
      0.7407718896865845
    ],
    [
      136,
      0.7437412738800049
    ],
    [
      137,
      0.7468242049217224
    ],
    [
      138,
      0.7500103116035461
    ],
    [
      139,
      0.753288745880127
    ],
    [
      140,
      0.7566500902175903
    ],
    [
      141,
      0.7600891590118408
    ],
    [
      142,
      0.7636058330535889
    ],
    [
      143,
      0.767206072807312
    ],
    [
      144,
      0.7709015607833862
    ],
    [
      145,
      0.774707555770874
    ],
    [
      146,
      0.7786415219306946
    ],
    [
      147,
      0.782720148563385
    ],
    [
      148,
      0.786956250667572
    ],
    [
      149,
      0.7913576364517212
    ],
    [
      150,
      0.7959249019622803
    ],
    [
      151,
      0.8006515502929688
    ],
    [
      152,
      0.8055238723754883
    ],
    [
      153,
      0.8105218410491943
    ],
    [
      154,
      0.8156197667121887
    ],
    [
      155,
      0.8207898139953613
    ],
    [
      156,
      0.8260032534599304
    ],
    [
      157,
      0.8312343955039978
    ],
    [
      158,
      0.8364648818969727
    ],
    [
      159,
      0.8416845202445984
    ],
    [
      160,
      0.8468927145004272
    ],
    [
      161,
      0.8520948886871338
    ],
    [
      162,
      0.8572981357574463
    ],
    [
      163,
      0.862504243850708
    ],
