{
  "dataset": "diabetes",
  "seed": 0,
  "arm": "w_sweep",
  "width": 8,
  "held_out_mse": 3368.8603515625,
  "held_out_trajectory": [
    [
      1,
      1.161466360092163
    ],
    [
      2,
      1.0606943368911743
    ],
    [
      3,
      0.9768635630607605
    ],
    [
      4,
      0.9081809520721436
    ],
    [
      5,
      0.8527411818504333
    ],
    [
      6,
      0.8085881471633911
    ],
    [
      7,
      0.7736866474151611
    ],
    [
      8,
      0.7459914088249207
    ],
    [
      9,
      0.7237083911895752
    ],
    [
      10,
      0.7054456472396851
    ],
    [
      11,
      0.6902041435241699
    ],
    [
      12,
      0.6772841215133667
    ],
    [
      13,
      0.6661775708198547
    ],
    [
      14,
      0.6565012335777283
    ],
    [
      15,
      0.6479687690734863
    ],
    [
      16,
      0.6403782367706299
    ],
    [
      17,
      0.6336010694503784
    ],
    [
      18,
      0.6275641918182373
    ],
    [
      19,
      0.62222820520401
    ],
    [
      20,
      0.6175633668899536
    ],
    [
      21,
      0.6135250926017761
    ],
    [
      22,
      0.6100345849990845
    ],
    [
      23,
      0.6069688200950623
    ],
    [
      24,
      0.6041641235351562
    ],
    [
      25,
      0.6014341711997986
    ],
    [
      26,
      0.5985981822013855
    ],
    [
      27,
      0.595509946346283
    ],
    [
      28,
      0.5920783281326294
    ],
    [
      29,
      0.5882749557495117
    ],
    [
      30,
      0.5841288566589355
    ],
    [
      31,
      0.5797128081321716
    ],
    [
      32,
      0.5751248598098755
    ],
    [
      33,
      0.5704689025878906
    ],
    [
      34,
      0.5658391714096069
    ],
    [
      35,
      0.5613085031509399
    ],
    [
      36,
      0.5569238662719727
    ],
    [
      37,
      0.552708089351654
    ],
    [
      38,
      0.5486654043197632
    ],
    [
      39,
      0.5447906255722046
    ],
    [
      40,
      0.5410768389701843
    ],
    [
      41,
      0.5375196933746338
    ],
    [
      42,
      0.5341188907623291
    ],
    [
      43,
      0.5308752655982971
    ],
    [
      44,
      0.5277864933013916
    ],
    [
      45,
      0.5248453617095947
    ],
    [
      46,
      0.5220388770103455
    ],
    [
      47,
      0.5193518400192261
    ],
    [
      48,
      0.5167726874351501
    ],
    [
      49,
      0.5142991542816162
    ],
    [
      50,
      0.5119426250457764
    ],
    [
      51,
      0.5097290277481079
    ],
    [
      52,
      0.5076951384544373
    ],
    [
      53,
      0.5058829188346863
    ],
    [
      54,
      0.5043312907218933
    ],
    [
      55,
      0.5030701160430908
    ],
    [
      56,
      0.5021153688430786
    ],
    [
      57,
      0.5014673471450806
    ],
    [
      58,
      0.5011126399040222
    ],
    [
      59,
      0.5010269284248352
    ],
    [
      60,
      0.5011784434318542
    ],
    [
      61,
      0.5015308260917664
    ],
    [
      62,
      0.5020442605018616
    ],
    [
      63,
      0.5026756525039673
    ],
    [
      64,
      0.5033783316612244
    ],
    [
      65,
      0.5041021704673767
    ],
    [
      66,
      0.504796028137207
    ],
    [
      67,
      0.5054107308387756
    ],
    [
      68,
      0.5059036612510681
    ],
    [
      69,
      0.5062432289123535
    ],
    [
      70,
      0.5064125061035156
    ],
    [
      71,
      0.5064100623130798
    ],
    [
      72,
      0.5062490105628967
    ],
    [
      73,
      0.5059540867805481
    ],
    [
      74,
      0.5055573582649231
    ],
    [
      75,
      0.5050939321517944
    ],
    [
      76,
      0.5045980215072632
    ],
    [
      77,
      0.504100501537323
    ],
    [
      78,
      0.5036271214485168
    ],
    [
      79,
      0.5031976699829102
    ],
    [
      80,
      0.5028260350227356
    ],
    [
      81,
      0.5025196075439453
    ],
    [
      82,
      0.5022805333137512
    ],
    [
      83,
      0.5021061897277832
    ],
    [
      84,
      0.5019902586936951
    ],
    [
      85,
      0.5019254088401794
    ],
    [
      86,
      0.5019047856330872
    ],
    [
      87,
      0.5019242167472839
    ],
    [
      88,
      0.5019825100898743
    ],
    [
      89,
      0.5020831823348999
    ],
    [
      90,
      0.5022322535514832
    ],
    [
      91,
      0.5024377703666687
    ],
    [
      92,
      0.5027078986167908
    ],
    [
      93,
      0.5030494332313538
    ],
    [
      94,
      0.5034662485122681
    ],
    [
      95,
      0.5039586424827576
    ],
    [
      96,
      0.5045232772827148
    ],
    [
      97,
      0.505152702331543
    ],
    [
      98,
      0.5058367252349854
    ],
    [
      99,
      0.5065624713897705
    ],
    [
      100,
      0.5073168277740479
    ],
    [
      101,
      0.5080870389938354
    ],
    [
      102,
      0.5088632106781006
    ],
    [
      103,
      0.5096390843391418
    ],
    [
      104,
      0.5104135870933533
    ],
    [
      105,
      0.5111905336380005
    ],
    [
      106,
      0.5119786858558655
    ],
    [
      107,
      0.5127899050712585
    ],
    [
      108,
      0.5136386156082153
    ],
    [
      109,
      0.5145394206047058
    ],
    [
      110,
      0.5155060887336731
    ],
    [
      111,
      0.5165501236915588
    ],
    [
      112,
      0.5176804065704346
    ],
    [
      113,
      0.5189021229743958
    ],
    [
      114,
      0.5202181339263916
    ],
    [
      115,
      0.5216280817985535
    ],
    [
      116,
      0.5231305360794067
    ],
    [
      117,
      0.5247228145599365
    ],
    [
      118,
      0.5264019966125488
    ],
    [
      119,
      0.5281659960746765
    ]
  ],
  "trustworthy": true,
  "hit_cap": false,
  "converged": true,
  "trajectory_applicable": true,
  "select_squared_error": [
    0.3472643494606018,
    2.261044979095459,
    1.9982898235321045,
    0.006313888356089592,
    0.44142162799835205,
    0.011650609783828259,
    0.004249279852956533,
    1.506131649017334,
    0.9741703867912292,
    0.007212973665446043,
    2.0704619884490967,
    0.768706738948822,
    0.4025995135307312,
    0.5327663421630859,
    1.6354389190673828,
    0.8684045672416687,
    0.06287747621536255,
    0.011221814900636673,
    0.4039086103439331,
    0.9209801554679871,
    0.07872208207845688,
    0.351483017206192,
    2.3727102279663086,
    0.8224117159843445,
    1.9346423149108887,
    0.0014523053541779518,
    0.08470598608255386,
    1.7727113962173462,
    0.07929954677820206,
    1.6344795227050781,
    0.2968996465206146,
    3.1339542865753174,
    0.5999152660369873,
    0.3669031262397766,
    0.3558945059776306,
    0.12277381122112274,
    1.5661845207214355,
    1.9184746742248535,
    6.422484874725342,
    0.969333291053772,
    0.12353626638650894,
    0.01423151046037674,
    0.0628490224480629,
    0.05482376366853714,
    0.20333027839660645,
    0.11660082638263702,
    0.002007338684052229,
    0.1640796810388565,
    1.12124502658844,
    0.15465523302555084,
    0.005503708031028509,
    0.0010572981555014849,
    0.06336314231157303
  ],
  "n_selection_used": 53,
  "training_macs": 4429656,
  "n_train_used": 141,
  "actual_epochs": 119,
  "selection_cost": null,
  "config": {
    "d": 10,
    "lr": 0.01,
    "patience": 60,
    "min_delta": 0.0001,
    "batch_size": 141,
    "epoch_cap": 6000,
    "test_fraction": 0.2,
    "max_train": null,
    "fraction_pct": 15
  },
  "constants": {
    "selection_fraction": {
      "source": "/home/ff235/dev/MLResearch/automl/automl_package/examples/capacity_ladder_results/WSEL6/frozen.json",
      "fraction": 0.15,
      "fraction_pct": 15
    },
    "width_ladder": {
      "source": "/home/ff235/dev/MLResearch/automl/automl_package/examples/capacity_ladder_results/WSEL8/hetero_0.json",