{
  "dataset": "diabetes",
  "seed": 0,
  "arm": "w_sweep",
  "width": 2,
  "held_out_mse": 3425.1982421875,
  "held_out_trajectory": [
    [
      1,
      1.686242938041687
    ],
    [
      2,
      1.6085249185562134
    ],
    [
      3,
      1.5350761413574219
    ],
    [
      4,
      1.4674516916275024
    ],
    [
      5,
      1.4052398204803467
    ],
    [
      6,
      1.3477451801300049
    ],
    [
      7,
      1.2945441007614136
    ],
    [
      8,
      1.2453479766845703
    ],
    [
      9,
      1.1998885869979858
    ],
    [
      10,
      1.157850742340088
    ],
    [
      11,
      1.1188417673110962
    ],
    [
      12,
      1.0824075937271118
    ],
    [
      13,
      1.0481189489364624
    ],
    [
      14,
      1.0156859159469604
    ],
    [
      15,
      0.9850010275840759
    ],
    [
      16,
      0.9560763835906982
    ],
    [
      17,
      0.9289576411247253
    ],
    [
      18,
      0.9036694765090942
    ],
    [
      19,
      0.880199134349823
    ],
    [
      20,
      0.8584997653961182
    ],
    [
      21,
      0.8384974002838135
    ],
    [
      22,
      0.8201020956039429
    ],
    [
      23,
      0.8032135963439941
    ],
    [
      24,
      0.7877271175384521
    ],
    [
      25,
      0.7735354900360107
    ],
    [
      26,
      0.7605311870574951
    ],
    [
      27,
      0.7486072778701782
    ],
    [
      28,
      0.7376576662063599
    ],
    [
      29,
      0.7275781035423279
    ],
    [
      30,
      0.718267023563385
    ],
    [
      31,
      0.7096274495124817
    ],
    [
      32,
      0.7015685439109802
    ],
    [
      33,
      0.6940073370933533
    ],
    [
      34,
      0.6868702173233032
    ],
    [
      35,
      0.6800952553749084
    ],
    [
      36,
      0.6736321449279785
    ],
    [
      37,
      0.6674442887306213
    ],
    [
      38,
      0.6615080237388611
    ],
    [
      39,
      0.6558135151863098
    ],
    [
      40,
      0.650362491607666
    ],
    [
      41,
      0.6451666355133057
    ],
    [
      42,
      0.6402432918548584
    ],
    [
      43,
      0.6356116533279419
    ],
    [
      44,
      0.6312873959541321
    ],
    [
      45,
      0.6272780895233154
    ],
    [
      46,
      0.6235803365707397
    ],
    [
      47,
      0.6201779842376709
    ],
    [
      48,
      0.6170445680618286
    ],
    [
      49,
      0.6141459345817566
    ],
    [
      50,
      0.6114451885223389
    ],
    [
      51,
      0.6089082360267639
    ],
    [
      52,
      0.6065073013305664
    ],
    [
      53,
      0.6042231917381287
    ],
    [
      54,
      0.602046549320221
    ],
    [
      55,
      0.5999765396118164
    ],
    [
      56,
      0.5980193018913269
    ],
    [
      57,
      0.5961853861808777
    ],
    [
      58,
      0.5944870710372925
    ],
    [
      59,
      0.5929372906684875
    ],
    [
      60,
      0.5915464162826538
    ],
    [
      61,
      0.5903222560882568
    ],
    [
      62,
      0.5892686247825623
    ],
    [
      63,
      0.5883851647377014
    ],
    [
      64,
      0.58766770362854
    ],
    [
      65,
      0.5871086120605469
    ],
    [
      66,
      0.5866978168487549
    ],
    [
      67,
      0.5864237546920776
    ],
    [
      68,
      0.586274266242981
    ],
    [
      69,
      0.5862373113632202
    ],
    [
      70,
      0.5863016247749329
    ],
    [
      71,
      0.5864569544792175
    ],
    [
      72,
      0.5866937041282654
    ],
    [
      73,
      0.5870029330253601
    ],
    [
      74,
      0.587375819683075
    ],
    [
      75,
      0.587803304195404
    ],
    [
      76,
      0.5882752537727356
    ],
    [
      77,
      0.5887805819511414
    ],
    [
      78,
      0.5893065333366394
    ],
    [
      79,
      0.5898387432098389
    ],
    [
      80,
      0.5903611183166504
    ],
    [
      81,
      0.590856671333313
    ],
    [
      82,
      0.5913071036338806
    ],
    [
      83,
      0.5916945338249207
    ],
    [
      84,
      0.5920014381408691
    ],
    [
      85,
      0.5922114849090576
    ],
    [
      86,
      0.592310905456543
    ],
    [
      87,
      0.5922887325286865
    ],
    [
      88,
      0.5921370983123779
    ],
    [
      89,
      0.5918521285057068
    ],
    [
      90,
      0.5914333462715149
    ],
    [
      91,
      0.5908842086791992
    ],
    [
      92,
      0.5902109742164612
    ],
    [
      93,
      0.5894228219985962
    ],
    [
      94,
      0.5885306000709534
    ],
    [
      95,
      0.5875467658042908
    ],
    [
      96,
      0.5864840745925903
    ],
    [
      97,
      0.5853553414344788
    ],
    [
      98,
      0.584172785282135
    ],
    [
      99,
      0.5829473733901978
    ],
    [
      100,
      0.5816890597343445
    ],
    [
      101,
      0.5804059505462646
    ],
    [
      102,
      0.5791050791740417
    ],
    [
      103,
      0.5777914524078369
    ],
    [
      104,
      0.5764696598052979
    ],
    [
      105,
      0.575142502784729
    ],
    [
      106,
      0.5738126039505005
    ],
    [
      107,
      0.5724819898605347
    ],
    [
      108,
      0.5711524486541748
    ],
    [
      109,
      0.5698258876800537
    ],
    [
      110,
      0.5685048699378967
    ],
    [
      111,
      0.5671918392181396
    ],
    [
      112,
      0.5658898949623108
    ],
    [
      113,
      0.5646026730537415
    ],
    [
      114,
      0.5633342266082764
    ],
    [
      115,
      0.5620887279510498
    ],
    [
      116,
      0.5608704090118408
    ],
    [
      117,
      0.5596834421157837
    ],
    [
      118,
      0.5585315823554993
    ],
    [
      119,
      0.5574185252189636
    ],
    [
      120,
      0.556347131729126
    ],
    [
      121,
      0.5553198456764221
    ],
    [
      122,
      0.5543385744094849
    ],
    [
      123,
      0.5534045696258545
    ],
    [
      124,
      0.5525189638137817
    ],
    [
      125,
      0.55168217420578
    ],
    [
      126,
      0.5508947372436523
    ],
    [
      127,
      0.5501570105552673
    ],
    [
      128,
      0.5494692921638489
    ],
    [
      129,
      0.5488321781158447
    ],
    [
      130,
      0.5482461452484131
    ],
    [
      131,
      0.5477120876312256
    ],
    [
      132,
      0.54723060131073
    ],
    [
      133,
      0.5468024611473083
    ],
    [
      134,
      0.5464284420013428
    ],
    [
      135,
      0.5461090207099915
    ],
    [
      136,
      0.5458443760871887
    ],
    [
      137,
      0.5456343293190002
    ],
    [
      138,
      0.5454782247543335
    ],
    [
      139,
      0.5453751087188721
    ],
    [
      140,
      0.5453236103057861
    ],
    [
      141,
      0.5453221797943115
    ],
    [
      142,
      0.5453689098358154
    ],
    [
      143,
      0.5454619526863098
    ],
    [
      144,
      0.5455993413925171
    ],
    [
      145,
      0.5457795262336731
    ],
    [
      146,
      0.5460007190704346
    ],
    [
      147,
      0.5462620258331299
    ],
    [
      148,
      0.5465623140335083
    ],
    [
      149,
      0.5469009876251221
    ],
    [
      150,
      0.5472778081893921
    ],
    [
      151,
      0.547692596912384
    ],
    [
      152,
      0.5481455326080322
    ],
    [
      153,
      0.5486363172531128
    ],
    [
      154,
      0.5491651892662048
    ],
    [
      155,
      0.549731969833374
    ],
    [
      156,
      0.5503364205360413
    ],
    [
      157,
      0.5509780645370483
    ],
    [
      158,
      0.5516560673713684
    ],
    [
      159,
      0.5523695945739746
    ],
    [
      160,
      0.5531174540519714
    ],
    [
      161,
      0.5538983941078186
    ],
    [
      162,
      0.5547109246253967
    ],
    [
      163,
      0.555553674697876
    ],
    [
