{
  "dataset": "diabetes",
  "seed": 0,
  "arm": "w_sweep",
  "width": 10,
  "held_out_mse": 3200.93115234375,
  "held_out_trajectory": [
    [
      1,
      1.3166013956069946
    ],
    [
      2,
      1.2077144384384155
    ],
    [
      3,
      1.1136919260025024
    ],
    [
      4,
      1.03263521194458
    ],
    [
      5,
      0.96253901720047
    ],
    [
      6,
      0.9023095369338989
    ],
    [
      7,
      0.8514416813850403
    ],
    [
      8,
      0.8093927502632141
    ],
    [
      9,
      0.7751635313034058
    ],
    [
      10,
      0.747259795665741
    ],
    [
      11,
      0.7239981889724731
    ],
    [
      12,
      0.7038471698760986
    ],
    [
      13,
      0.6856250166893005
    ],
    [
      14,
      0.6685558557510376
    ],
    [
      15,
      0.6522418260574341
    ],
    [
      16,
      0.6365959048271179
    ],
    [
      17,
      0.6217619776725769
    ],
    [
      18,
      0.6080244183540344
    ],
    [
      19,
      0.5957143902778625
    ],
    [
      20,
      0.585117757320404
    ],
    [
      21,
      0.5763936042785645
    ],
    [
      22,
      0.5695165991783142
    ],
    [
      23,
      0.5642579197883606
    ],
    [
      24,
      0.5602149367332458
    ],
    [
      25,
      0.5568870306015015
    ],
    [
      26,
      0.5537763833999634
    ],
    [
      27,
      0.550483226776123
    ],
    [
      28,
      0.5467698574066162
    ],
    [
      29,
      0.5425825119018555
    ],
    [
      30,
      0.5380341410636902
    ],
    [
      31,
      0.5333617329597473
    ],
    [
      32,
      0.5288686156272888
    ],
    [
      33,
      0.524863064289093
    ],
    [
      34,
      0.5216014385223389
    ],
    [
      35,
      0.5192452073097229
    ],
    [
      36,
      0.5178380012512207
    ],
    [
      37,
      0.5173109173774719
    ],
    [
      38,
      0.5175143480300903
    ],
    [
      39,
      0.5182673931121826
    ],
    [
      40,
      0.5194084644317627
    ],
    [
      41,
      0.5208308100700378
    ],
    [
      42,
      0.5224912166595459
    ],
    [
      43,
      0.5243944525718689
    ],
    [
      44,
      0.5265606045722961
    ],
    [
      45,
      0.5289911031723022
    ],
    [
      46,
      0.5316433310508728
    ],
    [
      47,
      0.5344226360321045
    ],
    [
      48,
      0.5371928215026855
    ],
    [
      49,
      0.5397993326187134
    ],
    [
      50,
      0.5420988202095032
    ],
    [
      51,
      0.54398512840271
    ],
    [
      52,
      0.5454046130180359
    ],
    [
      53,
      0.5463602542877197
    ],
    [
      54,
      0.5469020009040833
    ],
    [
      55,
      0.5471107959747314
    ],
    [
      56,
      0.5470784306526184
    ],
    [
      57,
      0.5468906760215759
    ],
    [
      58,
      0.54661625623703
    ],
    [
      59,
      0.5463030338287354
    ],
    [
      60,
      0.5459809303283691
    ],
    [
      61,
      0.545669436454773
    ],
    [
      62,
      0.5453846454620361
    ],
    [
      63,
      0.5451442003250122
    ],
    [
      64,
      0.5449681282043457
    ],
    [
      65,
      0.5448756217956543
    ],
    [
      66,
      0.5448805689811707
    ],
    [
      67,
      0.5449873208999634
    ],
    [
      68,
      0.5451890826225281
    ],
    [
      69,
      0.5454705357551575
    ],
    [
      70,
      0.5458126664161682
    ],
    [
      71,
      0.5461981296539307
    ],
    [
      72,
      0.5466171503067017
    ],
    [
      73,
      0.5470689535140991
    ],
    [
      74,
      0.5475612282752991
    ],
    [
      75,
      0.5481066703796387
    ],
    [
      76,
      0.5487184524536133
    ],
    [
      77,
      0.5494062900543213
    ],
    [
      78,
      0.5501744151115417
    ],
    [
      79,
      0.5510209798812866
    ],
    [
      80,
      0.5519405603408813
    ],
    [
      81,
      0.5529245734214783
    ],
    [
      82,
      0.5539648532867432
    ],
    [
      83,
      0.5550529956817627
    ],
    [
      84,
      0.5561823844909668
    ],
    [
      85,
      0.5573481321334839
    ],
    [
      86,
      0.5585483908653259
    ],
    [
      87,
      0.5597853660583496
    ],
    [
      88,
      0.5610666871070862
    ],
    [
      89,
      0.5624052882194519
    ],
    [
      90,
      0.5638183951377869
    ],
    [
      91,
      0.565324604511261
    ],
    [
      92,
      0.5669401288032532
    ],
    [
      93,
      0.5686751008033752
    ],
    [
      94,
      0.5705305933952332
    ],
    [
      95,
      0.5724974870681763
    ],
    [
      96,
      0.5745565891265869
    ],
    [
      97,
      0.5766798257827759
    ]
  ],
  "trustworthy": true,
  "hit_cap": false,
  "converged": true,
  "trajectory_applicable": true,
  "select_squared_error": [
    0.2950526475906372,
    1.7435779571533203,
    1.2777843475341797,
    0.05095095932483673,
    0.08264774829149246,
    0.24536173045635223,
    0.012654951773583889,
    1.3966960906982422,
    1.6247860193252563,
    0.011827699840068817,
    1.2704495191574097,
    1.1719856262207031,
    0.45691943168640137,
    0.739852249622345,
    2.0074641704559326,
    0.7347256541252136,
    0.04438400641083717,
    0.09476452320814133,
    0.23492908477783203,
    1.254038691520691,
    0.05481346324086189,
    0.3438464105129242,
    1.0887672901153564,
    0.2867659330368042,
    0.455415278673172,
    0.044527072459459305,
    0.09601299464702606,
    1.3880083560943604,
    0.10185953974723816,
    3.067028760910034,
    0.11345598846673965,
    1.6346429586410522,
    0.0968284085392952,
    0.47121909260749817,
    0.19920110702514648,
    0.028521094471216202,
    1.3187843561172485,
    3.3326101303100586,
    5.767269611358643,
    1.1225652694702148,
    0.13058778643608093,
    0.020451251417398453,
    0.05138164013624191,
    8.200631214094756e-07,
    0.26556509733200073,
    0.045216042548418045,
    0.038346484303474426,
    0.1503380388021469,
    2.565548896789551,
    0.15635378658771515,
    0.004356938414275646,
    0.09528238326311111,
    0.0008122409926727414
  ],
  "n_selection_used": 53,
  "training_macs": 4513410,
  "n_train_used": 141,
  "actual_epochs": 97,
  "selection_cost": null,
  "config": {
    "d": 10,
    "lr": 0.01,
    "patience": 60,
    "min_delta": 0.0001,
    "batch_size": 141,
    "epoch_cap": 6000,
    "test_fraction": 0.2,
    "max_train": null,
    "fraction_pct": 15
  },
  "constants": {
    "selection_fraction": {
      "source": "/home/ff235/dev/MLResearch/automl/automl_package/examples/capacity_ladder_results/WSEL6/frozen.json",
      "fraction": 0.15,
      "fraction_pct": 15
    },
    "width_ladder": {
      "source": "/home/ff235/dev/MLResearch/automl/automl_package/examples/capacity_ladder_results/WSEL8/hetero_0.json",
      "w_max": 12
    },
    "router": {
      "source": "/home/ff235/dev/MLResearch/automl/automl_package/examples/capacity_ladder_results/WSEL7/frozen.json",
      "invariant": false,
      "ratified_default": {
        "hidden": 32,
        "depth": 2,
        "epochs": 300,
        "lr": 0.01
      },
      "ruling": "width.md WSEL-7 2026-07-22 sign-off ruling 1: frozen default STAYS, new_default NOT adopted"
    }
  },
  "provenance": {
    "timestamp_utc": "2026-07-22T18:32:59+00:00",
    "git": {
      "commit": "2a22061a952104f39e07bd32de1771791876c6d9",
      "dirty": true
    },
    "python": "3.12.13",
    "torch": "2.10.0+xpu",
    "numpy": "2.4.3",
    "platform": "Linux-7.1.3-200.fc44.x86_64-x86_64-with-glibc2.43",
    "threads": {
      "omp_num_threads": "4",
      "torch_num_threads": 4,
      "cpu_count": 22
    },
    "automl_device": "cpu"
  }
}