{
  "dataset": "diabetes",
  "seed": 0,
  "arm": "w_sweep",
  "width": 7,
  "held_out_mse": 3132.372802734375,
  "held_out_trajectory": [
    [
      1,
      1.4198377132415771
    ],
    [
      2,
      1.2665263414382935
    ],
    [
      3,
      1.1345458030700684
    ],
    [
      4,
      1.0234144926071167
    ],
    [
      5,
      0.9321620464324951
    ],
    [
      6,
      0.8588415384292603
    ],
    [
      7,
      0.8009603023529053
    ],
    [
      8,
      0.7557971477508545
    ],
    [
      9,
      0.7206522822380066
    ],
    [
      10,
      0.693071722984314
    ],
    [
      11,
      0.6709954142570496
    ],
    [
      12,
      0.6527836322784424
    ],
    [
      13,
      0.6371676921844482
    ],
    [
      14,
      0.6231958866119385
    ],
    [
      15,
      0.6102044582366943
    ],
    [
      16,
      0.5977976322174072
    ],
    [
      17,
      0.5858200788497925
    ],
    [
      18,
      0.5743151903152466
    ],
    [
      19,
      0.5634675621986389
    ],
    [
      20,
      0.5535404682159424
    ],
    [
      21,
      0.5448113083839417
    ],
    [
      22,
      0.5375134348869324
    ],
    [
      23,
      0.5317891240119934
    ],
    [
      24,
      0.5276602506637573
    ],
    [
      25,
      0.5250208377838135
    ],
    [
      26,
      0.5236561298370361
    ],
    [
      27,
      0.5232819318771362
    ],
    [
      28,
      0.5235913395881653
    ],
    [
      29,
      0.5242956876754761
    ],
    [
      30,
      0.5251534581184387
    ],
    [
      31,
      0.5259871482849121
    ],
    [
      32,
      0.5266876220703125
    ],
    [
      33,
      0.5272113084793091
    ],
    [
      34,
      0.5275695323944092
    ],
    [
      35,
      0.5278139710426331
    ],
    [
      36,
      0.5280208587646484
    ],
    [
      37,
      0.5282731652259827
    ],
    [
      38,
      0.5286440849304199
    ],
    [
      39,
      0.5291852355003357
    ],
    [
      40,
      0.529918909072876
    ],
    [
      41,
      0.5308389663696289
    ],
    [
      42,
      0.5319182276725769
    ],
    [
      43,
      0.5331207513809204
    ],
    [
      44,
      0.5344138145446777
    ],
    [
      45,
      0.5357773303985596
    ],
    [
      46,
      0.5372064113616943
    ],
    [
      47,
      0.5387094020843506
    ],
    [
      48,
      0.5403015613555908
    ],
    [
      49,
      0.5419962406158447
    ],
    [
      50,
      0.5437976717948914
    ],
    [
      51,
      0.5456951260566711
    ],
    [
      52,
      0.5476614832878113
    ],
    [
      53,
      0.5496547222137451
    ],
    [
      54,
      0.5516226887702942
    ],
    [
      55,
      0.5535105466842651
    ],
    [
      56,
      0.5552663207054138
    ],
    [
      57,
      0.5568469166755676
    ],
    [
      58,
      0.5582228302955627
    ],
    [
      59,
      0.5593783855438232
    ],
    [
      60,
      0.5603125691413879
    ],
    [
      61,
      0.5610369443893433
    ],
    [
      62,
      0.5615728497505188
    ],
    [
      63,
      0.5619484782218933
    ],
    [
      64,
      0.5621957778930664
    ],
    [
      65,
      0.562348484992981
    ],
    [
      66,
      0.5624399781227112
    ],
    [
      67,
      0.5625022053718567
    ],
    [
      68,
      0.562565267086029
    ],
    [
      69,
      0.5626567006111145
    ],
    [
      70,
      0.562801718711853
    ],
    [
      71,
      0.5630221962928772
    ],
    [
      72,
      0.563336968421936
    ],
    [
      73,
      0.5637608766555786
    ],
    [
      74,
      0.5643048286437988
    ],
    [
      75,
      0.5649750828742981
    ],
    [
      76,
      0.5657737255096436
    ],
    [
      77,
      0.5666989684104919
    ],
    [
      78,
      0.5677451491355896
    ],
    [
      79,
      0.5689045786857605
    ],
    [
      80,
      0.5701675415039062
    ],
    [
      81,
      0.5715233683586121
    ],
    [
      82,
      0.5729617476463318
    ],
    [
      83,
      0.5744722485542297
    ],
    [
      84,
      0.5760458707809448
    ],
    [
      85,
      0.5776744484901428
    ],
    [
      86,
      0.5793511271476746
    ],
    [
      87,
      0.5810701847076416
    ]
  ],
  "trustworthy": true,
  "hit_cap": false,
  "converged": true,
  "trajectory_applicable": true,
  "select_squared_error": [
    0.13315574824810028,
    1.5505094528198242,
    2.2294936180114746,
    0.12883895635604858,
    0.009851471520960331,
    0.09404890984296799,
    4.5412787130771903e-07,
    1.3366725444793701,
    1.4961650371551514,
    0.06156357005238533,
    1.0782266855239868,
    1.0479999780654907,
    0.5110499262809753,
    0.7635992169380188,
    2.384354591369629,
    0.6251528859138489,
    0.8214918375015259,
    0.08657682687044144,
    0.09218490868806839,
    1.0194875001907349,
    0.4158722162246704,
    0.3891754150390625,
    0.9067196846008301,
    0.8123052716255188,
    0.49759167432785034,
    0.01375478133559227,
    0.17699085175991058,
    0.8842155337333679,
    0.04149734601378441,
    3.1922948360443115,
    0.062105387449264526,
    1.6900023221969604,
    0.01922190561890602,
    0.39206719398498535,
    0.27834004163742065,
    0.10231881588697433,
    1.9684950113296509,
    2.704406261444092,
    6.954062461853027,
    0.6015657186508179,
    0.35161352157592773,
    9.42322876653634e-05,
    0.17235180735588074,
    0.021220946684479713,
    0.22620245814323425,
    0.08606187254190445,
    0.10561579465866089,
    0.03430956229567528,
    2.4454050064086914,
    0.09301287680864334,
    0.02735261432826519,
    0.03478816896677017,
    0.0015755625208839774
  ],
  "n_selection_used": 53,
  "training_macs": 2833677,
  "n_train_used": 141,
  "actual_epochs": 87,
  "selection_cost": null,
  "config": {
    "d": 10,
    "lr": 0.01,
    "patience": 60,
    "min_delta": 0.0001,
    "batch_size": 141,
    "epoch_cap": 6000,
    "test_fraction": 0.2,
    "max_train": null,
    "fraction_pct": 15
  },
  "constants": {
    "selection_fraction": {
      "source": "/home/ff235/dev/MLResearch/automl/automl_package/examples/capacity_ladder_results/WSEL6/frozen.json",
      "fraction": 0.15,
      "fraction_pct": 15
    },
    "width_ladder": {
      "source": "/home/ff235/dev/MLResearch/automl/automl_package/examples/capacity_ladder_results/WSEL8/hetero_0.json",
      "w_max": 12
    },
    "router": {
      "source": "/home/ff235/dev/MLResearch/automl/automl_package/examples/capacity_ladder_results/WSEL7/frozen.json",
      "invariant": false,
      "ratified_default": {
        "hidden": 32,
        "depth": 2,
        "epochs": 300,
        "lr": 0.01
      },
      "ruling": "width.md WSEL-7 2026-07-22 sign-off ruling 1: frozen default STAYS, new_default NOT adopted"
    }
  },
  "provenance": {
    "timestamp_utc": "2026-07-22T18:32:52+00:00",
    "git": {
      "commit": "2a22061a952104f39e07bd32de1771791876c6d9",
      "dirty": true
    },
    "python": "3.12.13",
    "torch": "2.10.0+xpu",
    "numpy": "2.4.3",
    "platform": "Linux-7.1.3-200.fc44.x86_64-x86_64-with-glibc2.43",
    "threads": {
      "omp_num_threads": "4",
      "torch_num_threads": 4,
      "cpu_count": 22
    },
    "automl_device": "cpu"
  }
}