{
  "dataset": "diabetes",
  "seed": 0,
  "arm": "w_sweep",
  "width": 6,
  "held_out_mse": 3146.1533203125,
  "held_out_trajectory": [
    [
      1,
      0.9434300661087036
    ],
    [
      2,
      0.8900006413459778
    ],
    [
      3,
      0.8467578291893005
    ],
    [
      4,
      0.8117745518684387
    ],
    [
      5,
      0.7832478284835815
    ],
    [
      6,
      0.7598963379859924
    ],
    [
      7,
      0.7406537532806396
    ],
    [
      8,
      0.7245900630950928
    ],
    [
      9,
      0.7108902335166931
    ],
    [
      10,
      0.6988433003425598
    ],
    [
      11,
      0.6879061460494995
    ],
    [
      12,
      0.677729606628418
    ],
    [
      13,
      0.6680946946144104
    ],
    [
      14,
      0.6588571667671204
    ],
    [
      15,
      0.6499318480491638
    ],
    [
      16,
      0.6412937045097351
    ],
    [
      17,
      0.632979154586792
    ],
    [
      18,
      0.6250742673873901
    ],
    [
      19,
      0.6176900267601013
    ],
    [
      20,
      0.610927164554596
    ],
    [
      21,
      0.604839563369751
    ],
    [
      22,
      0.599403440952301
    ],
    [
      23,
      0.5945085883140564
    ],
    [
      24,
      0.5899827480316162
    ],
    [
      25,
      0.5856426358222961
    ],
    [
      26,
      0.5813454985618591
    ],
    [
      27,
      0.5770182609558105
    ],
    [
      28,
      0.572663426399231
    ],
    [
      29,
      0.568347156047821
    ],
    [
      30,
      0.5641775727272034
    ],
    [
      31,
      0.5602709650993347
    ],
    [
      32,
      0.5567165017127991
    ],
    [
      33,
      0.5535497665405273
    ],
    [
      34,
      0.5507504940032959
    ],
    [
      35,
      0.5482591986656189
    ],
    [
      36,
      0.5460004806518555
    ],
    [
      37,
      0.5439023971557617
    ],
    [
      38,
      0.5419090390205383
    ],
    [
      39,
      0.5399831533432007
    ],
    [
      40,
      0.5380995869636536
    ],
    [
      41,
      0.5362343788146973
    ],
    [
      42,
      0.5343561172485352
    ],
    [
      43,
      0.532424807548523
    ],
    [
      44,
      0.5304000377655029
    ],
    [
      45,
      0.5282588005065918
    ],
    [
      46,
      0.5260109305381775
    ],
    [
      47,
      0.5237061977386475
    ],
    [
      48,
      0.5214262008666992
    ],
    [
      49,
      0.5192665457725525
    ],
    [
      50,
      0.5173161029815674
    ],
    [
      51,
      0.5156417489051819
    ],
    [
      52,
      0.5142835974693298
    ],
    [
      53,
      0.5132580995559692
    ],
    [
      54,
      0.5125651955604553
    ],
    [
      55,
      0.5121948719024658
    ],
    [
      56,
      0.5121296644210815
    ],
    [
      57,
      0.5123457908630371
    ],
    [
      58,
      0.5128124952316284
    ],
    [
      59,
      0.5134949684143066
    ],
    [
      60,
      0.5143590569496155
    ],
    [
      61,
      0.5153771638870239
    ],
    [
      62,
      0.5165327787399292
    ],
    [
      63,
      0.5178216099739075
    ],
    [
      64,
      0.5192485451698303
    ],
    [
      65,
      0.5208221673965454
    ],
    [
      66,
      0.5225492715835571
    ],
    [
      67,
      0.5244302749633789
    ],
    [
      68,
      0.5264582633972168
    ],
    [
      69,
      0.5286200046539307
    ],
    [
      70,
      0.5308984518051147
    ],
    [
      71,
      0.5332743525505066
    ],
    [
      72,
      0.5357273817062378
    ],
    [
      73,
      0.5382368564605713
    ],
    [
      74,
      0.5407811999320984
    ],
    [
      75,
      0.5433398485183716
    ],
    [
      76,
      0.5458959937095642
    ],
    [
      77,
      0.548438310623169
    ],
    [
      78,
      0.5509639978408813
    ],
    [
      79,
      0.5534781813621521
    ],
    [
      80,
      0.5559934377670288
    ],
    [
      81,
      0.558526337146759
    ],
    [
      82,
      0.5610953569412231
    ],
    [
      83,
      0.5637187957763672
    ],
    [
      84,
      0.5664137601852417
    ],
    [
      85,
      0.5691959261894226
    ],
    [
      86,
      0.5720794796943665
    ],
    [
      87,
      0.5750771760940552
    ],
    [
      88,
      0.5781993269920349
    ],
    [
      89,
      0.5814544558525085
    ],
    [
      90,
      0.5848483443260193
    ],
    [
      91,
      0.588384747505188
    ],
    [
      92,
      0.5920649170875549
    ],
    [
      93,
      0.5958879590034485
    ],
    [
      94,
      0.5998507142066956
    ],
    [
      95,
      0.6039474010467529
    ],
    [
      96,
      0.6081702709197998
    ],
    [
      97,
      0.6125096678733826
    ],
    [
      98,
      0.6169554591178894
    ],
    [
      99,
      0.6214982271194458
    ],
    [
      100,
      0.6261305212974548
    ],
    [
      101,
      0.6308474540710449
    ],
    [
      102,
      0.635647177696228
    ],
    [
      103,
      0.640531063079834
    ],
    [
      104,
      0.6455038189888
    ],
    [
      105,
      0.6505728960037231
    ],
    [
      106,
      0.6557478308677673
    ],
    [
      107,
      0.6610398292541504
    ],
    [
      108,
      0.6664602756500244
    ],
    [
      109,
      0.6720199584960938
    ],
    [
      110,
      0.6777276992797852
    ],
    [
      111,
      0.6835901141166687
    ],
    [
      112,
      0.6896100640296936
    ],
    [
      113,
      0.6957862973213196
    ],
    [
      114,
      0.7021132111549377
    ],
    [
      115,
      0.7085802555084229
    ],
    [
      116,
      0.7151727676391602
    ]
  ],
  "trustworthy": true,
  "hit_cap": false,
  "converged": true,
  "trajectory_applicable": true,
  "select_squared_error": [
    0.22444888949394226,
    3.2581207752227783,
    1.914049744606018,
    0.12915411591529846,
    0.002687034197151661,
    0.0007633099448867142,
    0.01872100681066513,
    1.007076382637024,
    0.9701371788978577,
    0.0038234556559473276,
    2.1888089179992676,
    1.1237343549728394,
    0.035199448466300964,
    0.3610058128833771,
    1.6589372158050537,
    0.6359015107154846,
    0.9096188545227051,
    0.046765197068452835,
    0.12840621173381805,
    1.101161003112793,
    0.641904890537262,
    0.1464676558971405,
    0.9314777255058289,
    1.9790886640548706,
    0.5325864553451538,
    0.0004984552506357431,
    0.317004531621933,
    0.9949913620948792,
    0.011012790724635124,
    2.4555089473724365,
    0.2615531086921692,
    2.439905881881714,
    0.06204533204436302,
    0.10559070855379105,
    0.2532494068145752,
    0.025460589677095413,
    2.2491753101348877,
    0.9402799010276794,
    5.982489585876465,
    1.2943652868270874,
    0.12958595156669617,
    0.046449292451143265,
    0.19914564490318298,
    0.43080997467041016,
    0.18564140796661377,
    0.546663761138916,
    0.010089495219290257,
    0.002313775708898902,
    2.371403455734253,
    0.13437716662883759,
    0.0012916186824440956,
    4.616539808921516e-05,
    5.401151429396123e-05
  ],
  "n_selection_used": 53,
  "training_macs": 3238488,
  "n_train_used": 141,
  "actual_epochs": 116,
  "selection_cost": null,
  "config": {
    "d": 10,
    "lr": 0.01,
    "patience": 60,
    "min_delta": 0.0001,
    "batch_size": 141,
    "epoch_cap": 6000,
    "test_fraction": 0.2,
    "max_train": null,
    "fraction_pct": 15
  },
  "constants": {
    "selection_fraction": {
      "source": "/home/ff235/dev/MLResearch/automl/automl_package/examples/capacity_ladder_results/WSEL6/frozen.json",
      "fraction": 0.15,
      "fraction_pct": 15
    },
    "width_ladder": {
      "source": "/home/ff235/dev/MLResearch/automl/automl_package/examples/capacity_ladder_results/WSEL8/hetero_0.json",
      "w_max": 12
    },
    "router": {
      "source": "/home/ff235/dev/MLResearch/automl/automl_package/examples/capacity_ladder_results/WSEL7/frozen.json",