{
  "dataset": "diabetes",
  "seed": 2,
  "arm": "lightgbm",
  "width": null,
  "held_out_mse": 4304.047165319422,
  "held_out_trajectory": [
    [
      1,
      74.19676052289529
    ],
    [
      2,
      70.98222705690675
    ],
    [
      3,
      68.54659240754752
    ],
    [
      4,
      66.28114374321268
    ],
    [
      5,
      64.37670039420976
    ],
    [
      6,
      62.694498120063756
    ],
    [
      7,
      61.18255717361526
    ],
    [
      8,
      59.98958512202025
    ],
    [
      9,
      59.03167890658789
    ],
    [
      10,
      58.305839856912336
    ],
    [
      11,
      58.04059215761555
    ],
    [
      12,
      57.72917896493634
    ],
    [
      13,
      57.4761053707517
    ],
    [
      14,
      57.15009472333359
    ],
    [
      15,
      56.99907541527312
    ],
    [
      16,
      56.63342933078066
    ],
    [
      17,
      56.40411305025195
    ],
    [
      18,
      56.42681138565813
    ],
    [
      19,
      56.28870362567354
    ],
    [
      20,
      56.32982057047986
    ],
    [
      21,
      56.388022376197945
    ],
    [
      22,
      56.44230786683553
    ],
    [
      23,
      56.74286394186542
    ],
    [
      24,
      56.786605901044645
    ],
    [
      25,
      57.00797529950982
    ],
    [
      26,
      57.03816750865188
    ],
    [
      27,
      57.209864741799215
    ],
    [
      28,
      57.292290556964716
    ],
    [
      29,
      56.87982943851346
    ],
    [
      30,
      57.073242619937616
    ],
    [
      31,
      57.31614853921685
    ],
    [
      32,
      57.40040261618702
    ],
    [
      33,
      57.34186044904196
    ],
    [
      34,
      57.00374544983228
    ]
  ],
  "trustworthy": true,
  "hit_cap": false,
  "converged": true,
  "trajectory_applicable": true,
  "selection_cost": null,
  "config": {
    "n_estimators": 200,
    "early_stopping_rounds": 15,
    "best_iteration": 19,
    "test_fraction": 0.2,
    "max_train": null,
    "fraction_pct": 15
  },
  "constants": {
    "selection_fraction": {
      "source": "/home/ff235/dev/MLResearch/automl/automl_package/examples/capacity_ladder_results/WSEL6/frozen.json",
      "fraction": 0.15,
      "fraction_pct": 15
    },
    "width_ladder": {
      "source": "/home/ff235/dev/MLResearch/automl/automl_package/examples/capacity_ladder_results/WSEL8/hetero_0.json",
      "w_max": 12
    },
    "router": {
      "source": "/home/ff235/dev/MLResearch/automl/automl_package/examples/capacity_ladder_results/WSEL7/frozen.json",
      "invariant": false,
      "ratified_default": {
        "hidden": 32,
        "depth": 2,
        "epochs": 300,
        "lr": 0.01
      },
      "ruling": "width.md WSEL-7 2026-07-22 sign-off ruling 1: frozen default STAYS, new_default NOT adopted"
    }
  },
  "provenance": {
    "timestamp_utc": "2026-07-22T18:34:30+00:00",
    "git": {
      "commit": "2a22061a952104f39e07bd32de1771791876c6d9",
      "dirty": true
    },
    "python": "3.12.13",
    "torch": "2.10.0+xpu",
    "numpy": "2.4.3",
    "platform": "Linux-7.1.3-200.fc44.x86_64-x86_64-with-glibc2.43",
    "threads": {
      "omp_num_threads": "4",
      "torch_num_threads": 4,
      "cpu_count": 22
    },
    "automl_device": "cpu"
  }
}