{
  "dataset": "diabetes",
  "seed": 1,
  "arm": "w_sweep",
  "width": 12,
  "held_out_mse": 4035.489990234375,
  "held_out_trajectory": [
    [
      1,
      1.0612988471984863
    ],
    [
      2,
      0.9663074016571045
    ],
    [
      3,
      0.9044702053070068
    ],
    [
      4,
      0.8675892353057861
    ],
    [
      5,
      0.8470489978790283
    ],
    [
      6,
      0.8361986875534058
    ],
    [
      7,
      0.8306754231452942
    ],
    [
      8,
      0.8272905945777893
    ],
    [
      9,
      0.8238937854766846
    ],
    [
      10,
      0.8193312287330627
    ],
    [
      11,
      0.8132988810539246
    ],
    [
      12,
      0.8061068654060364
    ],
    [
      13,
      0.7984157204627991
    ],
    [
      14,
      0.7909849882125854
    ],
    [
      15,
      0.7844597101211548
    ],
    [
      16,
      0.7792147994041443
    ],
    [
      17,
      0.7752854824066162
    ],
    [
      18,
      0.7724002003669739
    ],
    [
      19,
      0.7701004147529602
    ],
    [
      20,
      0.7678976655006409
    ],
    [
      21,
      0.7654147744178772
    ],
    [
      22,
      0.7624697089195251
    ],
    [
      23,
      0.7590887546539307
    ],
    [
      24,
      0.7554599046707153
    ],
    [
      25,
      0.751850962638855
    ],
    [
      26,
      0.7485239505767822
    ],
    [
      27,
      0.7456667423248291
    ],
    [
      28,
      0.743354082107544
    ],
    [
      29,
      0.7415433526039124
    ],
    [
      30,
      0.7400984168052673
    ],
    [
      31,
      0.7388350963592529
    ],
    [
      32,
      0.737571656703949
    ],
    [
      33,
      0.7361720204353333
    ],
    [
      34,
      0.7345721125602722
    ],
    [
      35,
      0.7327824831008911
    ],
    [
      36,
      0.7308766841888428
    ],
    [
      37,
      0.7289650440216064
    ],
    [
      38,
      0.7271683812141418
    ],
    [
      39,
      0.7255952954292297
    ],
    [
      40,
      0.7243285775184631
    ],
    [
      41,
      0.7234203815460205
    ],
    [
      42,
      0.7228943109512329
    ],
    [
      43,
      0.7227522730827332
    ],
    [
      44,
      0.7229809761047363
    ],
    [
      45,
      0.7235565185546875
    ],
    [
      46,
      0.7244452834129333
    ],
    [
      47,
      0.7256036996841431
    ],
    [
      48,
      0.7269748449325562
    ],
    [
      49,
      0.7284879684448242
    ],
    [
      50,
      0.7300601601600647
    ],
    [
      51,
      0.7316015958786011
    ],
    [
      52,
      0.7330243587493896
    ],
    [
      53,
      0.734251856803894
    ],
    [
      54,
      0.7352280616760254
    ],
    [
      55,
      0.735923171043396
    ],
    [
      56,
      0.7363350987434387
    ],
    [
      57,
      0.7364864945411682
    ],
    [
      58,
      0.7364177703857422
    ],
    [
      59,
      0.7361791729927063
    ],
    [
      60,
      0.7358232736587524
    ],
    [
      61,
      0.7353984713554382
    ],
    [
      62,
      0.73494553565979
    ],
    [
      63,
      0.7344963550567627
    ],
    [
      64,
      0.7340736389160156
    ],
    [
      65,
      0.7336921095848083
    ],
    [
      66,
      0.7333585619926453
    ],
    [
      67,
      0.7330725789070129
    ],
    [
      68,
      0.7328264713287354
    ],
    [
      69,
      0.732606053352356
    ],
    [
      70,
      0.7323910593986511
    ],
    [
      71,
      0.7321571707725525
    ],
    [
      72,
      0.7318801879882812
    ],
    [
      73,
      0.7315368056297302
    ],
    [
      74,
      0.7311087250709534
    ],
    [
      75,
      0.7305841445922852
    ],
    [
      76,
      0.7299584746360779
    ],
    [
      77,
      0.7292337417602539
    ],
    [
      78,
      0.7284168004989624
    ],
    [
      79,
      0.7275174260139465
    ],
    [
      80,
      0.7265462279319763
    ],
    [
      81,
      0.725512683391571
    ],
    [
      82,
      0.724423885345459
    ],
    [
      83,
      0.7232846021652222
    ],
    [
      84,
      0.7220966815948486
    ],
    [
      85,
      0.7208598256111145
    ],
    [
      86,
      0.7195730805397034
    ],
    [
      87,
      0.7182339429855347
    ],
    [
      88,
      0.716840922832489
    ],
    [
      89,
      0.7153927087783813
    ],
    [
      90,
      0.7138897776603699
    ],
    [
      91,
      0.7123343348503113
    ],
    [
      92,
      0.7107304334640503
    ],
    [
      93,
      0.7090849876403809
    ],
    [
      94,
      0.7074066400527954
    ],
    [
      95,
      0.7057049870491028
    ],
    [
      96,
      0.7039909362792969
    ],
    [
      97,
      0.7022744417190552
    ],
    [
      98,
      0.7005648016929626
    ],
    [
      99,
      0.6988688111305237
    ],
    [
      100,
      0.6971916556358337
    ],
    [
      101,
      0.6955360174179077
    ],
    [
      102,
      0.6939021348953247
    ],
    [
      103,
      0.6922892332077026
    ],
    [
      104,
      0.6906951069831848
    ],
    [
      105,
      0.6891170740127563
    ],
    [
      106,
      0.6875523924827576
    ],
    [
      107,
      0.6859986782073975
    ],
    [
      108,
      0.6844543218612671
    ],
    [
      109,
      0.6829183101654053
    ],
    [
      110,
      0.6813910007476807
    ],
    [
      111,
      0.6798737049102783
    ],
    [
      112,
      0.6783685684204102
    ],
    [
      113,
      0.676878809928894
    ],
    [
      114,
      0.6754084825515747
    ],
    [
      115,
      0.673961877822876
    ],
    [
      116,
      0.672544002532959
    ],
    [
      117,
      0.6711604595184326
    ],
    [
      118,
      0.6698163151741028
    ],
    [
      119,
      0.6685175895690918
    ],
    [
      120,
      0.667269766330719
    ],
    [
      121,
      0.6660777926445007
    ],
    [
      122,
      0.664946436882019
    ],
    [
      123,
      0.6638796925544739
    ],
    [
      124,
      0.6628807783126831
    ],
    [
      125,
      0.6619517803192139
    ],
    [
      126,
      0.6610941290855408
    ],
    [
      127,
      0.6603087186813354
    ],
    [
      128,
      0.6595960855484009
    ],
    [
      129,
      0.6589561700820923
    ],
    [
      130,
      0.6583893299102783
    ],
    [
      131,
      0.6578965783119202
    ],
    [
      132,
      0.6574786901473999
    ],
    [
      133,
      0.6571375727653503
    ],
    [
      134,
      0.65687495470047
    ],
    [
      135,
      0.6566935777664185
    ],
    [
      136,
      0.6565959453582764
    ],
    [
      137,
      0.6565843224525452
    ],
    [
      138,
      0.6566600799560547
    ],
    [
      139,
      0.6568242311477661
    ],
    [
      140,
      0.6570765972137451
    ],
    [
      141,
      0.6574164628982544
    ],
    [
      142,
      0.6578420996665955
    ],
    [
      143,
      0.6583516597747803
    ],
    [
      144,
      0.658943772315979
    ],
    [
      145,
      0.6596172451972961
    ],
    [
      146,
      0.6603725552558899
    ],
    [
      147,
      0.6612118482589722
    ],
    [
      148,
      0.6621384024620056
    ],
    [
      149,
      0.6631584167480469
    ],
    [
      150,
      0.6642789244651794
    ],
    [
      151,
      0.6655087471008301
    ],
    [
      152,
      0.6668570637702942
    ],
    [
      153,
      0.6683328747749329
    ],
    [
      154,
      0.6699438095092773
    ],
    [
      155,
      0.6716957688331604
    ],
    [
      156,
      0.673591673374176
    ],
    [
      157,
      0.6756306886672974
    ],
    [
      158,
      0.6778077483177185
    ],
    [
      159,
      0.6801140308380127
    ],
    [
      160,
      0.6825358271598816
    ],
    [
      161,
      0.6850561499595642
    ],
    [
      162,
      0.6876547932624817
    ],
    [
      163,
      0.6903092861175537
    ],
