{
  "dataset": "diabetes",
  "seed": 2,
  "arm": "w_sweep",
  "width": 1,
  "held_out_mse": 3809.64990234375,
  "held_out_trajectory": [
    [
      1,
      1.166811466217041
    ],
    [
      2,
      1.1581636667251587
    ],
    [
      3,
      1.1495634317398071
    ],
    [
      4,
      1.1403114795684814
    ],
    [
      5,
      1.1302603483200073
    ],
    [
      6,
      1.1193954944610596
    ],
    [
      7,
      1.1077618598937988
    ],
    [
      8,
      1.0954456329345703
    ],
    [
      9,
      1.0825648307800293
    ],
    [
      10,
      1.0692579746246338
    ],
    [
      11,
      1.0556726455688477
    ],
    [
      12,
      1.041953206062317
    ],
    [
      13,
      1.0282299518585205
    ],
    [
      14,
      1.0146113634109497
    ],
    [
      15,
      1.001179814338684
    ],
    [
      16,
      0.9879910349845886
    ],
    [
      17,
      0.9750770926475525
    ],
    [
      18,
      0.9624500274658203
    ],
    [
      19,
      0.9501070380210876
    ],
    [
      20,
      0.9380362033843994
    ],
    [
      21,
      0.926219642162323
    ],
    [
      22,
      0.9146374464035034
    ],
    [
      23,
      0.903268575668335
    ],
    [
      24,
      0.8920925855636597
    ],
    [
      25,
      0.8810888528823853
    ],
    [
      26,
      0.8702375292778015
    ],
    [
      27,
      0.8595188856124878
    ],
    [
      28,
      0.848913848400116
    ],
    [
      29,
      0.8384032249450684
    ],
    [
      30,
      0.8279688954353333
    ],
    [
      31,
      0.8175923824310303
    ],
    [
      32,
      0.8072566986083984
    ],
    [
      33,
      0.796946108341217
    ],
    [
      34,
      0.7866465449333191
    ],
    [
      35,
      0.7763478755950928
    ],
    [
      36,
      0.7660441994667053
    ],
    [
      37,
      0.7557360529899597
    ],
    [
      38,
      0.7454312443733215
    ],
    [
      39,
      0.735146701335907
    ],
    [
      40,
      0.7249090075492859
    ],
    [
      41,
      0.7147548198699951
    ],
    [
      42,
      0.7047300338745117
    ],
    [
      43,
      0.694888174533844
    ],
    [
      44,
      0.6852877140045166
    ],
    [
      45,
      0.6759887337684631
    ],
    [
      46,
      0.6670489311218262
    ],
    [
      47,
      0.6585195064544678
    ],
    [
      48,
      0.6504411697387695
    ],
    [
      49,
      0.6428414583206177
    ],
    [
      50,
      0.6357311606407166
    ],
    [
      51,
      0.6291038990020752
    ],
    [
      52,
      0.6229358315467834
    ],
    [
      53,
      0.6171879172325134
    ],
    [
      54,
      0.6118086576461792
    ],
    [
      55,
      0.6067394614219666
    ],
    [
      56,
      0.6019198894500732
    ],
    [
      57,
      0.5972939133644104
    ],
    [
      58,
      0.5928140878677368
    ],
    [
      59,
      0.5884453654289246
    ],
    [
      60,
      0.5841668844223022
    ],
    [
      61,
      0.5799717903137207
    ],
    [
      62,
      0.5758653283119202
    ],
    [
      63,
      0.5718623399734497
    ],
    [
      64,
      0.5679839253425598
    ],
    [
      65,
      0.5642539262771606
    ],
    [
      66,
      0.5606949329376221
    ],
    [
      67,
      0.5573261976242065
    ],
    [
      68,
      0.5541612505912781
    ],
    [
      69,
      0.5512059330940247
    ],
    [
      70,
      0.5484592914581299
    ],
    [
      71,
      0.5459129810333252
    ],
    [
      72,
      0.5435536503791809
    ],
    [
      73,
      0.5413645505905151
    ],
    [
      74,
      0.5393269658088684
    ],
    [
      75,
      0.5374224185943604
    ],
    [
      76,
      0.53563392162323
    ],
    [
      77,
      0.5339468717575073
    ],
    [
      78,
      0.5323489308357239
    ],
    [
      79,
      0.5308303833007812
    ],
    [
      80,
      0.5293834209442139
    ],
    [
      81,
      0.5280017852783203
    ],
    [
      82,
      0.5266802906990051
    ],
    [
      83,
      0.525414764881134
    ],
    [
      84,
      0.5242016315460205
    ],
    [
      85,
      0.5230380296707153
    ],
    [
      86,
      0.5219225883483887
    ],
    [
      87,
      0.5208554863929749
    ],
    [
      88,
      0.519838273525238
    ],
    [
      89,
      0.5188745856285095
    ],
    [
      90,
      0.5179693698883057
    ],
    [
      91,
      0.5171288251876831
    ],
    [
      92,
      0.5163598656654358
    ],
    [
      93,
      0.5156691670417786
    ],
    [
      94,
      0.5150625705718994
    ],
    [
      95,
      0.5145442485809326
    ],
    [
      96,
      0.5141167044639587
    ],
    [
      97,
      0.5137800574302673
    ],
    [
      98,
      0.5135319232940674
    ],
    [
      99,
      0.5133680105209351
    ],
    [
      100,
      0.5132824182510376
    ],
    [
      101,
      0.5132681727409363
    ],
    [
      102,
      0.5133172273635864
    ],
    [
      103,
      0.5134219527244568
    ],
    [
      104,
      0.5135747790336609
    ],
    [
      105,
      0.5137687921524048
    ],
    [
      106,
      0.5139979124069214
    ],
    [
      107,
      0.5142570734024048
    ],
    [
      108,
      0.5145418643951416
    ],
    [
      109,
      0.5148488283157349
    ],
    [
      110,
      0.5151751041412354
    ],
    [
      111,
      0.5155181288719177
    ],
    [
      112,
      0.5158758163452148
    ],
    [
      113,
      0.5162462592124939
    ],
    [
      114,
      0.5166276097297668
    ],
    [
      115,
      0.5170179605484009
    ],
    [
      116,
      0.5174151062965393
    ],
    [
      117,
      0.5178167819976807
    ],
    [
      118,
      0.5182201862335205
    ],
    [
      119,
      0.5186225175857544
    ],
    [
      120,
      0.5190203785896301
    ],
    [
      121,
      0.5194103717803955
    ],
    [
      122,
      0.519788920879364
    ],
    [
      123,
      0.5201526284217834
    ],
    [
      124,
      0.5204984545707703
    ],
    [
      125,
      0.5208240151405334
    ],
    [
      126,
      0.5211276412010193
    ],
    [
      127,
      0.5214085578918457
    ],
    [
      128,
      0.5216667652130127
    ],
    [
      129,
      0.5219032764434814
    ],
    [
      130,
      0.5221196413040161
    ],
    [
      131,
      0.5223183035850525
    ],
    [
      132,
      0.5225018858909607
    ],
    [
      133,
      0.5226730108261108
    ],
    [
      134,
      0.5228345990180969
    ],
    [
      135,
      0.5229889750480652
    ],
    [
      136,
      0.523138165473938
    ],
    [
      137,
      0.5232839584350586
    ],
    [
      138,
      0.5234272480010986
    ],
    [
      139,
      0.5235686898231506
    ],
    [
      140,
      0.5237081050872803
    ],
    [
      141,
      0.5238449573516846
    ],
    [
      142,
      0.5239785313606262
    ],
    [
      143,
      0.5241076350212097
    ],
    [
      144,
      0.5242308378219604
    ],
    [
      145,
      0.5243470668792725
    ],
    [
      146,
      0.5244550704956055
    ],
    [
      147,
      0.5245540142059326
    ],
    [
      148,
      0.5246431827545166
    ],
    [
      149,
      0.5247223377227783
    ],
    [
      150,
      0.5247914791107178
    ],
    [
      151,
      0.5248509645462036
    ],
    [
      152,
      0.5249009728431702
    ],
    [
      153,
      0.5249423384666443
    ],
    [
      154,
      0.5249755382537842
    ],
    [
      155,
      0.5250009298324585
    ],
    [
      156,
      0.5250190496444702
    ],
    [
      157,
      0.5250300168991089
    ],
    [
      158,
      0.525033712387085
    ],
    [
      159,
      0.5250300168991089
    ],
    [
      160,
      0.5250184535980225
    ],
    [
      161,
      0.524998664855957
    ]
  ],
  "trustworthy": true,
  "hit_cap": false,
  "converged": true,