{
  "dataset": "diabetes",
  "seed": 1,
  "arm": "w_sweep",
  "width": 5,
  "held_out_mse": 3269.878662109375,
  "held_out_trajectory": [
    [
      1,
      1.098435401916504
    ],
    [
      2,
      1.021967887878418
    ],
    [
      3,
      0.957080602645874
    ],
    [
      4,
      0.9020168781280518
    ],
    [
      5,
      0.8555526733398438
    ],
    [
      6,
      0.8170210719108582
    ],
    [
      7,
      0.7858720421791077
    ],
    [
      8,
      0.7614532709121704
    ],
    [
      9,
      0.7429787516593933
    ],
    [
      10,
      0.7295687198638916
    ],
    [
      11,
      0.7203066349029541
    ],
    [
      12,
      0.7142916917800903
    ],
    [
      13,
      0.7106778025627136
    ],
    [
      14,
      0.708701491355896
    ],
    [
      15,
      0.707705020904541
    ],
    [
      16,
      0.7071642875671387
    ],
    [
      17,
      0.7067131996154785
    ],
    [
      18,
      0.7061509490013123
    ],
    [
      19,
      0.7054255604743958
    ],
    [
      20,
      0.7046029567718506
    ],
    [
      21,
      0.7038298845291138
    ],
    [
      22,
      0.7032959461212158
    ],
    [
      23,
      0.7031958699226379
    ],
    [
      24,
      0.703691303730011
    ],
    [
      25,
      0.7048740386962891
    ],
    [
      26,
      0.7067335844039917
    ],
    [
      27,
      0.7091403603553772
    ],
    [
      28,
      0.7118567228317261
    ],
    [
      29,
      0.7145848274230957
    ],
    [
      30,
      0.7170407176017761
    ],
    [
      31,
      0.7190263271331787
    ],
    [
      32,
      0.7204711437225342
    ],
    [
      33,
      0.7214341163635254
    ],
    [
      34,
      0.7220656871795654
    ],
    [
      35,
      0.7225476503372192
    ],
    [
      36,
      0.723029375076294
    ],
    [
      37,
      0.7235788106918335
    ],
    [
      38,
      0.7241659760475159
    ],
    [
      39,
      0.7246806621551514
    ],
    [
      40,
      0.7249776124954224
    ],
    [
      41,
      0.7249301075935364
    ],
    [
      42,
      0.724472165107727
    ],
    [
      43,
      0.7236167788505554
    ],
    [
      44,
      0.7224488854408264
    ],
    [
      45,
      0.7211005091667175
    ],
    [
      46,
      0.7197179198265076
    ],
    [
      47,
      0.7184308171272278
    ],
    [
      48,
      0.717330276966095
    ],
    [
      49,
      0.7164595723152161
    ],
    [
      50,
      0.7158172726631165
    ],
    [
      51,
      0.7153700590133667
    ],
    [
      52,
      0.7150710821151733
    ],
    [
      53,
      0.7148764133453369
    ],
    [
      54,
      0.714756429195404
    ],
    [
      55,
      0.714699923992157
    ],
    [
      56,
      0.7147103548049927
    ],
    [
      57,
      0.7147983312606812
    ],
    [
      58,
      0.7149719595909119
    ],
    [
      59,
      0.7152307629585266
    ],
    [
      60,
      0.7155618667602539
    ],
    [
      61,
      0.7159422039985657
    ],
    [
      62,
      0.7163435816764832
    ],
    [
      63,
      0.7167400121688843
    ],
    [
      64,
      0.717114269733429
    ],
    [
      65,
      0.717461884021759
    ],
    [
      66,
      0.7177914977073669
    ],
    [
      67,
      0.7181218862533569
    ],
    [
      68,
      0.7184768319129944
    ],
    [
      69,
      0.7188796997070312
    ],
    [
      70,
      0.7193489074707031
    ],
    [
      71,
      0.7198955416679382
    ],
    [
      72,
      0.7205223441123962
    ],
    [
      73,
      0.7212255001068115
    ],
    [
      74,
      0.7219964265823364
    ],
    [
      75,
      0.722822904586792
    ],
    [
      76,
      0.7236908674240112
    ],
    [
      77,
      0.7245838642120361
    ],
    [
      78,
      0.7254841327667236
    ],
    [
      79,
      0.7263720631599426
    ],
    [
      80,
      0.7272276282310486
    ],
    [
      81,
      0.7280314564704895
    ],
    [
      82,
      0.7287676334381104
    ],
    [
      83,
      0.7294256687164307
    ]
  ],
  "trustworthy": true,
  "hit_cap": false,
  "converged": true,
  "trajectory_applicable": true,
  "select_squared_error": [
    0.07509706169366837,
    0.200999453663826,
    3.1947460174560547,
    0.010905069299042225,
    0.0006773935747332871,
    0.0016335712280124426,
    0.2657938003540039,
    0.23502284288406372,
    0.009258974343538284,
    0.0360155887901783,
    1.7389088869094849,
    1.1377593278884888,
    0.606320321559906,
    0.7504097819328308,
    0.02346966415643692,
    0.7039783000946045,
    1.0825096368789673,
    0.13733096420764923,
    2.397111415863037,
    1.1218254566192627,
    0.1808803379535675,
    0.15390397608280182,
    0.11950413882732391,
    0.15077221393585205,
    0.07883885502815247,
    0.12029872834682465,
    0.12619781494140625,
    0.048644039779901505,
    0.20151366293430328,
    0.39037805795669556,
    0.12736235558986664,
    2.2313191890716553,
    0.2618289887905121,
    1.3887420892715454,
    0.42444586753845215,
    0.3256426155567169,
    0.0005067238816991448,
    0.0501398928463459,
    1.2748748064041138,
    0.33984869718551636,
    0.0008984835003502667,
    0.1269330382347107,
    0.3663530945777893,
    0.000845929142087698,
    0.3503604233264923,
    1.3576027154922485,
    0.8235813975334167,
    0.5527458786964417,
    0.26519685983657837,
    1.9806462526321411,
    1.6572836637496948,
    0.07855018973350525,
    0.1549064964056015
  ],
  "n_selection_used": 53,
  "training_macs": 1930995,
  "n_train_used": 141,
  "actual_epochs": 83,
  "selection_cost": null,
  "config": {
    "d": 10,
    "lr": 0.01,
    "patience": 60,
    "min_delta": 0.0001,
    "batch_size": 141,
    "epoch_cap": 6000,
    "test_fraction": 0.2,
    "max_train": null,
    "fraction_pct": 15
  },
  "constants": {
    "selection_fraction": {
      "source": "/home/ff235/dev/MLResearch/automl/automl_package/examples/capacity_ladder_results/WSEL6/frozen.json",
      "fraction": 0.15,
      "fraction_pct": 15
    },
    "width_ladder": {
      "source": "/home/ff235/dev/MLResearch/automl/automl_package/examples/capacity_ladder_results/WSEL8/hetero_0.json",
      "w_max": 12
    },
    "router": {
      "source": "/home/ff235/dev/MLResearch/automl/automl_package/examples/capacity_ladder_results/WSEL7/frozen.json",
      "invariant": false,
      "ratified_default": {
        "hidden": 32,
        "depth": 2,
        "epochs": 300,
        "lr": 0.01
      },
      "ruling": "width.md WSEL-7 2026-07-22 sign-off ruling 1: frozen default STAYS, new_default NOT adopted"
    }
  },
  "provenance": {
    "timestamp_utc": "2026-07-22T18:33:25+00:00",
    "git": {
      "commit": "2a22061a952104f39e07bd32de1771791876c6d9",
      "dirty": true
    },
    "python": "3.12.13",
    "torch": "2.10.0+xpu",
    "numpy": "2.4.3",
    "platform": "Linux-7.1.3-200.fc44.x86_64-x86_64-with-glibc2.43",
    "threads": {
      "omp_num_threads": "4",
      "torch_num_threads": 4,
      "cpu_count": 22
    },
    "automl_device": "cpu"
  }
}