{
  "dataset": "diabetes",
  "seed": 2,
  "arm": "w_sweep",
  "width": 10,
  "held_out_mse": 3455.233642578125,
  "held_out_trajectory": [
    [
      1,
      1.3856043815612793
    ],
    [
      2,
      1.260176181793213
    ],
    [
      3,
      1.150793433189392
    ],
    [
      4,
      1.0565119981765747
    ],
    [
      5,
      0.9763147830963135
    ],
    [
      6,
      0.9091036319732666
    ],
    [
      7,
      0.853766143321991
    ],
    [
      8,
      0.8089299201965332
    ],
    [
      9,
      0.7728997468948364
    ],
    [
      10,
      0.7437989711761475
    ],
    [
      11,
      0.7197332978248596
    ],
    [
      12,
      0.6989536285400391
    ],
    [
      13,
      0.6800200939178467
    ],
    [
      14,
      0.6619191765785217
    ],
    [
      15,
      0.6440963745117188
    ],
    [
      16,
      0.6264076828956604
    ],
    [
      17,
      0.6090250015258789
    ],
    [
      18,
      0.5923213958740234
    ],
    [
      19,
      0.5767611265182495
    ],
    [
      20,
      0.5628008246421814
    ],
    [
      21,
      0.5508077144622803
    ],
    [
      22,
      0.5409964919090271
    ],
    [
      23,
      0.5333905816078186
    ],
    [
      24,
      0.527816891670227
    ],
    [
      25,
      0.523939847946167
    ],
    [
      26,
      0.5213305950164795
    ],
    [
      27,
      0.5195540189743042
    ],
    [
      28,
      0.5182480812072754
    ],
    [
      29,
      0.5171753168106079
    ],
    [
      30,
      0.516232430934906
    ],
    [
      31,
      0.5154235363006592
    ],
    [
      32,
      0.5148094296455383
    ],
    [
      33,
      0.5144510269165039
    ],
    [
      34,
      0.5143651962280273
    ],
    [
      35,
      0.5145041942596436
    ],
    [
      36,
      0.5147638916969299
    ],
    [
      37,
      0.5150133967399597
    ],
    [
      38,
      0.5151359438896179
    ],
    [
      39,
      0.5150626301765442
    ],
    [
      40,
      0.5147897601127625
    ],
    [
      41,
      0.5143746137619019
    ],
    [
      42,
      0.5139157176017761
    ],
    [
      43,
      0.5135219097137451
    ],
    [
      44,
      0.5132838487625122
    ],
    [
      45,
      0.5132524967193604
    ],
    [
      46,
      0.5134312510490417
    ],
    [
      47,
      0.5137816667556763
    ],
    [
      48,
      0.5142402052879333
    ],
    [
      49,
      0.5147397518157959
    ],
    [
      50,
      0.5152270793914795
    ],
    [
      51,
      0.5156750679016113
    ],
    [
      52,
      0.5160815715789795
    ],
    [
      53,
      0.5164632797241211
    ],
    [
      54,
      0.5168418884277344
    ],
    [
      55,
      0.5172316431999207
    ],
    [
      56,
      0.5176312923431396
    ],
    [
      57,
      0.5180217623710632
    ],
    [
      58,
      0.5183712840080261
    ],
    [
      59,
      0.5186439156532288
    ],
    [
      60,
      0.5188106894493103
    ],
    [
      61,
      0.5188572406768799
    ],
    [
      62,
      0.5187879204750061
    ],
    [
      63,
      0.5186240673065186
    ],
    [
      64,
      0.518398106098175
    ],
    [
      65,
      0.5181458592414856
    ],
    [
      66,
      0.517899215221405
    ],
    [
      67,
      0.5176808834075928
    ],
    [
      68,
      0.5175030827522278
    ],
    [
      69,
      0.5173693895339966
    ],
    [
      70,
      0.517277717590332
    ],
    [
      71,
      0.5172249674797058
    ],
    [
      72,
      0.5172100067138672
    ],
    [
      73,
      0.5172349810600281
    ],
    [
      74,
      0.5173045992851257
    ],
    [
      75,
      0.5174252986907959
    ],
    [
      76,
      0.5176028609275818
    ],
    [
      77,
      0.5178417563438416
    ],
    [
      78,
      0.5181443691253662
    ],
    [
      79,
      0.5185116529464722
    ],
    [
      80,
      0.5189436674118042
    ],
    [
      81,
      0.5194399356842041
    ],
    [
      82,
      0.5199986696243286
    ],
    [
      83,
      0.5206161141395569
    ],
    [
      84,
      0.5212856531143188
    ],
    [
      85,
      0.5219964385032654
    ],
    [
      86,
      0.5227340459823608
    ],
    [
      87,
      0.5234811305999756
    ],
    [
      88,
      0.5242189764976501
    ],
    [
      89,
      0.5249291658401489
    ],
    [
      90,
      0.5255951881408691
    ],
    [
      91,
      0.5262030959129333
    ],
    [
      92,
      0.5267418026924133
    ],
    [
      93,
      0.5272027254104614
    ],
    [
      94,
      0.5275797247886658
    ],
    [
      95,
      0.527868926525116
    ],
    [
      96,
      0.5280691385269165
    ],
    [
      97,
      0.5281832218170166
    ],
    [
      98,
      0.528218150138855
    ],
    [
      99,
      0.5281862616539001
    ],
    [
      100,
      0.528104305267334
    ],
    [
      101,
      0.5279934406280518
    ],
    [
      102,
      0.5278779864311218
    ],
    [
      103,
      0.5277828574180603
    ],
    [
      104,
      0.5277332663536072
    ],
    [
      105,
      0.5277518033981323
    ]
  ],
  "trustworthy": true,
  "hit_cap": false,
  "converged": true,
  "trajectory_applicable": true,
  "select_squared_error": [
    0.0009619030170142651,
    0.0031768332701176405,
    0.32679232954978943,
    0.059641283005476,
    0.3967433571815491,
    0.17416812479496002,
    0.4683385193347931,
    2.055746555328369,
    1.1314442157745361,
    0.1619964838027954,
    0.06313271820545197,
    0.2293751984834671,
    1.6216603517532349,
    0.13933931291103363,
    0.7331262826919556,
    1.5363514423370361,
    0.0597919300198555,
    0.02164616994559765,
    0.5596297979354858,
    0.9692258238792419,
    0.20166587829589844,
    0.0012182208010926843,
    0.0017166952602565289,
    0.6141356825828552,
    2.6689939498901367,
    0.0016206434229388833,
    0.014178735204041004,
    0.09181590378284454,
    0.8404927849769592,
    0.5683237910270691,
    1.0658023357391357,
    0.0059875077567994595,
    0.9932218194007874,
    0.07010995596647263,
    1.341452956199646,
    0.411089688539505,
    0.6365326642990112,
    0.043318964540958405,
    0.1284317970275879,
    2.1470537185668945,
    2.571758508682251,
    0.019931664690375328,
    0.4358232617378235,
    1.700927495956421,
    0.19260084629058838,
    0.0655796080827713,
    0.10291023552417755,
    1.2082154750823975,
    0.01994537003338337,
    0.013209625147283077,
    0.268868625164032,
    0.16017793118953705,
    0.2394171804189682
  ],
  "n_selection_used": 53,
  "training_macs": 4885650,
  "n_train_used": 141,
  "actual_epochs": 105,
  "selection_cost": null,
  "config": {
    "d": 10,
    "lr": 0.01,
    "patience": 60,
    "min_delta": 0.0001,
    "batch_size": 141,
    "epoch_cap": 6000,
    "test_fraction": 0.2,
    "max_train": null,
    "fraction_pct": 15
  },
  "constants": {
    "selection_fraction": {
      "source": "/home/ff235/dev/MLResearch/automl/automl_package/examples/capacity_ladder_results/WSEL6/frozen.json",
      "fraction": 0.15,
      "fraction_pct": 15
    },
    "width_ladder": {
      "source": "/home/ff235/dev/MLResearch/automl/automl_package/examples/capacity_ladder_results/WSEL8/hetero_0.json",
      "w_max": 12
    },
    "router": {
      "source": "/home/ff235/dev/MLResearch/automl/automl_package/examples/capacity_ladder_results/WSEL7/frozen.json",
      "invariant": false,
      "ratified_default": {
        "hidden": 32,
        "depth": 2,
        "epochs": 300,
        "lr": 0.01
      },
      "ruling": "width.md WSEL-7 2026-07-22 sign-off ruling 1: frozen default STAYS, new_default NOT adopted"
    }
  },
  "provenance": {
    "timestamp_utc": "2026-07-22T18:34:22+00:00",
    "git": {
      "commit": "2a22061a952104f39e07bd32de1771791876c6d9",
      "dirty": true
    },
    "python": "3.12.13",
    "torch": "2.10.0+xpu",
    "numpy": "2.4.3",