{
  "dataset": "diabetes",
  "seed": 1,
  "arm": "w_sweep",
  "width": 2,
  "held_out_mse": 3262.593017578125,
  "held_out_trajectory": [
    [
      1,
      1.3794084787368774
    ],
    [
      2,
      1.3329980373382568
    ],
    [
      3,
      1.29231595993042
    ],
    [
      4,
      1.257089376449585
    ],
    [
      5,
      1.2265856266021729
    ],
    [
      6,
      1.19984769821167
    ],
    [
      7,
      1.1760021448135376
    ],
    [
      8,
      1.1543457508087158
    ],
    [
      9,
      1.1342873573303223
    ],
    [
      10,
      1.1153467893600464
    ],
    [
      11,
      1.097192645072937
    ],
    [
      12,
      1.0796427726745605
    ],
    [
      13,
      1.0626282691955566
    ],
    [
      14,
      1.0461496114730835
    ],
    [
      15,
      1.0302430391311646
    ],
    [
      16,
      1.014958381652832
    ],
    [
      17,
      1.0003468990325928
    ],
    [
      18,
      0.9864525198936462
    ],
    [
      19,
      0.9733096361160278
    ],
    [
      20,
      0.9609405994415283
    ],
    [
      21,
      0.9493560791015625
    ],
    [
      22,
      0.9385554194450378
    ],
    [
      23,
      0.9285263419151306
    ],
    [
      24,
      0.9192476272583008
    ],
    [
      25,
      0.9106893539428711
    ],
    [
      26,
      0.9028152823448181
    ],
    [
      27,
      0.895583987236023
    ],
    [
      28,
      0.8889500498771667
    ],
    [
      29,
      0.8828651905059814
    ],
    [
      30,
      0.8772785067558289
    ],
    [
      31,
      0.8721363544464111
    ],
    [
      32,
      0.8673830032348633
    ],
    [
      33,
      0.8629592657089233
    ],
    [
      34,
      0.8588041663169861
    ],
    [
      35,
      0.8548544049263
    ],
    [
      36,
      0.8510449528694153
    ],
    [
      37,
      0.8473107218742371
    ],
    [
      38,
      0.8435885906219482
    ],
    [
      39,
      0.8398192524909973
    ],
    [
      40,
      0.8359506130218506
    ],
    [
      41,
      0.8319406509399414
    ],
    [
      42,
      0.8277620673179626
    ],
    [
      43,
      0.82340407371521
    ],
    [
      44,
      0.8188756108283997
    ],
    [
      45,
      0.8142058253288269
    ],
    [
      46,
      0.8094428777694702
    ],
    [
      47,
      0.8046500086784363
    ],
    [
      48,
      0.7999002933502197
    ],
    [
      49,
      0.7952697277069092
    ],
    [
      50,
      0.7908302545547485
    ],
    [
      51,
      0.7866424918174744
    ],
    [
      52,
      0.7827523350715637
    ],
    [
      53,
      0.7791874408721924
    ],
    [
      54,
      0.7759574055671692
    ],
    [
      55,
      0.7730558514595032
    ],
    [
      56,
      0.7704644203186035
    ],
    [
      57,
      0.7681566476821899
    ],
    [
      58,
      0.7661042809486389
    ],
    [
      59,
      0.7642810344696045
    ],
    [
      60,
      0.762667179107666
    ],
    [
      61,
      0.76125168800354
    ],
    [
      62,
      0.7600326538085938
    ],
    [
      63,
      0.7590168714523315
    ],
    [
      64,
      0.7582168579101562
    ],
    [
      65,
      0.7576473951339722
    ],
    [
      66,
      0.7573218941688538
    ],
    [
      67,
      0.7572484016418457
    ],
    [
      68,
      0.7574271559715271
    ],
    [
      69,
      0.7578487396240234
    ],
    [
      70,
      0.7584932446479797
    ],
    [
      71,
      0.759331464767456
    ],
    [
      72,
      0.7603263854980469
    ],
    [
      73,
      0.7614354491233826
    ],
    [
      74,
      0.7626132965087891
    ],
    [
      75,
      0.7638146877288818
    ],
    [
      76,
      0.7649967074394226
    ],
    [
      77,
      0.7661207318305969
    ],
    [
      78,
      0.7671539187431335
    ],
    [
      79,
      0.7680696845054626
    ],
    [
      80,
      0.7688484787940979
    ],
    [
      81,
      0.769477128982544
    ],
    [
      82,
      0.7699479460716248
    ],
    [
      83,
      0.7702592015266418
    ],
    [
      84,
      0.7704135179519653
    ],
    [
      85,
      0.7704175114631653
    ],
    [
      86,
      0.7702812552452087
    ],
    [
      87,
      0.770017147064209
    ],
    [
      88,
      0.7696398496627808
    ],
    [
      89,
      0.7691664099693298
    ],
    [
      90,
      0.7686148285865784
    ],
    [
      91,
      0.7680041193962097
    ],
    [
      92,
      0.7673546671867371
    ],
    [
      93,
      0.766686201095581
    ],
    [
      94,
      0.7660191059112549
    ],
    [
      95,
      0.7653720378875732
    ],
    [
      96,
      0.7647631764411926
    ],
    [
      97,
      0.7642085552215576
    ],
    [
      98,
      0.7637221217155457
    ],
    [
      99,
      0.7633150815963745
    ],
    [
      100,
      0.7629963755607605
    ],
    [
      101,
      0.7627717852592468
    ],
    [
      102,
      0.76264488697052
    ],
    [
      103,
      0.7626164555549622
    ],
    [
      104,
      0.7626853585243225
    ],
    [
      105,
      0.7628483772277832
    ],
    [
      106,
      0.7631007432937622
    ],
    [
      107,
      0.7634364366531372
    ],
    [
      108,
      0.7638484239578247
    ],
    [
      109,
      0.76432865858078
    ],
    [
      110,
      0.7648684978485107
    ],
    [
      111,
      0.765458881855011
    ],
    [
      112,
      0.7660906314849854
    ],
    [
      113,
      0.7667538523674011
    ],
    [
      114,
      0.7674388885498047
    ],
    [
      115,
      0.7681358456611633
    ],
    [
      116,
      0.7688356041908264
    ],
    [
      117,
      0.769528865814209
    ],
    [
      118,
      0.7702071666717529
    ],
    [
      119,
      0.7708627581596375
    ],
    [
      120,
      0.7714885473251343
    ],
    [
      121,
      0.7720786929130554
    ],
    [
      122,
      0.7726280689239502
    ],
    [
      123,
      0.7731328010559082
    ],
    [
      124,
      0.7735899686813354
    ],
    [
      125,
      0.7739980220794678
    ],
    [
      126,
      0.7743560075759888
    ],
    [
      127,
      0.7746636867523193
    ]
  ],
  "trustworthy": true,
  "hit_cap": false,
  "converged": true,
  "trajectory_applicable": true,
  "select_squared_error": [
    0.13150718808174133,
    0.08681122213602066,
    3.5187058448791504,
    0.017009511590003967,
    0.0008533094660378993,
    0.001879869494587183,
    0.22381149232387543,
    0.3334994912147522,
    0.0205458402633667,
    0.02666647359728813,
    1.987481713294983,
    1.5121667385101318,
    0.6105350255966187,
    1.0380991697311401,
    0.3434132933616638,
    0.9050470590591431,
    1.4266905784606934,
    0.2126137912273407,
    3.305911064147949,
    0.8531639575958252,
    0.17815689742565155,
    0.12150901556015015,
    0.0650724247097969,
    0.16457273066043854,
    0.09393277764320374,
    0.03529965877532959,
    0.11436059325933456,
    0.00021264103997964412,
    0.09254550188779831,
    0.22686004638671875,
    0.0007831989787518978,
    2.4381115436553955,
    0.07130996882915497,
    1.677843451499939,
    0.7705236077308655,
    0.18507099151611328,
    0.019254982471466064,
    0.10572943091392517,
    1.6369140148162842,
    0.9050930738449097,
    0.0018348280573263764,
    0.23043414950370789,
    0.4256584346294403,
    0.00037507066735997796,
    0.15652979910373688,
    1.0634018182754517,
    0.6373432874679565,
    0.41416293382644653,
    0.2720010280609131,
    2.257843255996704,
    1.8235949277877808,
    0.024398231878876686,
    0.2953704297542572
  ],
  "n_selection_used": 53,
  "training_macs": 1181862,
  "n_train_used": 141,
  "actual_epochs": 127,
  "selection_cost": null,
  "config": {
    "d": 10,
    "lr": 0.01,
    "patience": 60,
    "min_delta": 0.0001,
    "batch_size": 141,
    "epoch_cap": 6000,
    "test_fraction": 0.2,
    "max_train": null,