{
  "dataset": "diabetes",
  "seed": 0,
  "arm": "w_sweep",
  "width": 4,
  "held_out_mse": 3377.781982421875,
  "held_out_trajectory": [
    [
      1,
      0.9970479607582092
    ],
    [
      2,
      0.916106104850769
    ],
    [
      3,
      0.8476455211639404
    ],
    [
      4,
      0.7908114790916443
    ],
    [
      5,
      0.7442747354507446
    ],
    [
      6,
      0.7065603733062744
    ],
    [
      7,
      0.6763738989830017
    ],
    [
      8,
      0.6525043845176697
    ],
    [
      9,
      0.6337726712226868
    ],
    [
      10,
      0.6190650463104248
    ],
    [
      11,
      0.6073786616325378
    ],
    [
      12,
      0.5978501439094543
    ],
    [
      13,
      0.5897722244262695
    ],
    [
      14,
      0.5826032161712646
    ],
    [
      15,
      0.5759739279747009
    ],
    [
      16,
      0.5696866512298584
    ],
    [
      17,
      0.5637039542198181
    ],
    [
      18,
      0.5581227540969849
    ],
    [
      19,
      0.553136944770813
    ],
    [
      20,
      0.5489877462387085
    ],
    [
      21,
      0.5459070801734924
    ],
    [
      22,
      0.5440589189529419
    ],
    [
      23,
      0.5434903502464294
    ],
    [
      24,
      0.5440998077392578
    ],
    [
      25,
      0.5456368923187256
    ],
    [
      26,
      0.5477350354194641
    ],
    [
      27,
      0.5499714612960815
    ],
    [
      28,
      0.5519411563873291
    ],
    [
      29,
      0.5533240437507629
    ],
    [
      30,
      0.553931713104248
    ],
    [
      31,
      0.5537232756614685
    ],
    [
      32,
      0.5527925491333008
    ],
    [
      33,
      0.5513328313827515
    ],
    [
      34,
      0.5495887994766235
    ],
    [
      35,
      0.5478085279464722
    ],
    [
      36,
      0.5462023019790649
    ],
    [
      37,
      0.544916033744812
    ],
    [
      38,
      0.5440219044685364
    ],
    [
      39,
      0.5435255765914917
    ],
    [
      40,
      0.543384313583374
    ],
    [
      41,
      0.5435315370559692
    ],
    [
      42,
      0.543898344039917
    ],
    [
      43,
      0.544428288936615
    ],
    [
      44,
      0.54508376121521
    ],
    [
      45,
      0.5458438396453857
    ],
    [
      46,
      0.5466969609260559
    ],
    [
      47,
      0.5476329326629639
    ],
    [
      48,
      0.5486357808113098
    ],
    [
      49,
      0.549681544303894
    ],
    [
      50,
      0.5507400035858154
    ],
    [
      51,
      0.5517793297767639
    ],
    [
      52,
      0.5527729988098145
    ],
    [
      53,
      0.5537051558494568
    ],
    [
      54,
      0.5545737147331238
    ],
    [
      55,
      0.5553898811340332
    ],
    [
      56,
      0.5561758875846863
    ],
    [
      57,
      0.5569598078727722
    ],
    [
      58,
      0.5577700138092041
    ],
    [
      59,
      0.5586303472518921
    ],
    [
      60,
      0.5595559477806091
    ],
    [
      61,
      0.5605515837669373
    ],
    [
      62,
      0.5616123676300049
    ],
    [
      63,
      0.5627259612083435
    ],
    [
      64,
      0.5638760328292847
    ],
    [
      65,
      0.5650461316108704
    ],
    [
      66,
      0.5662227272987366
    ],
    [
      67,
      0.5673969984054565
    ],
    [
      68,
      0.5685648918151855
    ],
    [
      69,
      0.5697261095046997
    ],
    [
      70,
      0.5708825588226318
    ],
    [
      71,
      0.5720365047454834
    ],
    [
      72,
      0.5731889009475708
    ],
    [
      73,
      0.5743391513824463
    ],
    [
      74,
      0.575485110282898
    ],
    [
      75,
      0.5766234993934631
    ],
    [
      76,
      0.5777512788772583
    ],
    [
      77,
      0.5788660049438477
    ],
    [
      78,
      0.5799664855003357
    ],
    [
      79,
      0.5810521841049194
    ],
    [
      80,
      0.5821236371994019
    ],
    [
      81,
      0.5831811428070068
    ],
    [
      82,
      0.5842248201370239
    ],
    [
      83,
      0.5852544903755188
    ],
    [
      84,
      0.5862699151039124
    ],
    [
      85,
      0.5872710347175598
    ],
    [
      86,
      0.5882588624954224
    ],
    [
      87,
      0.5892355442047119
    ],
    [
      88,
      0.5902050137519836
    ],
    [
      89,
      0.5911723375320435
    ],
    [
      90,
      0.5921434760093689
    ],
    [
      91,
      0.5931251049041748
    ],
    [
      92,
      0.5941236019134521
    ],
    [
      93,
      0.5951447486877441
    ],
    [
      94,
      0.5961933135986328
    ],
    [
      95,
      0.5972726345062256
    ],
    [
      96,
      0.5983849167823792
    ],
    [
      97,
      0.5995303392410278
    ],
    [
      98,
      0.6007079482078552
    ],
    [
      99,
      0.6019153594970703
    ],
    [
      100,
      0.6031487584114075
    ]
  ],
  "trustworthy": true,
  "hit_cap": false,
  "converged": true,
  "trajectory_applicable": true,
  "select_squared_error": [
    0.020629093050956726,
    1.4170544147491455,
    2.982055187225342,
    0.2666730582714081,
    0.00024641084019094706,
    0.02839002199470997,
    4.4535005145007744e-05,
    1.2394245862960815,
    1.1253701448440552,
    0.1457674652338028,
    1.287312626838684,
    0.8938796520233154,
    0.33950749039649963,
    0.7808399796485901,
    1.740767478942871,
    0.30772465467453003,
    0.9097829461097717,
    0.19363965094089508,
    0.06690630316734314,
    0.8937944769859314,
    0.8804916739463806,
    0.34647050499916077,
    1.3038865327835083,
    0.9622170329093933,
    0.4503336250782013,
    0.09856987744569778,
    0.04059626907110214,
    0.9618022441864014,
    0.011485009454190731,
    2.4203755855560303,
    0.017438597977161407,
    1.9226642847061157,
    0.16251897811889648,
    0.15093697607517242,
    0.12176797538995743,
    0.06064473092556,
    2.208592176437378,
    2.677576780319214,
    5.677865982055664,
    0.4708635210990906,
    0.13890504837036133,
    0.0004955266485922039,
    0.22391854226589203,
    0.021842170506715775,
    0.47568774223327637,
    0.11783409118652344,
    0.28986185789108276,
    0.00956403836607933,
    3.5305302143096924,
    0.05098225176334381,
    0.12159136682748795,
    0.02382752299308777,
    0.03569915145635605
  ],
  "n_selection_used": 53,
  "training_macs": 1861200,
  "n_train_used": 141,
  "actual_epochs": 100,
  "selection_cost": null,
  "config": {
    "d": 10,
    "lr": 0.01,
    "patience": 60,
    "min_delta": 0.0001,
    "batch_size": 141,
    "epoch_cap": 6000,
    "test_fraction": 0.2,
    "max_train": null,
    "fraction_pct": 15
  },
  "constants": {
    "selection_fraction": {
      "source": "/home/ff235/dev/MLResearch/automl/automl_package/examples/capacity_ladder_results/WSEL6/frozen.json",
      "fraction": 0.15,
      "fraction_pct": 15
    },
    "width_ladder": {
      "source": "/home/ff235/dev/MLResearch/automl/automl_package/examples/capacity_ladder_results/WSEL8/hetero_0.json",
      "w_max": 12
    },
    "router": {
      "source": "/home/ff235/dev/MLResearch/automl/automl_package/examples/capacity_ladder_results/WSEL7/frozen.json",
      "invariant": false,
      "ratified_default": {
        "hidden": 32,
        "depth": 2,
        "epochs": 300,
        "lr": 0.01
      },
      "ruling": "width.md WSEL-7 2026-07-22 sign-off ruling 1: frozen default STAYS, new_default NOT adopted"
    }
  },
  "provenance": {
    "timestamp_utc": "2026-07-22T18:32:43+00:00",
    "git": {
      "commit": "2a22061a952104f39e07bd32de1771791876c6d9",
      "dirty": true
    },
    "python": "3.12.13",
    "torch": "2.10.0+xpu",
    "numpy": "2.4.3",
    "platform": "Linux-7.1.3-200.fc44.x86_64-x86_64-with-glibc2.43",
    "threads": {
      "omp_num_threads": "4",
      "torch_num_threads": 4,
      "cpu_count": 22
    },
    "automl_device": "cpu"
  }
}