{
  "dataset": "diabetes",
  "seed": 1,
  "arm": "w_sweep",
  "width": 4,
  "held_out_mse": 3286.2626953125,
  "held_out_trajectory": [
    [
      1,
      1.13889479637146
    ],
    [
      2,
      1.0681389570236206
    ],
    [
      3,
      1.0063092708587646
    ],
    [
      4,
      0.9537112712860107
    ],
    [
      5,
      0.9101560115814209
    ],
    [
      6,
      0.8749719262123108
    ],
    [
      7,
      0.847082793712616
    ],
    [
      8,
      0.8252043724060059
    ],
    [
      9,
      0.8080618381500244
    ],
    [
      10,
      0.7945282459259033
    ],
    [
      11,
      0.78368079662323
    ],
    [
      12,
      0.774804413318634
    ],
    [
      13,
      0.767367959022522
    ],
    [
      14,
      0.7609872817993164
    ],
    [
      15,
      0.7553887963294983
    ],
    [
      16,
      0.7503775358200073
    ],
    [
      17,
      0.745812714099884
    ],
    [
      18,
      0.7415913343429565
    ],
    [
      19,
      0.7376375794410706
    ],
    [
      20,
      0.7338986992835999
    ],
    [
      21,
      0.7303435802459717
    ],
    [
      22,
      0.7269629836082458
    ],
    [
      23,
      0.7237712740898132
    ],
    [
      24,
      0.7208060026168823
    ],
    [
      25,
      0.7181267738342285
    ],
    [
      26,
      0.715811014175415
    ],
    [
      27,
      0.7139480113983154
    ],
    [
      28,
      0.7126287221908569
    ],
    [
      29,
      0.7119351625442505
    ],
    [
      30,
      0.7119286060333252
    ],
    [
      31,
      0.7126370072364807
    ],
    [
      32,
      0.7140471935272217
    ],
    [
      33,
      0.7161004543304443
    ],
    [
      34,
      0.7186937928199768
    ],
    [
      35,
      0.7216889262199402
    ],
    [
      36,
      0.7249271869659424
    ],
    [
      37,
      0.7282469272613525
    ],
    [
      38,
      0.731501579284668
    ],
    [
      39,
      0.7345740795135498
    ],
    [
      40,
      0.7373842000961304
    ],
    [
      41,
      0.7398896813392639
    ],
    [
      42,
      0.7420799732208252
    ],
    [
      43,
      0.7439672946929932
    ],
    [
      44,
      0.7455746531486511
    ],
    [
      45,
      0.7469260692596436
    ],
    [
      46,
      0.7480385899543762
    ],
    [
      47,
      0.7489184737205505
    ],
    [
      48,
      0.7495605945587158
    ],
    [
      49,
      0.7499507665634155
    ],
    [
      50,
      0.7500707507133484
    ],
    [
      51,
      0.74990314245224
    ],
    [
      52,
      0.7494358420372009
    ],
    [
      53,
      0.7486665844917297
    ],
    [
      54,
      0.7476041316986084
    ],
    [
      55,
      0.746269941329956
    ],
    [
      56,
      0.7446960806846619
    ],
    [
      57,
      0.7429242134094238
    ],
    [
      58,
      0.7410025000572205
    ],
    [
      59,
      0.7389827370643616
    ],
    [
      60,
      0.7369177937507629
    ],
    [
      61,
      0.7348592877388
    ],
    [
      62,
      0.7328555583953857
    ],
    [
      63,
      0.7309499979019165
    ],
    [
      64,
      0.7291803359985352
    ],
    [
      65,
      0.7275784611701965
    ],
    [
      66,
      0.7261698246002197
    ],
    [
      67,
      0.7249737977981567
    ],
    [
      68,
      0.7240040302276611
    ],
    [
      69,
      0.7232682108879089
    ],
    [
      70,
      0.7227692604064941
    ],
    [
      71,
      0.7225047945976257
    ],
    [
      72,
      0.7224676012992859
    ],
    [
      73,
      0.7226462960243225
    ],
    [
      74,
      0.7230250239372253
    ],
    [
      75,
      0.7235841751098633
    ],
    [
      76,
      0.7243010997772217
    ],
    [
      77,
      0.7251504063606262
    ],
    [
      78,
      0.7261050939559937
    ],
    [
      79,
      0.7271377444267273
    ],
    [
      80,
      0.7282211780548096
    ],
    [
      81,
      0.7293294668197632
    ],
    [
      82,
      0.7304397821426392
    ],
    [
      83,
      0.7315318584442139
    ],
    [
      84,
      0.7325895428657532
    ],
    [
      85,
      0.733600378036499
    ],
    [
      86,
      0.7345561981201172
    ],
    [
      87,
      0.7354521751403809
    ],
    [
      88,
      0.7362867593765259
    ],
    [
      89,
      0.7370612621307373
    ],
    [
      90,
      0.7377786636352539
    ]
  ],
  "trustworthy": true,
  "hit_cap": false,
  "converged": true,
  "trajectory_applicable": true,
  "select_squared_error": [
    0.12933960556983948,
    0.15309098362922668,
    3.2525596618652344,
    0.05496136471629143,
    0.010876032523810863,
    0.00526410760357976,
    0.30134645104408264,
    0.427901953458786,
    0.006839583162218332,
    0.022691819816827774,
    1.8240997791290283,
    1.4718579053878784,
    0.6780687570571899,
    1.048702359199524,
    0.04076069965958595,
    0.6193562150001526,
    1.2035408020019531,
    0.16748733818531036,
    2.235779285430908,
    0.9587090611457825,
    0.1486891359090805,
    0.13579386472702026,
    0.15703102946281433,
    0.1723605990409851,
    0.04327816143631935,
    0.020957618951797485,
    0.08523030579090118,
    0.054936278611421585,
    0.15189386904239655,
    0.27825063467025757,
    0.06620930880308151,
    2.4533779621124268,
    0.22422024607658386,
    1.453231692314148,
    0.5951051115989685,
    0.24687977135181427,
    0.009005186147987843,
    0.06213156133890152,
    1.5126372575759888,
    0.7586631178855896,
    0.01911432482302189,
    0.21161037683486938,
    0.41598984599113464,
    0.0012453212402760983,
    0.36999282240867615,
    1.0593695640563965,
    0.7491339445114136,
    0.4199709892272949,
    0.18507027626037598,
    2.1947295665740967,
    1.9808871746063232,
    0.055918026715517044,
    0.23126985132694244
  ],
  "n_selection_used": 53,
  "training_macs": 1675080,
  "n_train_used": 141,
  "actual_epochs": 90,
  "selection_cost": null,
  "config": {
    "d": 10,
    "lr": 0.01,
    "patience": 60,
    "min_delta": 0.0001,
    "batch_size": 141,
    "epoch_cap": 6000,
    "test_fraction": 0.2,
    "max_train": null,
    "fraction_pct": 15
  },
  "constants": {
    "selection_fraction": {
      "source": "/home/ff235/dev/MLResearch/automl/automl_package/examples/capacity_ladder_results/WSEL6/frozen.json",
      "fraction": 0.15,
      "fraction_pct": 15
    },
    "width_ladder": {
      "source": "/home/ff235/dev/MLResearch/automl/automl_package/examples/capacity_ladder_results/WSEL8/hetero_0.json",
      "w_max": 12
    },
    "router": {
      "source": "/home/ff235/dev/MLResearch/automl/automl_package/examples/capacity_ladder_results/WSEL7/frozen.json",
      "invariant": false,
      "ratified_default": {
        "hidden": 32,
        "depth": 2,
        "epochs": 300,
        "lr": 0.01
      },
      "ruling": "width.md WSEL-7 2026-07-22 sign-off ruling 1: frozen default STAYS, new_default NOT adopted"
    }
  },
  "provenance": {
    "timestamp_utc": "2026-07-22T18:33:23+00:00",
    "git": {
      "commit": "2a22061a952104f39e07bd32de1771791876c6d9",
      "dirty": true
    },
    "python": "3.12.13",
    "torch": "2.10.0+xpu",
    "numpy": "2.4.3",
    "platform": "Linux-7.1.3-200.fc44.x86_64-x86_64-with-glibc2.43",
    "threads": {
      "omp_num_threads": "4",
      "torch_num_threads": 4,
      "cpu_count": 22
    },
    "automl_device": "cpu"
  }
}