{
  "dataset": "diabetes",
  "seed": 2,
  "arm": "w_sweep",
  "width": 9,
  "held_out_mse": 3491.362548828125,
  "held_out_trajectory": [
    [
      1,
      1.153798222541809
    ],
    [
      2,
      1.0696024894714355
    ],
    [
      3,
      0.9934117794036865
    ],
    [
      4,
      0.9250522255897522
    ],
    [
      5,
      0.8634719252586365
    ],
    [
      6,
      0.8079649209976196
    ],
    [
      7,
      0.7581017017364502
    ],
    [
      8,
      0.7135615944862366
    ],
    [
      9,
      0.6741108298301697
    ],
    [
      10,
      0.63959801197052
    ],
    [
      11,
      0.6099298596382141
    ],
    [
      12,
      0.5850312113761902
    ],
    [
      13,
      0.5647909045219421
    ],
    [
      14,
      0.5489941239356995
    ],
    [
      15,
      0.5372480750083923
    ],
    [
      16,
      0.528925895690918
    ],
    [
      17,
      0.5231737494468689
    ],
    [
      18,
      0.519014835357666
    ],
    [
      19,
      0.5155189633369446
    ],
    [
      20,
      0.511959433555603
    ],
    [
      21,
      0.5079004764556885
    ],
    [
      22,
      0.5032035112380981
    ],
    [
      23,
      0.4979741871356964
    ],
    [
      24,
      0.49247896671295166
    ],
    [
      25,
      0.48705577850341797
    ],
    [
      26,
      0.4820387065410614
    ],
    [
      27,
      0.4777083992958069
    ],
    [
      28,
      0.47427231073379517
    ],
    [
      29,
      0.47186607122421265
    ],
    [
      30,
      0.4705598056316376
    ],
    [
      31,
      0.47036245465278625
    ],
    [
      32,
      0.47121816873550415
    ],
    [
      33,
      0.47300276160240173
    ],
    [
      34,
      0.47552621364593506
    ],
    [
      35,
      0.4785473644733429
    ],
    [
      36,
      0.4818015694618225
    ],
    [
      37,
      0.4850360155105591
    ],
    [
      38,
      0.4880414605140686
    ],
    [
      39,
      0.49067237973213196
    ],
    [
      40,
      0.4928503632545471
    ],
    [
      41,
      0.49455463886260986
    ],
    [
      42,
      0.4958045184612274
    ],
    [
      43,
      0.4966411590576172
    ],
    [
      44,
      0.4971124231815338
    ],
    [
      45,
      0.4972643256187439
    ],
    [
      46,
      0.4971388280391693
    ],
    [
      47,
      0.4967767000198364
    ],
    [
      48,
      0.4962212145328522
    ],
    [
      49,
      0.49552154541015625
    ],
    [
      50,
      0.4947315454483032
    ],
    [
      51,
      0.4939064383506775
    ],
    [
      52,
      0.49309810996055603
    ],
    [
      53,
      0.4923509359359741
    ],
    [
      54,
      0.4917001724243164
    ],
    [
      55,
      0.4911728501319885
    ],
    [
      56,
      0.490789532661438
    ],
    [
      57,
      0.4905658960342407
    ],
    [
      58,
      0.49051231145858765
    ],
    [
      59,
      0.4906315207481384
    ],
    [
      60,
      0.49091625213623047
    ],
    [
      61,
      0.4913468360900879
    ],
    [
      62,
      0.49189314246177673
    ],
    [
      63,
      0.4925163686275482
    ],
    [
      64,
      0.4931732714176178
    ],
    [
      65,
      0.4938196539878845
    ],
    [
      66,
      0.49441179633140564
    ],
    [
      67,
      0.49490800499916077
    ],
    [
      68,
      0.49527114629745483
    ],
    [
      69,
      0.49547114968299866
    ],
    [
      70,
      0.49549102783203125
    ],
    [
      71,
      0.49533048272132874
    ],
    [
      72,
      0.49500906467437744
    ],
    [
      73,
      0.4945645332336426
    ],
    [
      74,
      0.4940483868122101
    ],
    [
      75,
      0.4935188889503479
    ],
    [
      76,
      0.4930337369441986
    ],
    [
      77,
      0.49264389276504517
    ],
    [
      78,
      0.4923897385597229
    ],
    [
      79,
      0.4922982454299927
    ],
    [
      80,
      0.49238184094429016
    ],
    [
      81,
      0.49263790249824524
    ],
    [
      82,
      0.49304887652397156
    ],
    [
      83,
      0.4935838282108307
    ],
    [
      84,
      0.4942018687725067
    ],
    [
      85,
      0.494855672121048
    ],
    [
      86,
      0.495496541261673
    ],
    [
      87,
      0.4960789084434509
    ],
    [
      88,
      0.4965648651123047
    ],
    [
      89,
      0.4969267249107361
    ],
    [
      90,
      0.49714982509613037
    ],
    [
      91,
      0.49723371863365173
    ]
  ],
  "trustworthy": true,
  "hit_cap": false,
  "converged": true,
  "trajectory_applicable": true,
  "select_squared_error": [
    0.029975246638059616,
    0.017977124080061913,
    0.16784274578094482,
    0.06061429902911186,
    0.21684984862804413,
    0.3275710344314575,
    0.2427554428577423,
    1.7134835720062256,
    0.8832440376281738,
    1.2866622967067087e-07,
    0.08800970762968063,
    0.1168823167681694,
    2.1212258338928223,
    0.21107324957847595,
    0.9724178314208984,
    1.1042304039001465,
    0.04124589264392853,
    0.0002637628058437258,
    0.7963491678237915,
    1.1033735275268555,
    0.10780660063028336,
    0.0003863713354803622,
    0.012274635024368763,
    0.9693146347999573,
    2.8238563537597656,
    0.009554446674883366,
    0.029951445758342743,
    0.040035028010606766,
    0.49132758378982544,
    1.002841591835022,
    0.9275328516960144,
    0.07926633954048157,
    1.140636682510376,
    0.0007761844899505377,
    1.499241590499878,
    0.17844824492931366,
    0.8088149428367615,
    0.05804695934057236,
    0.11194363981485367,
    1.66268789768219,
    1.9096009731292725,
    0.014704364351928234,
    0.16351273655891418,
    0.9956275224685669,
    0.2571060359477997,
    0.05353553965687752,
    0.02371237799525261,
    0.9349725842475891,
    0.024242814630270004,
    0.009330476634204388,
    0.28830331563949585,
    0.037056729197502136,
    0.050015125423669815
  ],
  "n_selection_used": 53,
  "training_macs": 3810807,
  "n_train_used": 141,
  "actual_epochs": 91,
  "selection_cost": null,
  "config": {
    "d": 10,
    "lr": 0.01,
    "patience": 60,
    "min_delta": 0.0001,
    "batch_size": 141,
    "epoch_cap": 6000,
    "test_fraction": 0.2,
    "max_train": null,
    "fraction_pct": 15
  },
  "constants": {
    "selection_fraction": {
      "source": "/home/ff235/dev/MLResearch/automl/automl_package/examples/capacity_ladder_results/WSEL6/frozen.json",
      "fraction": 0.15,
      "fraction_pct": 15
    },
    "width_ladder": {
      "source": "/home/ff235/dev/MLResearch/automl/automl_package/examples/capacity_ladder_results/WSEL8/hetero_0.json",
      "w_max": 12
    },
    "router": {
      "source": "/home/ff235/dev/MLResearch/automl/automl_package/examples/capacity_ladder_results/WSEL7/frozen.json",
      "invariant": false,
      "ratified_default": {
        "hidden": 32,
        "depth": 2,
        "epochs": 300,
        "lr": 0.01
      },
      "ruling": "width.md WSEL-7 2026-07-22 sign-off ruling 1: frozen default STAYS, new_default NOT adopted"
    }
  },
  "provenance": {
    "timestamp_utc": "2026-07-22T18:34:15+00:00",
    "git": {
      "commit": "2a22061a952104f39e07bd32de1771791876c6d9",
      "dirty": true
    },
    "python": "3.12.13",
    "torch": "2.10.0+xpu",
    "numpy": "2.4.3",
    "platform": "Linux-7.1.3-200.fc44.x86_64-x86_64-with-glibc2.43",
    "threads": {
      "omp_num_threads": "4",
      "torch_num_threads": 4,
      "cpu_count": 22
    },
    "automl_device": "cpu"
  }
}