{
  "dataset": "diabetes",
  "seed": 0,
  "arm": "w_sweep",
  "width": 11,
  "held_out_mse": 3114.8974609375,
  "held_out_trajectory": [
    [
      1,
      1.326276183128357
    ],
    [
      2,
      1.1977639198303223
    ],
    [
      3,
      1.085877537727356
    ],
    [
      4,
      0.9892182946205139
    ],
    [
      5,
      0.9056961536407471
    ],
    [
      6,
      0.8338372111320496
    ],
    [
      7,
      0.7725621461868286
    ],
    [
      8,
      0.7207781672477722
    ],
    [
      9,
      0.6773307919502258
    ],
    [
      10,
      0.6411488056182861
    ],
    [
      11,
      0.611359179019928
    ],
    [
      12,
      0.5873038172721863
    ],
    [
      13,
      0.568462610244751
    ],
    [
      14,
      0.554313063621521
    ],
    [
      15,
      0.5441980361938477
    ],
    [
      16,
      0.5372841358184814
    ],
    [
      17,
      0.5326473712921143
    ],
    [
      18,
      0.5294339656829834
    ],
    [
      19,
      0.5270043611526489
    ],
    [
      20,
      0.5249987244606018
    ],
    [
      21,
      0.5233153104782104
    ],
    [
      22,
      0.5220308303833008
    ],
    [
      23,
      0.5212940573692322
    ],
    [
      24,
      0.5212278962135315
    ],
    [
      25,
      0.5218687653541565
    ],
    [
      26,
      0.5231621861457825
    ],
    [
      27,
      0.524998128414154
    ],
    [
      28,
      0.5272478461265564
    ],
    [
      29,
      0.5297753214836121
    ],
    [
      30,
      0.5324232578277588
    ],
    [
      31,
      0.5349962711334229
    ],
    [
      32,
      0.5372664928436279
    ],
    [
      33,
      0.5390130281448364
    ],
    [
      34,
      0.5400869846343994
    ],
    [
      35,
      0.5404655933380127
    ],
    [
      36,
      0.5402664542198181
    ],
    [
      37,
      0.5397112965583801
    ],
    [
      38,
      0.5390579104423523
    ],
    [
      39,
      0.5385323762893677
    ],
    [
      40,
      0.53829026222229
    ],
    [
      41,
      0.538407027721405
    ],
    [
      42,
      0.5388891696929932
    ],
    [
      43,
      0.5396979451179504
    ],
    [
      44,
      0.5407736301422119
    ],
    [
      45,
      0.5420522093772888
    ],
    [
      46,
      0.5434713959693909
    ],
    [
      47,
      0.5449696183204651
    ],
    [
      48,
      0.5464878082275391
    ],
    [
      49,
      0.547976553440094
    ],
    [
      50,
      0.5494068264961243
    ],
    [
      51,
      0.550776481628418
    ],
    [
      52,
      0.5521073341369629
    ],
    [
      53,
      0.5534309148788452
    ],
    [
      54,
      0.5547717809677124
    ],
    [
      55,
      0.5561363697052002
    ],
    [
      56,
      0.5575141906738281
    ],
    [
      57,
      0.5588880777359009
    ],
    [
      58,
      0.5602477192878723
    ],
    [
      59,
      0.5615956783294678
    ],
    [
      60,
      0.562945544719696
    ],
    [
      61,
      0.5643133521080017
    ],
    [
      62,
      0.5657126307487488
    ],
    [
      63,
      0.5671517848968506
    ],
    [
      64,
      0.5686373114585876
    ],
    [
      65,
      0.5701745748519897
    ],
    [
      66,
      0.5717672109603882
    ],
    [
      67,
      0.5734126567840576
    ],
    [
      68,
      0.575099766254425
    ],
    [
      69,
      0.5768107771873474
    ],
    [
      70,
      0.5785253047943115
    ],
    [
      71,
      0.5802243947982788
    ],
    [
      72,
      0.5818927884101868
    ],
    [
      73,
      0.5835196375846863
    ],
    [
      74,
      0.5850998163223267
    ],
    [
      75,
      0.5866379737854004
    ],
    [
      76,
      0.5881509184837341
    ],
    [
      77,
      0.5896670818328857
    ],
    [
      78,
      0.5912201404571533
    ],
    [
      79,
      0.5928410291671753
    ],
    [
      80,
      0.594553530216217
    ],
    [
      81,
      0.5963727235794067
    ],
    [
      82,
      0.5983062386512756
    ],
    [
      83,
      0.600352942943573
    ],
    [
      84,
      0.6025009155273438
    ]
  ],
  "trustworthy": true,
  "hit_cap": false,
  "converged": true,
  "trajectory_applicable": true,
  "select_squared_error": [
    0.19282731413841248,
    1.8353170156478882,
    1.63922917842865,
    0.18149149417877197,
    3.102284608758055e-05,
    0.017050594091415405,
    0.02980101853609085,
    1.1790547370910645,
    1.1670119762420654,
    0.001008029910735786,
    1.2123626470565796,
    0.9182041883468628,
    0.2010948657989502,
    0.47609299421310425,
    2.47287654876709,
    0.7961727380752563,
    1.5971591472625732,
    0.0819699764251709,
    0.06950506567955017,
    0.7249603271484375,
    0.49622395634651184,
    0.17995266616344452,
    1.3806273937225342,
    1.2322347164154053,
    1.127632975578308,
    0.01738269440829754,
    0.2428315132856369,
    1.239875078201294,
    0.002438066992908716,
    2.6219868659973145,
    0.0004704617604147643,
    1.931624412536621,
    0.2202690988779068,
    0.22097446024417877,
    0.10480397939682007,
    0.011468801647424698,
    1.9746603965759277,
    1.7097913026809692,
    5.712321758270264,
    0.8581284880638123,
    0.264638215303421,
    0.0020206747576594353,
    0.2533029317855835,
    0.1426481306552887,
    0.1737719476222992,
    0.08844282478094101,
    0.005859869532287121,
    0.061231158673763275,
    2.8243091106414795,
    0.045440010726451874,
    0.023961534723639488,
    0.003367343684658408,
    0.01859939470887184
  ],
  "n_selection_used": 53,
  "training_macs": 4299372,
  "n_train_used": 141,
  "actual_epochs": 84,
  "selection_cost": null,
  "config": {
    "d": 10,
    "lr": 0.01,
    "patience": 60,
    "min_delta": 0.0001,
    "batch_size": 141,
    "epoch_cap": 6000,
    "test_fraction": 0.2,
    "max_train": null,
    "fraction_pct": 15
  },
  "constants": {
    "selection_fraction": {
      "source": "/home/ff235/dev/MLResearch/automl/automl_package/examples/capacity_ladder_results/WSEL6/frozen.json",
      "fraction": 0.15,
      "fraction_pct": 15
    },
    "width_ladder": {
      "source": "/home/ff235/dev/MLResearch/automl/automl_package/examples/capacity_ladder_results/WSEL8/hetero_0.json",
      "w_max": 12
    },
    "router": {
      "source": "/home/ff235/dev/MLResearch/automl/automl_package/examples/capacity_ladder_results/WSEL7/frozen.json",
      "invariant": false,
      "ratified_default": {
        "hidden": 32,
        "depth": 2,
        "epochs": 300,
        "lr": 0.01
      },
      "ruling": "width.md WSEL-7 2026-07-22 sign-off ruling 1: frozen default STAYS, new_default NOT adopted"
    }
  },
  "provenance": {
    "timestamp_utc": "2026-07-22T18:33:00+00:00",
    "git": {
      "commit": "2a22061a952104f39e07bd32de1771791876c6d9",
      "dirty": true
    },
    "python": "3.12.13",
    "torch": "2.10.0+xpu",
    "numpy": "2.4.3",
    "platform": "Linux-7.1.3-200.fc44.x86_64-x86_64-with-glibc2.43",
    "threads": {
      "omp_num_threads": "4",
      "torch_num_threads": 4,
      "cpu_count": 22
    },
    "automl_device": "cpu"
  }
}