{
  "dataset": "diabetes",
  "seed": 1,
  "arm": "w_sweep",
  "width": 11,
  "held_out_mse": 4287.59521484375,
  "held_out_trajectory": [
    [
      1,
      0.8195030093193054
    ],
    [
      2,
      0.7544345855712891
    ],
    [
      3,
      0.7170339226722717
    ],
    [
      4,
      0.703053891658783
    ],
    [
      5,
      0.7052466869354248
    ],
    [
      6,
      0.7147629261016846
    ],
    [
      7,
      0.7249852418899536
    ],
    [
      8,
      0.73265540599823
    ],
    [
      9,
      0.7368631362915039
    ],
    [
      10,
      0.7380143404006958
    ],
    [
      11,
      0.7371466159820557
    ],
    [
      12,
      0.735489547252655
    ],
    [
      13,
      0.7341516017913818
    ],
    [
      14,
      0.7338796854019165
    ],
    [
      15,
      0.7349127531051636
    ],
    [
      16,
      0.7369715571403503
    ],
    [
      17,
      0.7394139766693115
    ],
    [
      18,
      0.7415085434913635
    ],
    [
      19,
      0.7427102327346802
    ],
    [
      20,
      0.7428203225135803
    ],
    [
      21,
      0.7419854998588562
    ],
    [
      22,
      0.7405755519866943
    ],
    [
      23,
      0.7390139102935791
    ],
    [
      24,
      0.7376272082328796
    ],
    [
      25,
      0.7365512251853943
    ],
    [
      26,
      0.7357107996940613
    ],
    [
      27,
      0.7348649501800537
    ],
    [
      28,
      0.7336987853050232
    ],
    [
      29,
      0.7319270968437195
    ],
    [
      30,
      0.729377031326294
    ],
    [
      31,
      0.7260310053825378
    ],
    [
      32,
      0.7220202088356018
    ],
    [
      33,
      0.7175851464271545
    ],
    [
      34,
      0.7130181193351746
    ],
    [
      35,
      0.7086052894592285
    ],
    [
      36,
      0.7045817971229553
    ],
    [
      37,
      0.70110684633255
    ],
    [
      38,
      0.6982576251029968
    ],
    [
      39,
      0.6960408687591553
    ],
    [
      40,
      0.6944152116775513
    ],
    [
      41,
      0.6933143138885498
    ],
    [
      42,
      0.6926684975624084
    ],
    [
      43,
      0.6924169659614563
    ],
    [
      44,
      0.6925108432769775
    ],
    [
      45,
      0.6929101347923279
    ],
    [
      46,
      0.6935740113258362
    ],
    [
      47,
      0.6944548487663269
    ],
    [
      48,
      0.695492684841156
    ],
    [
      49,
      0.6966183185577393
    ],
    [
      50,
      0.697759211063385
    ],
    [
      51,
      0.6988497972488403
    ],
    [
      52,
      0.6998416781425476
    ],
    [
      53,
      0.7007102966308594
    ],
    [
      54,
      0.7014557123184204
    ],
    [
      55,
      0.7020991444587708
    ],
    [
      56,
      0.7026746273040771
    ],
    [
      57,
      0.7032198309898376
    ],
    [
      58,
      0.703766942024231
    ],
    [
      59,
      0.7043378353118896
    ],
    [
      60,
      0.7049404978752136
    ],
    [
      61,
      0.7055704593658447
    ],
    [
      62,
      0.7062116265296936
    ],
    [
      63,
      0.7068396210670471
    ],
    [
      64,
      0.7074227929115295
    ],
    [
      65,
      0.7079246640205383
    ],
    [
      66,
      0.708304226398468
    ],
    [
      67,
      0.7085193991661072
    ],
    [
      68,
      0.7085298895835876
    ],
    [
      69,
      0.7083020806312561
    ],
    [
      70,
      0.7078143358230591
    ],
    [
      71,
      0.7070609331130981
    ],
    [
      72,
      0.706055223941803
    ],
    [
      73,
      0.7048285603523254
    ],
    [
      74,
      0.7034275531768799
    ],
    [
      75,
      0.7019089460372925
    ],
    [
      76,
      0.7003340125083923
    ],
    [
      77,
      0.6987614035606384
    ],
    [
      78,
      0.6972435712814331
    ],
    [
      79,
      0.6958226561546326
    ],
    [
      80,
      0.6945282220840454
    ],
    [
      81,
      0.6933770775794983
    ],
    [
      82,
      0.6923729777336121
    ],
    [
      83,
      0.6915075182914734
    ],
    [
      84,
      0.6907621026039124
    ],
    [
      85,
      0.6901102662086487
    ],
    [
      86,
      0.6895201206207275
    ],
    [
      87,
      0.6889585852622986
    ],
    [
      88,
      0.6883944272994995
    ],
    [
      89,
      0.6878015398979187
    ],
    [
      90,
      0.6871603727340698
    ],
    [
      91,
      0.686459481716156
    ],
    [
      92,
      0.6856939792633057
    ],
    [
      93,
      0.6848647594451904
    ],
    [
      94,
      0.6839764714241028
    ],
    [
      95,
      0.6830359697341919
    ],
    [
      96,
      0.6820505261421204
    ],
    [
      97,
      0.6810276508331299
    ],
    [
      98,
      0.6799742579460144
    ],
    [
      99,
      0.6788972616195679
    ],
    [
      100,
      0.6778036952018738
    ],
    [
      101,
      0.6767011284828186
    ],
    [
      102,
      0.6755988001823425
    ],
    [
      103,
      0.6745075583457947
    ],
    [
      104,
      0.6734404563903809
    ],
    [
      105,
      0.6724123954772949
    ],
    [
      106,
      0.6714393496513367
    ],
    [
      107,
      0.670536994934082
    ],
    [
      108,
      0.6697191596031189
    ],
    [
      109,
      0.6689960360527039
    ],
    [
      110,
      0.668373167514801
    ],
    [
      111,
      0.667851448059082
    ],
    [
      112,
      0.6674274206161499
    ],
    [
      113,
      0.6670942902565002
    ],
    [
      114,
      0.6668434739112854
    ],
    [
      115,
      0.6666662096977234
    ],
    [
      116,
      0.6665551662445068
    ],
    [
      117,
      0.6665053963661194
    ],
    [
      118,
      0.6665149927139282
    ],
    [
      119,
      0.6665862202644348
    ],
    [
      120,
      0.6667242050170898
    ],
    [
      121,
      0.6669370532035828
    ],
    [
      122,
      0.6672344207763672
    ],
    [
      123,
      0.6676276326179504
    ],
    [
      124,
      0.6681280732154846
    ],
    [
      125,
      0.6687469482421875
    ],
    [
      126,
      0.6694959402084351
    ],
    [
      127,
      0.6703856587409973
    ],
    [
      128,
      0.6714269518852234
    ],
    [
      129,
      0.6726292371749878
    ],
    [
      130,
      0.6740005612373352
    ],
    [
      131,
      0.6755477786064148
    ],
    [
      132,
      0.6772749423980713
    ],
    [
      133,
      0.6791840195655823
    ],
    [
      134,
      0.6812742948532104
    ],
    [
      135,
      0.6835436820983887
    ],
    [
      136,
      0.6859879493713379
    ],
    [
      137,
      0.6886023283004761
    ],
    [
      138,
      0.6913817524909973
    ],
    [
      139,
      0.694321870803833
    ],
    [
      140,
      0.6974177360534668
    ],
    [
      141,
      0.7006646394729614
    ],
    [
      142,
      0.7040570974349976
    ],
    [
      143,
      0.7075881958007812
    ],
    [
      144,
      0.7112492918968201
    ],
    [
      145,
      0.7150310277938843
    ],
    [
      146,
      0.7189226150512695
    ],
    [
      147,
      0.722913384437561
    ],
    [
      148,
      0.7269933819770813
    ],
    [
      149,
      0.7311539053916931
    ],
    [
      150,
      0.7353876829147339
    ],
    [
      151,
      0.7396876811981201
    ],
    [
      152,
      0.744047999382019
    ],
    [
      153,
      0.7484608292579651
    ],
    [
      154,
      0.7529175281524658
    ],
    [
      155,
      0.7574077844619751
    ],
    [
      156,
      0.7619194388389587
    ],
    [
      157,
      0.7664399743080139
    ],
    [
      158,
      0.7709565758705139
    ],
    [
      159,
      0.775457501411438
    ],
    [
      160,
      0.7799317836761475
    ],
    [
      161,
      0.7843700647354126
    ],
    [
      162,
      0.7887636423110962
    ],
    [
      163,
      0.7931039333343506
    ],
