{
  "dataset": "diabetes",
  "seed": 1,
  "arm": "w_sweep",
  "width": 10,
  "held_out_mse": 4350.58447265625,
  "held_out_trajectory": [
    [
      1,
      1.2529840469360352
    ],
    [
      2,
      1.15169095993042
    ],
    [
      3,
      1.072766661643982
    ],
    [
      4,
      1.0123084783554077
    ],
    [
      5,
      0.9655447006225586
    ],
    [
      6,
      0.9283612370491028
    ],
    [
      7,
      0.8977819085121155
    ],
    [
      8,
      0.8719255924224854
    ],
    [
      9,
      0.8497852683067322
    ],
    [
      10,
      0.8309856057167053
    ],
    [
      11,
      0.8155621290206909
    ],
    [
      12,
      0.8037605285644531
    ],
    [
      13,
      0.7958090305328369
    ],
    [
      14,
      0.791649341583252
    ],
    [
      15,
      0.7907271981239319
    ],
    [
      16,
      0.7920302152633667
    ],
    [
      17,
      0.7943957448005676
    ],
    [
      18,
      0.7968578338623047
    ],
    [
      19,
      0.7988299131393433
    ],
    [
      20,
      0.8000985383987427
    ],
    [
      21,
      0.8007023334503174
    ],
    [
      22,
      0.8007832765579224
    ],
    [
      23,
      0.8004595637321472
    ],
    [
      24,
      0.7997540235519409
    ],
    [
      25,
      0.798579752445221
    ],
    [
      26,
      0.7967749834060669
    ],
    [
      27,
      0.7941674590110779
    ],
    [
      28,
      0.7906411290168762
    ],
    [
      29,
      0.786182165145874
    ],
    [
      30,
      0.7808926105499268
    ],
    [
      31,
      0.7749724984169006
    ],
    [
      32,
      0.7686814665794373
    ],
    [
      33,
      0.7622950077056885
    ],
    [
      34,
      0.7560662627220154
    ],
    [
      35,
      0.7502025961875916
    ],
    [
      36,
      0.7448580861091614
    ],
    [
      37,
      0.7401394844055176
    ],
    [
      38,
      0.7361183762550354
    ],
    [
      39,
      0.7328442931175232
    ],
    [
      40,
      0.7303507924079895
    ],
    [
      41,
      0.7286550998687744
    ],
    [
      42,
      0.7277507781982422
    ],
    [
      43,
      0.7276003360748291
    ],
    [
      44,
      0.728130578994751
    ],
    [
      45,
      0.7292354106903076
    ],
    [
      46,
      0.7307851314544678
    ],
    [
      47,
      0.7326416373252869
    ],
    [
      48,
      0.7346729040145874
    ],
    [
      49,
      0.7367649674415588
    ],
    [
      50,
      0.738826334476471
    ],
    [
      51,
      0.7407869696617126
    ],
    [
      52,
      0.7425925135612488
    ],
    [
      53,
      0.7441999316215515
    ],
    [
      54,
      0.7455740571022034
    ],
    [
      55,
      0.7466875910758972
    ],
    [
      56,
      0.7475228905677795
    ],
    [
      57,
      0.7480730414390564
    ],
    [
      58,
      0.74834144115448
    ],
    [
      59,
      0.7483391761779785
    ],
    [
      60,
      0.7480807900428772
    ],
    [
      61,
      0.7475807666778564
    ],
    [
      62,
      0.7468518614768982
    ],
    [
      63,
      0.745905876159668
    ],
    [
      64,
      0.7447574734687805
    ],
    [
      65,
      0.743428111076355
    ],
    [
      66,
      0.741949200630188
    ],
    [
      67,
      0.7403629422187805
    ],
    [
      68,
      0.7387205958366394
    ],
    [
      69,
      0.7370779514312744
    ],
    [
      70,
      0.7354899048805237
    ],
    [
      71,
      0.7340043783187866
    ],
    [
      72,
      0.7326587438583374
    ],
    [
      73,
      0.7314761877059937
    ],
    [
      74,
      0.7304653525352478
    ],
    [
      75,
      0.7296206951141357
    ],
    [
      76,
      0.7289232015609741
    ],
    [
      77,
      0.728343665599823
    ],
    [
      78,
      0.7278451323509216
    ],
    [
      79,
      0.7273861765861511
    ],
    [
      80,
      0.726926326751709
    ],
    [
      81,
      0.726429283618927
    ],
    [
      82,
      0.7258678674697876
    ],
    [
      83,
      0.7252267599105835
    ],
    [
      84,
      0.7245039343833923
    ],
    [
      85,
      0.7237097024917603
    ],
    [
      86,
      0.7228655815124512
    ],
    [
      87,
      0.722000241279602
    ],
    [
      88,
      0.7211458683013916
    ],
    [
      89,
      0.7203354835510254
    ],
    [
      90,
      0.7195989489555359
    ],
    [
      91,
      0.7189610600471497
    ],
    [
      92,
      0.7184399366378784
    ],
    [
      93,
      0.7180467844009399
    ],
    [
      94,
      0.7177857756614685
    ],
    [
      95,
      0.7176558971405029
    ],
    [
      96,
      0.717652440071106
    ],
    [
      97,
      0.7177688479423523
    ],
    [
      98,
      0.717999279499054
    ],
    [
      99,
      0.7183381915092468
    ],
    [
      100,
      0.718781054019928
    ],
    [
      101,
      0.7193233966827393
    ],
    [
      102,
      0.7199592590332031
    ],
    [
      103,
      0.7206804156303406
    ],
    [
      104,
      0.7214750647544861
    ],
    [
      105,
      0.7223281264305115
    ],
    [
      106,
      0.7232223749160767
    ],
    [
      107,
      0.7241396903991699
    ],
    [
      108,
      0.7250641584396362
    ],
    [
      109,
      0.7259836792945862
    ],
    [
      110,
      0.7268924117088318
    ],
    [
      111,
      0.727792501449585
    ],
    [
      112,
      0.7286927700042725
    ],
    [
      113,
      0.7296077609062195
    ],
    [
      114,
      0.7305546998977661
    ],
    [
      115,
      0.7315499186515808
    ],
    [
      116,
      0.7326056957244873
    ],
    [
      117,
      0.7337278127670288
    ],
    [
      118,
      0.7349135875701904
    ],
    [
      119,
      0.7361535429954529
    ],
    [
      120,
      0.737432599067688
    ],
    [
      121,
      0.7387330532073975
    ],
    [
      122,
      0.7400383353233337
    ],
    [
      123,
      0.7413362860679626
    ],
    [
      124,
      0.742620587348938
    ],
    [
      125,
      0.7438918948173523
    ],
    [
      126,
      0.7451562881469727
    ],
    [
      127,
      0.7464230060577393
    ],
    [
      128,
      0.7477015852928162
    ],
    [
      129,
      0.7489985227584839
    ],
    [
      130,
      0.7503154277801514
    ],
    [
      131,
      0.751648485660553
    ],
    [
      132,
      0.7529882788658142
    ],
    [
      133,
      0.7543229460716248
    ],
    [
      134,
      0.755639374256134
    ],
    [
      135,
      0.7569268345832825
    ],
    [
      136,
      0.7581782341003418
    ],
    [
      137,
      0.759391725063324
    ],
    [
      138,
      0.7605701088905334
    ],
    [
      139,
      0.761719822883606
    ],
    [
      140,
      0.7628495693206787
    ],
    [
      141,
      0.7639685869216919
    ],
    [
      142,
      0.7650860548019409
    ],
    [
      143,
      0.7662109136581421
    ],
    [
      144,
      0.7673507928848267
    ],
    [
      145,
      0.768513560295105
    ],
    [
      146,
      0.769707441329956
    ],
    [
      147,
      0.7709401845932007
    ],
    [
      148,
      0.7722194790840149
    ],
    [
      149,
      0.7735521793365479
    ],
    [
      150,
      0.7749431133270264
    ],
    [
      151,
      0.7763950228691101
    ],
    [
      152,
      0.7779080271720886
    ],
    [
      153,
      0.7794787287712097
    ],
    [
      154,
      0.7811015844345093
    ],
    [
      155,
      0.7827675342559814
    ],
    [
      156,
      0.7844641804695129
    ]
  ],
  "trustworthy": true,
  "hit_cap": false,
  "converged": true,
  "trajectory_applicable": true,