{
  "dataset": "energy",
  "seed": 0,
  "arm": "w_sweep",
  "width": 1,
  "held_out_mse": 38.7891845703125,
  "held_out_trajectory": [
    [
      1,
      1.1148077249526978
    ],
    [
      2,
      1.0853649377822876
    ],
    [
      3,
      1.0579534769058228
    ],
    [
      4,
      1.0326087474822998
    ],
    [
      5,
      1.0092535018920898
    ],
    [
      6,
      0.9876726269721985
    ],
    [
      7,
      0.9674992561340332
    ],
    [
      8,
      0.9482612609863281
    ],
    [
      9,
      0.9294871091842651
    ],
    [
      10,
      0.9108116030693054
    ],
    [
      11,
      0.892012357711792
    ],
    [
      12,
      0.8729833960533142
    ],
    [
      13,
      0.8536926507949829
    ],
    [
      14,
      0.8341496586799622
    ],
    [
      15,
      0.8143900036811829
    ],
    [
      16,
      0.7944695353507996
    ],
    [
      17,
      0.7744571566581726
    ],
    [
      18,
      0.7544301152229309
    ],
    [
      19,
      0.734466552734375
    ],
    [
      20,
      0.7146413326263428
    ],
    [
      21,
      0.6950235962867737
    ],
    [
      22,
      0.6756756901741028
    ],
    [
      23,
      0.6566535234451294
    ],
    [
      24,
      0.6380069255828857
    ],
    [
      25,
      0.6197808980941772
    ],
    [
      26,
      0.6020146608352661
    ],
    [
      27,
      0.5847420692443848
    ],
    [
      28,
      0.5679905414581299
    ],
    [
      29,
      0.5517809391021729
    ],
    [
      30,
      0.5361279845237732
    ],
    [
      31,
      0.5210414528846741
    ],
    [
      32,
      0.5065266489982605
    ],
    [
      33,
      0.4925861656665802
    ],
    [
      34,
      0.47921955585479736
    ],
    [
      35,
      0.4664243161678314
    ],
    [
      36,
      0.45419538021087646
    ],
    [
      37,
      0.44252604246139526
    ],
    [
      38,
      0.43140751123428345
    ],
    [
      39,
      0.4208296537399292
    ],
    [
      40,
      0.4107810854911804
    ],
    [
      41,
      0.40124985575675964
    ],
    [
      42,
      0.3922233581542969
    ],
    [
      43,
      0.3836889863014221
    ],
    [
      44,
      0.3756340444087982
    ],
    [
      45,
      0.36804595589637756
    ],
    [
      46,
      0.3609122931957245
    ],
    [
      47,
      0.3542209267616272
    ],
    [
      48,
      0.34795933961868286
    ],
    [
      49,
      0.34211546182632446
    ],
    [
      50,
      0.3366771340370178
    ],
    [
      51,
      0.33163192868232727
    ],
    [
      52,
      0.32696765661239624
    ],
    [
      53,
      0.32267192006111145
    ],
    [
      54,
      0.3187323212623596
    ],
    [
      55,
      0.3151366412639618
    ],
    [
      56,
      0.3118726313114166
    ],
    [
      57,
      0.3089284300804138
    ],
    [
      58,
      0.30629226565361023
    ],
    [
      59,
      0.3039528429508209
    ],
    [
      60,
      0.3018993139266968
    ],
    [
      61,
      0.3001215159893036
    ],
    [
      62,
      0.29860982298851013
    ],
    [
      63,
      0.2973553538322449
    ],
    [
      64,
      0.2963502109050751
    ],
    [
      65,
      0.29558730125427246
    ],
    [
      66,
      0.2950606942176819
    ],
    [
      67,
      0.29476529359817505
    ],
    [
      68,
      0.29469722509384155
    ],
    [
      69,
      0.29485365748405457
    ],
    [
      70,
      0.2952326238155365
    ],
    [
      71,
      0.2958329916000366
    ],
    [
      72,
      0.2966540455818176
    ],
    [
      73,
      0.29769521951675415
    ],
    [
      74,
      0.2989554703235626
    ],
    [
      75,
      0.3004321753978729
    ],
    [
      76,
      0.302120566368103
    ],
    [
      77,
      0.3040120005607605
    ],
    [
      78,
      0.3060925006866455
    ],
    [
      79,
      0.3083415627479553
    ],
    [
      80,
      0.31073054671287537
    ],
    [
      81,
      0.31322312355041504
    ],
    [
      82,
      0.3157765865325928
    ],
    [
      83,
      0.31834498047828674
    ],
    [
      84,
      0.32088378071784973
    ],
    [
      85,
      0.3233528733253479
    ],
    [
      86,
      0.32571831345558167
    ],
    [
      87,
      0.32795119285583496
    ],
    [
      88,
      0.33002564311027527
    ],
    [
      89,
      0.33191731572151184
    ],
    [
      90,
      0.33360207080841064
    ],
    [
      91,
      0.33505699038505554
    ],
    [
      92,
      0.3362613320350647
    ],
    [
      93,
      0.33719855546951294
    ],
    [
      94,
      0.3378588855266571
    ],
    [
      95,
      0.33824029564857483
    ],
    [
      96,
      0.3383500277996063
    ],
    [
      97,
      0.3382042944431305
    ],
    [
      98,
      0.33782732486724854
    ],
    [
      99,
      0.33725041151046753
    ],
    [
      100,
      0.3365098536014557
    ],
    [
      101,
      0.3356454372406006
    ],
    [
      102,
      0.334697961807251
    ],
    [
      103,
      0.3337076008319855
    ],
    [
      104,
      0.3327116072177887
    ],
    [
      105,
      0.3317432701587677
    ],
    [
      106,
      0.33083030581474304
    ],
    [
      107,
      0.3299945592880249
    ],
    [
      108,
      0.3292517364025116
    ],
    [
      109,
      0.3286115527153015
    ],
    [
      110,
      0.32807838916778564
    ],
    [
      111,
      0.32765185832977295
    ],
    [
      112,
      0.3273276686668396
    ],
    [
      113,
      0.3270985186100006
    ],
    [
      114,
      0.32695457339286804
    ],
    [
      115,
      0.3268847167491913
    ],
    [
      116,
      0.32687684893608093
    ],
    [
      117,
      0.32691851258277893
    ],
    [
      118,
      0.3269973695278168
    ],
    [
      119,
      0.32710137963294983
    ],
    [
      120,
      0.32721927762031555
    ],
    [
      121,
      0.327340692281723
    ],
    [
      122,
      0.3274560868740082
    ],
    [
      123,
      0.32755720615386963
    ],
    [
      124,
      0.3276369571685791
    ],
    [
      125,
      0.3276895582675934
    ],
    [
      126,
      0.32771065831184387
    ],
    [
      127,
      0.32769709825515747
    ],
    [
      128,
      0.32764744758605957
    ]
  ],
  "trustworthy": true,
  "hit_cap": false,
  "converged": true,
  "trajectory_applicable": true,