{
  "dataset": "energy",
  "seed": 0,
  "arm": "w_sweep",
  "width": 6,
  "held_out_mse": 31.127756118774414,
  "held_out_trajectory": [
    [
      1,
      0.8679356575012207
    ],
    [
      2,
      0.7808012366294861
    ],
    [
      3,
      0.7004850506782532
    ],
    [
      4,
      0.6270954012870789
    ],
    [
      5,
      0.5606328248977661
    ],
    [
      6,
      0.5011332631111145
    ],
    [
      7,
      0.4486097991466522
    ],
    [
      8,
      0.4029995799064636
    ],
    [
      9,
      0.3641745448112488
    ],
    [
      10,
      0.33194616436958313
    ],
    [
      11,
      0.30605870485305786
    ],
    [
      12,
      0.28617992997169495
    ],
    [
      13,
      0.2718891501426697
    ],
    [
      14,
      0.2626556158065796
    ],
    [
      15,
      0.2578122317790985
    ],
    [
      16,
      0.25653979182243347
    ],
    [
      17,
      0.25787946581840515
    ],
    [
      18,
      0.26078134775161743
    ],
    [
      19,
      0.26418742537498474
    ],
    [
      20,
      0.26713094115257263
    ],
    [
      21,
      0.26882731914520264
    ],
    [
      22,
      0.2687336206436157
    ],
    [
      23,
      0.2665669620037079
    ],
    [
      24,
      0.2622886002063751
    ],
    [
      25,
      0.2560662627220154
    ],
    [
      26,
      0.24822865426540375
    ],
    [
      27,
      0.23921668529510498
    ],
    [
      28,
      0.22953034937381744
    ],
    [
      29,
      0.2196742594242096
    ],
    [
      30,
      0.2101065218448639
    ],
    [
      31,
      0.20119927823543549
    ],
    [
      32,
      0.19321438670158386
    ],
    [
      33,
      0.18629513680934906
    ],
    [
      34,
      0.18047229945659637
    ],
    [
      35,
      0.1756821870803833
    ],
    [
      36,
      0.17179454863071442
    ],
    [
      37,
      0.16864557564258575
    ],
    [
      38,
      0.16606947779655457
    ],
    [
      39,
      0.16392217576503754
    ],
    [
      40,
      0.1620946079492569
    ],
    [
      41,
      0.16051624715328217
    ],
    [
      42,
      0.15915194153785706
    ],
    [
      43,
      0.15799453854560852
    ],
    [
      44,
      0.15705586969852448
    ],
    [
      45,
      0.15635769069194794
    ],
    [
      46,
      0.1559223234653473
    ],
    [
      47,
      0.15576466917991638
    ],
    [
      48,
      0.15588532388210297
    ],
    [
      49,
      0.1562657356262207
    ],
    [
      50,
      0.15686652064323425
    ],
    [
      51,
      0.15762916207313538
    ],
    [
      52,
      0.15848058462142944
    ],
    [
      53,
      0.15934047102928162
    ],
    [
      54,
      0.160129114985466
    ],
    [
      55,
      0.1607755422592163
    ],
    [
      56,
      0.1612236201763153
    ],
    [
      57,
      0.16143640875816345
    ],
    [
      58,
      0.16139806807041168
    ],
    [
      59,
      0.16111351549625397
    ],
    [
      60,
      0.16060571372509003
    ],
    [
      61,
      0.1599116176366806
    ],
    [
      62,
      0.159076988697052
    ],
    [
      63,
      0.1581507921218872
    ],
    [
      64,
      0.15718062222003937
    ],
    [
      65,
      0.15620867908000946
    ],
    [
      66,
      0.15526989102363586
    ],
    [
      67,
      0.15439091622829437
    ],
    [
      68,
      0.15359066426753998
    ],
    [
      69,
      0.15288139879703522
    ],
    [
      70,
      0.15226994454860687
    ],
    [
      71,
      0.15175911784172058
    ],
    [
      72,
      0.1513487994670868
    ],
    [
      73,
      0.15103700757026672
    ],
    [
      74,
      0.15082047879695892
    ],
    [
      75,
      0.15069526433944702
    ],
    [
      76,
      0.15065674483776093
    ],
    [
      77,
      0.15069957077503204
    ],
    [
      78,
      0.15081709623336792
    ],
    [
      79,
      0.15100109577178955
    ],
    [
      80,
      0.15124104917049408
    ],
    [
      81,
      0.1515241116285324
    ],
    [
      82,
      0.15183506906032562
    ],
    [
      83,
      0.15215681493282318
    ],
    [
      84,
      0.15247131884098053
    ],
    [
      85,
      0.15276068449020386
    ],
    [
      86,
      0.1530085951089859
    ],
    [
      87,
      0.1532014161348343
    ],
    [
      88,
      0.15332944691181183
    ],
    [
      89,
      0.1533876657485962
    ],
    [
      90,
      0.15337614715099335
    ],
    [
      91,
      0.15329958498477936
    ],
    [
      92,
      0.15316665172576904
    ],
    [
      93,
      0.15298916399478912
    ],
    [
      94,
      0.1527804285287857
    ],
    [
      95,
      0.15255439281463623
    ],
    [
      96,
      0.15232430398464203
    ],
    [
      97,
      0.15210218727588654
    ],
    [
      98,
      0.1518981009721756
    ],
    [
      99,
      0.1517200917005539
    ],
    [
      100,
      0.15157410502433777
    ],
    [
      101,
      0.15146443247795105
    ],
    [
      102,
      0.1513935923576355
    ],
    [
      103,
      0.1513628214597702
    ],
    [
      104,
      0.1513720452785492
    ],
    [
      105,
      0.1514197289943695
    ],
    [
      106,
      0.1515030413866043
    ],
    [
      107,
      0.15161757171154022
    ],
    [
      108,
      0.15175741910934448
    ],
    [
      109,
      0.1519155204296112
    ],
    [
      110,
      0.15208396315574646
    ],
    [
      111,
      0.15225458145141602
    ],
    [
      112,
      0.15241986513137817
    ],
    [
      113,
      0.1525735706090927
    ],
    [
      114,
      0.15271137654781342
    ],
    [
      115,
      0.15283147990703583
    ],
    [
      116,
      0.15293456614017487
    ],
    [
      117,
      0.15302379429340363
    ],
    [
      118,
      0.15310420095920563
    ],
    [
      119,
      0.15318238735198975
    ],
    [
      120,
      0.15326540172100067
    ],
    [
      121,
      0.15336039662361145
    ],
    [
      122,
      0.1534738540649414
    ],
    [
      123,
      0.1536111980676651
    ],
    [
      124,
      0.15377655625343323
    ],
    [
      125,
      0.15397265553474426
    ],
    [
      126,
      0.15420088171958923
    ],
    [
      127,
      0.15446142852306366
    ],
    [
      128,
      0.1547534167766571
    ],
    [
      129,
      0.1550751030445099
    ],
    [
      130,
      0.15542395412921906
    ],
    [
      131,
      0.15579691529273987
    ],
    [
      132,
      0.15619054436683655
    ],
    [
      133,
      0.156601220369339
    ],
    [
      134,
      0.1570253223180771
    ],
    [
      135,
      0.15745973587036133
    ],
    [
      136,
      0.15790177881717682
    ]
  ],
  "trustworthy": true,
  "hit_cap": false,
  "converged": true,
  "trajectory_applicable": true,