{
  "dataset": "energy",
  "seed": 0,
  "arm": "w_sweep",
  "width": 11,
  "held_out_mse": 29.74760627746582,
  "held_out_trajectory": [
    [
      1,
      1.4453929662704468
    ],
    [
      2,
      1.2611095905303955
    ],
    [
      3,
      1.0960781574249268
    ],
    [
      4,
      0.9482936263084412
    ],
    [
      5,
      0.8159443736076355
    ],
    [
      6,
      0.6981090903282166
    ],
    [
      7,
      0.5942460894584656
    ],
    [
      8,
      0.5039771795272827
    ],
    [
      9,
      0.42703837156295776
    ],
    [
      10,
      0.3632504642009735
    ],
    [
      11,
      0.31247249245643616
    ],
    [
      12,
      0.27452710270881653
    ],
    [
      13,
      0.2490691840648651
    ],
    [
      14,
      0.23542259633541107
    ],
    [
      15,
      0.23242494463920593
    ],
    [
      16,
      0.238311305642128
    ],
    [
      17,
      0.2506912052631378
    ],
    [
      18,
      0.26668795943260193
    ],
    [
      19,
      0.28326746821403503
    ],
    [
      20,
      0.2976806163787842
    ],
    [
      21,
      0.30786022543907166
    ],
    [
      22,
      0.3126429319381714
    ],
    [
      23,
      0.3117801249027252
    ],
    [
      24,
      0.30578625202178955
    ],
    [
      25,
      0.29570233821868896
    ],
    [
      26,
      0.2828446924686432
    ],
    [
      27,
      0.26857873797416687
    ],
    [
      28,
      0.2541418671607971
    ],
    [
      29,
      0.24052578210830688
    ],
    [
      30,
      0.22841776907444
    ],
    [
      31,
      0.21819156408309937
    ],
    [
      32,
      0.20993761718273163
    ],
    [
      33,
      0.2035226672887802
    ],
    [
      34,
      0.19866469502449036
    ],
    [
      35,
      0.19500616192817688
    ],
    [
      36,
      0.19217638671398163
    ],
    [
      37,
      0.18984009325504303
    ],
    [
      38,
      0.18772992491722107
    ],
    [
      39,
      0.18566396832466125
    ],
    [
      40,
      0.18354877829551697
    ],
    [
      41,
      0.1813710778951645
    ],
    [
      42,
      0.17918168008327484
    ],
    [
      43,
      0.17707429826259613
    ],
    [
      44,
      0.1751626580953598
    ],
    [
      45,
      0.17355835437774658
    ],
    [
      46,
      0.1723518818616867
    ],
    [
      47,
      0.1715981811285019
    ],
    [
      48,
      0.17130796611309052
    ],
    [
      49,
      0.17144565284252167
    ],
    [
      50,
      0.17193280160427094
    ],
    [
      51,
      0.17265722155570984
    ],
    [
      52,
      0.17348603904247284
    ],
    [
      53,
      0.17428112030029297
    ],
    [
      54,
      0.1749144047498703
    ],
    [
      55,
      0.17528115212917328
    ],
    [
      56,
      0.17530901730060577
    ],
    [
      57,
      0.17496219277381897
    ],
    [
      58,
      0.1742405891418457
    ],
    [
      59,
      0.17317475378513336
    ],
    [
      60,
      0.17181812226772308
    ],
    [
      61,
      0.17023803293704987
    ],
    [
      62,
      0.16850699484348297
    ],
    [
      63,
      0.166695237159729
    ],
    [
      64,
      0.16486524045467377
    ],
    [
      65,
      0.16306833922863007
    ],
    [
      66,
      0.16134366393089294
    ],
    [
      67,
      0.1597186028957367
    ],
    [
      68,
      0.15821048617362976
    ],
    [
      69,
      0.1568291336297989
    ],
    [
      70,
      0.15557941794395447
    ],
    [
      71,
      0.1544637680053711
    ],
    [
      72,
      0.15348419547080994
    ],
    [
      73,
      0.15264318883419037
    ],
    [
      74,
      0.15194416046142578
    ],
    [
      75,
      0.1513906866312027
    ],
    [
      76,
      0.15098553895950317
    ],
    [
      77,
      0.15072917938232422
    ],
    [
      78,
      0.1506185233592987
    ],
    [
      79,
      0.15064600110054016
    ],
    [
      80,
      0.15079888701438904
    ],
    [
      81,
      0.15105955302715302
    ],
    [
      82,
      0.15140603482723236
    ],
    [
      83,
      0.15181322395801544
    ],
    [
      84,
      0.15225428342819214
    ],
    [
      85,
      0.15270233154296875
    ],
    [
      86,
      0.15313199162483215
    ],
    [
      87,
      0.15352089703083038
    ],
    [
      88,
      0.15385085344314575
    ],
    [
      89,
      0.15410874783992767
    ],
    [
      90,
      0.1542871594429016
    ],
    [
      91,
      0.1543843299150467
    ],
    [
      92,
      0.1544038951396942
    ],
    [
      93,
      0.15435412526130676
    ],
    [
      94,
      0.154246985912323
    ],
    [
      95,
      0.15409690141677856
    ],
    [
      96,
      0.15391957759857178
    ],
    [
      97,
      0.15373076498508453
    ],
    [
      98,
      0.15354526042938232
    ],
    [
      99,
      0.1533760279417038
    ],
    [
      100,
      0.15323372185230255
    ],
    [
      101,
      0.15312622487545013
    ],
    [
      102,
      0.15305854380130768
    ],
    [
      103,
      0.15303294360637665
    ],
    [
      104,
      0.15304912626743317
    ],
    [
      105,
      0.15310455858707428
    ],
    [
      106,
      0.1531948298215866
    ],
    [
      107,
      0.153314009308815
    ],
    [
      108,
      0.15345498919487
    ],
    [
      109,
      0.15360993146896362
    ],
    [
      110,
      0.1537705510854721
    ],
    [
      111,
      0.15392841398715973
    ],
    [
      112,
      0.1540755033493042
    ],
    [
      113,
      0.15420441329479218
    ],
    [
      114,
      0.15430881083011627
    ],
    [
      115,
      0.15438371896743774
    ],
    [
      116,
      0.15442584455013275
    ],
    [
      117,
      0.15443365275859833
    ],
    [
      118,
      0.1544075310230255
    ],
    [
      119,
      0.1543496698141098
    ],
    [
      120,
      0.15426382422447205
    ],
    [
      121,
      0.1541552096605301
    ],
    [
      122,
      0.15402989089488983
    ],
    [
      123,
      0.15389449894428253
    ],
    [
      124,
      0.15375570952892303
    ],
    [
      125,
      0.15361973643302917
    ],
    [
      126,
      0.15349212288856506
    ],
    [
      127,
      0.15337727963924408
    ],
    [
      128,
      0.1532783955335617
    ],
    [
      129,
      0.15319713950157166
    ],
    [
      130,
      0.15313397347927094
    ],
    [
      131,
      0.15308810770511627
    ],
    [
      132,
      0.15305759012699127
    ],
    [
      133,
      0.15303978323936462
    ],
    [
      134,
      0.15303149819374084
    ],
    [
      135,
      0.15302933752536774
    ],
    [
      136,
      0.15302987396717072
    ],
    [
      137,
      0.15303008258342743
    ],
    [
      138,
      0.15302740037441254
    ]
  ],
  "trustworthy": true,
  "hit_cap": false,
  "converged": true,
  "trajectory_applicable": true,