{
  "dataset": "energy",
  "seed": 0,
  "arm": "w_sweep",
  "width": 3,
  "held_out_mse": 29.82003402709961,
  "held_out_trajectory": [
    [
      1,
      0.6510364413261414
    ],
    [
      2,
      0.582089364528656
    ],
    [
      3,
      0.5196461081504822
    ],
    [
      4,
      0.4641142189502716
    ],
    [
      5,
      0.4156750738620758
    ],
    [
      6,
      0.3741874694824219
    ],
    [
      7,
      0.3392046093940735
    ],
    [
      8,
      0.3101683259010315
    ],
    [
      9,
      0.2864726483821869
    ],
    [
      10,
      0.26748523116111755
    ],
    [
      11,
      0.25258365273475647
    ],
    [
      12,
      0.2412043809890747
    ],
    [
      13,
      0.2328704595565796
    ],
    [
      14,
      0.22718195617198944
    ],
    [
      15,
      0.22378350794315338
    ],
    [
      16,
      0.22233368456363678
    ],
    [
      17,
      0.22248761355876923
    ],
    [
      18,
      0.2238912433385849
    ],
    [
      19,
      0.22618409991264343
    ],
    [
      20,
      0.22900716960430145
    ],
    [
      21,
      0.23201481997966766
    ],
    [
      22,
      0.23488828539848328
    ],
    [
      23,
      0.23734907805919647
    ],
    [
      24,
      0.23917068541049957
    ],
    [
      25,
      0.2401866912841797
    ],
    [
      26,
      0.24029438197612762
    ],
    [
      27,
      0.23945368826389313
    ],
    [
      28,
      0.23768192529678345
    ],
    [
      29,
      0.23504512012004852
    ],
    [
      30,
      0.23164746165275574
    ],
    [
      31,
      0.22761967778205872
    ],
    [
      32,
      0.22310802340507507
    ],
    [
      33,
      0.21826322376728058
    ],
    [
      34,
      0.21323050558567047
    ],
    [
      35,
      0.20814116299152374
    ],
    [
      36,
      0.20310501754283905
    ],
    [
      37,
      0.19820615649223328
    ],
    [
      38,
      0.19350209832191467
    ],
    [
      39,
      0.18902729451656342
    ],
    [
      40,
      0.18479925394058228
    ],
    [
      41,
      0.18082375824451447
    ],
    [
      42,
      0.17709842324256897
    ],
    [
      43,
      0.17361508309841156
    ],
    [
      44,
      0.17036134004592896
    ],
    [
      45,
      0.1673222780227661
    ],
    [
      46,
      0.16448178887367249
    ],
    [
      47,
      0.1618233323097229
    ],
    [
      48,
      0.1593315750360489
    ],
    [
      49,
      0.1569935530424118
    ],
    [
      50,
      0.15480026602745056
    ],
    [
      51,
      0.15274712443351746
    ],
    [
      52,
      0.15083497762680054
    ],
    [
      53,
      0.149070605635643
    ],
    [
      54,
      0.14746718108654022
    ],
    [
      55,
      0.14604297280311584
    ],
    [
      56,
      0.14481869339942932
    ],
    [
      57,
      0.1438138335943222
    ],
    [
      58,
      0.14304275810718536
    ],
    [
      59,
      0.1425112634897232
    ],
    [
      60,
      0.14221468567848206
    ],
    [
      61,
      0.14213715493679047
    ],
    [
      62,
      0.14225256443023682
    ],
    [
      63,
      0.14252664148807526
    ],
    [
      64,
      0.14291971921920776
    ],
    [
      65,
      0.14339029788970947
    ],
    [
      66,
      0.14389806985855103
    ],
    [
      67,
      0.14440719783306122
    ],
    [
      68,
      0.1448880136013031
    ],
    [
      69,
      0.14531803131103516
    ],
    [
      70,
      0.1456812024116516
    ],
    [
      71,
      0.14596664905548096
    ],
    [
      72,
      0.14616721868515015
    ],
    [
      73,
      0.1462777554988861
    ],
    [
      74,
      0.14629429578781128
    ],
    [
      75,
      0.14621365070343018
    ],
    [
      76,
      0.14603368937969208
    ],
    [
      77,
      0.1457541137933731
    ],
    [
      78,
      0.1453774869441986
    ],
    [
      79,
      0.1449102908372879
    ],
    [
      80,
      0.1443633735179901
    ],
    [
      81,
      0.14375220239162445
    ],
    [
      82,
      0.14309586584568024
    ],
    [
      83,
      0.1424156129360199
    ],
    [
      84,
      0.141733318567276
    ],
    [
      85,
      0.1410694718360901
    ],
    [
      86,
      0.14044183492660522
    ],
    [
      87,
      0.13986442983150482
    ],
    [
      88,
      0.1393473744392395
    ],
    [
      89,
      0.13889700174331665
    ],
    [
      90,
      0.13851679861545563
    ],
    [
      91,
      0.1382080465555191
    ],
    [
      92,
      0.13797074556350708
    ],
    [
      93,
      0.13780413568019867
    ],
    [
      94,
      0.13770687580108643
    ],
    [
      95,
      0.1376766562461853
    ],
    [
      96,
      0.13770991563796997
    ],
    [
      97,
      0.13780120015144348
    ],
    [
      98,
      0.13794322311878204
    ],
    [
      99,
      0.13812659680843353
    ],
    [
      100,
      0.1383405178785324
    ],
    [
      101,
      0.13857337832450867
    ],
    [
      102,
      0.13881374895572662
    ],
    [
      103,
      0.13905130326747894
    ],
    [
      104,
      0.1392776072025299
    ],
    [
      105,
      0.13948656618595123
    ],
    [
      106,
      0.13967466354370117
    ],
    [
      107,
      0.13984058797359467
    ],
    [
      108,
      0.13998492062091827
    ],
    [
      109,
      0.14010962843894958
    ],
    [
      110,
      0.14021751284599304
    ],
    [
      111,
      0.14031194150447845
    ],
    [
      112,
      0.14039646089076996
    ],
    [
      113,
      0.1404750794172287
    ],
    [
      114,
      0.14055189490318298
    ],
    [
      115,
      0.14063136279582977
    ],
    [
      116,
      0.1407182514667511
    ],
    [
      117,
      0.14081716537475586
    ],
    [
      118,
      0.1409325748682022
    ],
    [
      119,
      0.14106830954551697
    ],
    [
      120,
      0.14122724533081055
    ],
    [
      121,
      0.14141099154949188
    ],
    [
      122,
      0.14161993563175201
    ],
    [
      123,
      0.14185310900211334
    ],
    [
      124,
      0.14210860431194305
    ],
    [
      125,
      0.14238373935222626
    ],
    [
      126,
      0.142675518989563
    ],
    [
      127,
      0.14298079907894135
    ],
    [
      128,
      0.1432967334985733
    ],
    [
      129,
      0.14362077414989471
    ],
    [
      130,
      0.14395073056221008
    ],
    [
      131,
      0.1442846804857254
    ],
    [
      132,
      0.1446211040019989
    ],
    [
      133,
      0.14495861530303955
    ],
    [
      134,
      0.14529599249362946
    ],
    [
      135,
      0.14563246071338654
    ],
    [
      136,
      0.14596737921237946
    ],
    [
      137,
      0.14630068838596344
    ],
    [
      138,
      0.14663264155387878
    ],
    [
      139,
      0.14696401357650757
    ],
    [
      140,
      0.14729593694210052
    ],
    [
      141,
      0.1476297378540039
    ],
    [
      142,
      0.1479668766260147
    ],
    [
      143,
      0.1483086794614792
    ],
    [
      144,
      0.14865635335445404
    ],
    [
      145,
      0.14901064336299896
    ],
    [
      146,
      0.14937208592891693
    ],
    [
      147,
      0.14974088966846466
    ],
    [
      148,
      0.15011699497699738
    ],
    [
      149,
      0.15050020813941956
    ],
    [
      150,
      0.15089020133018494
    ],
    [
      151,
      0.15128663182258606
    ],
    [
      152,
      0.15168911218643188
    ],
    [
      153,
      0.15209729969501495
    ],
    [
      154,
      0.15251070261001587
    ],
    [
      155,
      0.1529289335012436
    ]
  ],
  "trustworthy": true,
  "hit_cap": false,
  "converged": true,
  "trajectory_applicable": true,