{
  "dataset": "energy",
  "seed": 1,
  "arm": "w_sweep",
  "width": 10,
  "held_out_mse": 16.10082244873047,
  "held_out_trajectory": [
    [
      1,
      1.2271531820297241
    ],
    [
      2,
      1.1069015264511108
    ],
    [
      3,
      1.0000861883163452
    ],
    [
      4,
      0.9047114849090576
    ],
    [
      5,
      0.8191927075386047
    ],
    [
      6,
      0.7419365048408508
    ],
    [
      7,
      0.6715909242630005
    ],
    [
      8,
      0.607103705406189
    ],
    [
      9,
      0.547700822353363
    ],
    [
      10,
      0.49282774329185486
    ],
    [
      11,
      0.4421132206916809
    ],
    [
      12,
      0.3953525125980377
    ],
    [
      13,
      0.35249245166778564
    ],
    [
      14,
      0.3136062026023865
    ],
    [
      15,
      0.2788531482219696
    ],
    [
      16,
      0.24842768907546997
    ],
    [
      17,
      0.22249941527843475
    ],
    [
      18,
      0.20115318894386292
    ],
    [
      19,
      0.18433471024036407
    ],
    [
      20,
      0.17180544137954712
    ],
    [
      21,
      0.16311389207839966
    ],
    [
      22,
      0.15759767591953278
    ],
    [
      23,
      0.15442918241024017
    ],
    [
      24,
      0.15270252525806427
    ],
    [
      25,
      0.15154427289962769
    ],
    [
      26,
      0.15022043883800507
    ],
    [
      27,
      0.14821593463420868
    ],
    [
      28,
      0.14527052640914917
    ],
    [
      29,
      0.14136771857738495
    ],
    [
      30,
      0.13668622076511383
    ],
    [
      31,
      0.1315302550792694
    ],
    [
      32,
      0.12625660002231598
    ],
    [
      33,
      0.12121220678091049
    ],
    [
      34,
      0.1166878417134285
    ],
    [
      35,
      0.11288758367300034
    ],
    [
      36,
      0.10991214960813522
    ],
    [
      37,
      0.10775706171989441
    ],
    [
      38,
      0.10632535070180893
    ],
    [
      39,
      0.10545208305120468
    ],
    [
      40,
      0.10493570566177368
    ],
    [
      41,
      0.10456997156143188
    ],
    [
      42,
      0.10417146235704422
    ],
    [
      43,
      0.10359950363636017
    ],
    [
      44,
      0.1027667298913002
    ],
    [
      45,
      0.10164112597703934
    ],
    [
      46,
      0.10024074465036392
    ],
    [
      47,
      0.09862375259399414
    ],
    [
      48,
      0.09687546640634537
    ],
    [
      49,
      0.0950947180390358
    ],
    [
      50,
      0.09338071197271347
    ],
    [
      51,
      0.09182149916887283
    ],
    [
      52,
      0.090485118329525
    ],
    [
      53,
      0.0894140750169754
    ],
    [
      54,
      0.08862369507551193
    ],
    [
      55,
      0.08810398727655411
    ],
    [
      56,
      0.08782510459423065
    ],
    [
      57,
      0.08774420619010925
    ],
    [
      58,
      0.08781331777572632
    ],
    [
      59,
      0.08798612654209137
    ],
    [
      60,
      0.08822304010391235
    ],
    [
      61,
      0.08849365264177322
    ],
    [
      62,
      0.08877690881490707
    ],
    [
      63,
      0.08905914425849915
    ],
    [
      64,
      0.08933113515377045
    ],
    [
      65,
      0.0895848348736763
    ],
    [
      66,
      0.08981087803840637
    ],
    [
      67,
      0.08999735116958618
    ],
    [
      68,
      0.09013007581233978
    ],
    [
      69,
      0.09019429236650467
    ],
    [
      70,
      0.09017691016197205
    ],
    [
      71,
      0.09006892144680023
    ],
    [
      72,
      0.08986710011959076
    ],
    [
      73,
      0.08957450091838837
    ],
    [
      74,
      0.08919984102249146
    ],
    [
      75,
      0.08875579386949539
    ],
    [
      76,
      0.0882568210363388
    ],
    [
      77,
      0.08771710097789764
    ],
    [
      78,
      0.08714915812015533
    ],
    [
      79,
      0.08656271547079086
    ],
    [
      80,
      0.08596498519182205
    ],
    [
      81,
      0.08536092936992645
    ],
    [
      82,
      0.08475396037101746
    ],
    [
      83,
      0.08414656668901443
    ],
    [
      84,
      0.0835406482219696
    ],
    [
      85,
      0.08293754607439041
    ],
    [
      86,
      0.08233790099620819
    ],
    [
      87,
      0.08174144476652145
    ],
    [
      88,
      0.0811469703912735
    ],
    [
      89,
      0.08055245131254196
    ],
    [
      90,
      0.07995567470788956
    ],
    [
      91,
      0.07935482263565063
    ],
    [
      92,
      0.07874935120344162
    ],
    [
      93,
      0.07814054191112518
    ],
    [
      94,
      0.07753154635429382
    ],
    [
      95,
      0.07692720741033554
    ],
    [
      96,
      0.0763334184885025
    ],
    [
      97,
      0.07575631886720657
    ],
    [
      98,
      0.07520157098770142
    ],
    [
      99,
      0.07467380911111832
    ],
    [
      100,
      0.07417653501033783
    ],
    [
      101,
      0.07371213287115097
    ],
    [
      102,
      0.07328221201896667
    ],
    [
      103,
      0.0728878304362297
    ],
    [
      104,
      0.07252968102693558
    ],
    [
      105,
      0.07220815867185593
    ],
    [
      106,
      0.07192295044660568
    ],
    [
      107,
      0.07167288661003113
    ],
    [
      108,
      0.07145566493272781
    ],
    [
      109,
      0.07126781344413757
    ],
    [
      110,
      0.07110495865345001
    ],
    [
      111,
      0.0709623396396637
    ],
    [
      112,
      0.0708354264497757
    ],
    [
      113,
      0.07072050124406815
    ],
    [
      114,
      0.0706150010228157
    ],
    [
      115,
      0.07051761448383331
    ],
    [
      116,
      0.07042808085680008
    ],
    [
      117,
      0.07034678757190704
    ],
    [
      118,
      0.070274218916893
    ],
    [
      119,
      0.07021067291498184
    ],
    [
      120,
      0.07015591114759445
    ],
    [
      121,
      0.07010920345783234
    ],
    [
      122,
      0.07006943970918655
    ],
    [
      123,
      0.07003520429134369
    ],
    [
      124,
      0.07000516355037689
    ],
    [
      125,
      0.06997813284397125
    ],
    [
      126,
      0.06995313614606857
    ],
    [
      127,
      0.06992953270673752
    ],
    [
      128,
      0.06990693509578705
    ],
    [
      129,
      0.06988532096147537
    ],
    [
      130,
      0.06986499577760696
    ],
    [
      131,
      0.06984662264585495
    ],
    [
      132,
      0.06983117759227753
    ],
    [
      133,
      0.06981983035802841
    ],
    [
      134,
      0.06981384009122849
    ],
    [
      135,
      0.06981436908245087
    ],
    [
      136,
      0.0698222815990448
    ],
    [
      137,
      0.06983812153339386
    ],
    [
      138,
      0.06986189633607864
    ],
    [
      139,
      0.06989321112632751
    ],
    [
      140,
      0.06993123143911362
    ],
    [
      141,
      0.06997474282979965
    ],
    [
      142,
      0.0700223296880722
    ],
    [
      143,
      0.07007241249084473
    ],
    [
      144,
      0.07012340426445007
    ],
    [
      145,
      0.07017381489276886
    ],
    [
      146,
      0.07022242993116379
    ],
    [
      147,
      0.07026837766170502
    ],
    [
      148,
      0.07031119614839554
    ],
    [
      149,
      0.07035086303949356
    ],
    [
      150,
      0.07038779556751251
    ],
    [
      151,
      0.07042264938354492
    ],
    [
      152,
      0.07045628875494003
    ],
    [
      153,
      0.07048965990543365
    ],
    [
      154,
      0.07052361220121384
    ],
    [
      155,
      0.07055892795324326
    ],
    [
      156,
      0.0705961138010025
    ],
    [
      157,
      0.07063554972410202
    ],
    [
      158,
      0.07067734003067017
    ],
    [
      159,
      0.07072144001722336
    ],
    [
      160,
      0.07076763361692429
    ],
    [
