{
  "dataset": "energy",
  "seed": 0,
  "arm": "w_sweep",
  "width": 7,
  "held_out_mse": 31.235910415649414,
  "held_out_trajectory": [
    [
      1,
      1.1727391481399536
    ],
    [
      2,
      1.065273404121399
    ],
    [
      3,
      0.9643810987472534
    ],
    [
      4,
      0.8699929714202881
    ],
    [
      5,
      0.7821699380874634
    ],
    [
      6,
      0.7008275389671326
    ],
    [
      7,
      0.6258647441864014
    ],
    [
      8,
      0.5572776794433594
    ],
    [
      9,
      0.4951375424861908
    ],
    [
      10,
      0.4395383298397064
    ],
    [
      11,
      0.39060819149017334
    ],
    [
      12,
      0.34852614998817444
    ],
    [
      13,
      0.3135060667991638
    ],
    [
      14,
      0.28571873903274536
    ],
    [
      15,
      0.26519736647605896
    ],
    [
      16,
      0.25178951025009155
    ],
    [
      17,
      0.24512003362178802
    ],
    [
      18,
      0.2445458322763443
    ],
    [
      19,
      0.2491249293088913
    ],
    [
      20,
      0.25761714577674866
    ],
    [
      21,
      0.26853013038635254
    ],
    [
      22,
      0.28022322058677673
    ],
    [
      23,
      0.2910692095756531
    ],
    [
      24,
      0.2996470630168915
    ],
    [
      25,
      0.304911345243454
    ],
    [
      26,
      0.30628862977027893
    ],
    [
      27,
      0.3036830723285675
    ],
    [
      28,
      0.297408789396286
    ],
    [
      29,
      0.2880803346633911
    ],
    [
      30,
      0.2764908969402313
    ],
    [
      31,
      0.26349788904190063
    ],
    [
      32,
      0.24992777407169342
    ],
    [
      33,
      0.23650428652763367
    ],
    [
      34,
      0.22380149364471436
    ],
    [
      35,
      0.21222031116485596
    ],
    [
      36,
      0.20198751986026764
    ],
    [
      37,
      0.1931723952293396
    ],
    [
      38,
      0.18571746349334717
    ],
    [
      39,
      0.17947623133659363
    ],
    [
      40,
      0.17425237596035004
    ],
    [
      41,
      0.16983476281166077
    ],
    [
      42,
      0.1660252809524536
    ],
    [
      43,
      0.16265764832496643
    ],
    [
      44,
      0.15960785746574402
    ],
    [
      45,
      0.15679700672626495
    ],
    [
      46,
      0.15418830513954163
    ],
    [
      47,
      0.1517801135778427
    ],
    [
      48,
      0.14959639310836792
    ],
    [
      49,
      0.1476762592792511
    ],
    [
      50,
      0.1460634022951126
    ],
    [
      51,
      0.1447969228029251
    ],
    [
      52,
      0.14390376210212708
    ],
    [
      53,
      0.1433935910463333
    ],
    [
      54,
      0.1432563215494156
    ],
    [
      55,
      0.14346230030059814
    ],
    [
      56,
      0.14396488666534424
    ],
    [
      57,
      0.1447049230337143
    ],
    [
      58,
      0.14561612904071808
    ],
    [
      59,
      0.1466308832168579
    ],
    [
      60,
      0.14768533408641815
    ],
    [
      61,
      0.14872342348098755
    ],
    [
      62,
      0.1496991664171219
    ],
    [
      63,
      0.15057748556137085
    ],
    [
      64,
      0.1513335406780243
    ],
    [
      65,
      0.15195144712924957
    ],
    [
      66,
      0.15242215991020203
    ],
    [
      67,
      0.15274186432361603
    ],
    [
      68,
      0.1529104858636856
    ],
    [
      69,
      0.15293081104755402
    ],
    [
      70,
      0.1528080701828003
    ],
    [
      71,
      0.1525501310825348
    ],
    [
      72,
      0.15216752886772156
    ],
    [
      73,
      0.15167398750782013
    ],
    [
      74,
      0.15108627080917358
    ],
    [
      75,
      0.15042400360107422
    ],
    [
      76,
      0.14970935881137848
    ],
    [
      77,
      0.1489662081003189
    ],
    [
      78,
      0.14821910858154297
    ],
    [
      79,
      0.1474924385547638
    ],
    [
      80,
      0.14680922031402588
    ],
    [
      81,
      0.1461903303861618
    ],
    [
      82,
      0.14565353095531464
    ],
    [
      83,
      0.14521311223506927
    ],
    [
      84,
      0.14487943053245544
    ],
    [
      85,
      0.14465871453285217
    ],
    [
      86,
      0.14455321431159973
    ],
    [
      87,
      0.14456120133399963
    ],
    [
      88,
      0.14467735588550568
    ],
    [
      89,
      0.14489291608333588
    ],
    [
      90,
      0.14519625902175903
    ],
    [
      91,
      0.1455732136964798
    ],
    [
      92,
      0.14600762724876404
    ],
    [
      93,
      0.1464819610118866
    ],
    [
      94,
      0.14697781205177307
    ],
    [
      95,
      0.14747683703899384
    ],
    [
      96,
      0.14796136319637299
    ],
    [
      97,
      0.14841528236865997
    ],
    [
      98,
      0.1488245278596878
    ],
    [
      99,
      0.14917786419391632
    ],
    [
      100,
      0.1494673192501068
    ],
    [
      101,
      0.14968831837177277
    ],
    [
      102,
      0.14983998239040375
    ],
    [
      103,
      0.1499246060848236
    ],
    [
      104,
      0.1499476134777069
    ],
    [
      105,
      0.14991702139377594
    ],
    [
      106,
      0.14984272420406342
    ],
    [
      107,
      0.14973585307598114
    ],
    [
      108,
      0.14960819482803345
    ],
    [
      109,
      0.14947141706943512
    ],
    [
      110,
      0.14933648705482483
    ],
    [
      111,
      0.1492132842540741
    ],
    [
      112,
      0.14911000430583954
    ],
    [
      113,
      0.1490330994129181
    ],
    [
      114,
      0.14898699522018433
    ]
  ],
  "trustworthy": true,
  "hit_cap": false,
  "converged": true,
  "trajectory_applicable": true,