{
  "dataset": "energy",
  "seed": 0,
  "arm": "w_sweep",
  "width": 9,
  "held_out_mse": 30.39434814453125,
  "held_out_trajectory": [
    [
      1,
      1.114194393157959
    ],
    [
      2,
      0.9899308085441589
    ],
    [
      3,
      0.8767351508140564
    ],
    [
      4,
      0.7742874622344971
    ],
    [
      5,
      0.6822350025177002
    ],
    [
      6,
      0.60035240650177
    ],
    [
      7,
      0.5283922553062439
    ],
    [
      8,
      0.46607646346092224
    ],
    [
      9,
      0.41314882040023804
    ],
    [
      10,
      0.3694286346435547
    ],
    [
      11,
      0.33480754494667053
    ],
    [
      12,
      0.30916935205459595
    ],
    [
      13,
      0.2922618091106415
    ],
    [
      14,
      0.2835574448108673
    ],
    [
      15,
      0.2821325957775116
    ],
    [
      16,
      0.2865864336490631
    ],
    [
      17,
      0.295047789812088
    ],
    [
      18,
      0.3053451180458069
    ],
    [
      19,
      0.31530386209487915
    ],
    [
      20,
      0.32305753231048584
    ],
    [
      21,
      0.3272785544395447
    ],
    [
      22,
      0.3272775709629059
    ],
    [
      23,
      0.3229733109474182
    ],
    [
      24,
      0.3147752285003662
    ],
    [
      25,
      0.3034306764602661
    ],
    [
      26,
      0.2898731529712677
    ],
    [
      27,
      0.27508991956710815
    ],
    [
      28,
      0.26001492142677307
    ],
    [
      29,
      0.24544864892959595
    ],
    [
      30,
      0.23200444877147675
    ],
    [
      31,
      0.22008289396762848
    ],
    [
      32,
      0.20987284183502197
    ],
    [
      33,
      0.20137597620487213
    ],
    [
      34,
      0.19444815814495087
    ],
    [
      35,
      0.1888505518436432
    ],
    [
      36,
      0.1843009740114212
    ],
    [
      37,
      0.18051938712596893
    ],
    [
      38,
      0.17726251482963562
    ],
    [
      39,
      0.17434550821781158
    ],
    [
      40,
      0.17165088653564453
    ],
    [
      41,
      0.16912740468978882
    ],
    [
      42,
      0.16677993535995483
    ],
    [
      43,
      0.1646551638841629
    ],
    [
      44,
      0.16282381117343903
    ],
    [
      45,
      0.1613631397485733
    ],
    [
      46,
      0.16034071147441864
    ],
    [
      47,
      0.15980114042758942
    ],
    [
      48,
      0.15975724160671234
    ],
    [
      49,
      0.1601858139038086
    ],
    [
      50,
      0.16102850437164307
    ],
    [
      51,
      0.1621972918510437
    ],
    [
      52,
      0.16358327865600586
    ],
    [
      53,
      0.16506774723529816
    ],
    [
      54,
      0.16653364896774292
    ],
    [
      55,
      0.1678752899169922
    ],
    [
      56,
      0.16900619864463806
    ],
    [
      57,
      0.1698630303144455
    ],
    [
      58,
      0.17040696740150452
    ],
    [
      59,
      0.17062193155288696
    ],
    [
      60,
      0.17051123082637787
    ],
    [
      61,
      0.17009316384792328
    ],
    [
      62,
      0.16939684748649597
    ],
    [
      63,
      0.16845814883708954
    ],
    [
      64,
      0.1673169881105423
    ],
    [
      65,
      0.16601520776748657
    ],
    [
      66,
      0.1645951122045517
    ],
    [
      67,
      0.16309888660907745
    ],
    [
      68,
      0.1615678071975708
    ],
    [
      69,
      0.16004179418087006
    ],
    [
      70,
      0.15855887532234192
    ],
    [
      71,
      0.15715448558330536
    ],
    [
      72,
      0.15586070716381073
    ],
    [
      73,
      0.1547054797410965
    ],
    [
      74,
      0.15371209383010864
    ],
    [
      75,
      0.15289822220802307
    ],
    [
      76,
      0.1522756665945053
    ],
    [
      77,
      0.15185004472732544
    ],
    [
      78,
      0.15162040293216705
    ],
    [
      79,
      0.15157943964004517
    ],
    [
      80,
      0.15171374380588531
    ],
    [
      81,
      0.15200413763523102
    ],
    [
      82,
      0.15242645144462585
    ],
    [
      83,
      0.15295244753360748
    ],
    [
      84,
      0.15355101227760315
    ],
    [
      85,
      0.15418945252895355
    ],
    [
      86,
      0.15483511984348297
    ],
    [
      87,
      0.15545696020126343
    ],
    [
      88,
      0.1560269594192505
    ],
    [
      89,
      0.15652161836624146
    ],
    [
      90,
      0.15692289173603058
    ],
    [
      91,
      0.1572190821170807
    ],
    [
      92,
      0.15740491449832916
    ],
    [
      93,
      0.15748155117034912
    ],
    [
      94,
      0.1574559360742569
    ],
    [
      95,
      0.15733999013900757
    ],
    [
      96,
      0.15714934468269348
    ],
    [
      97,
      0.1569022387266159
    ],
    [
      98,
      0.15661804378032684
    ],
    [
      99,
      0.15631623566150665
    ],
    [
      100,
      0.156015083193779
    ],
    [
      101,
      0.1557309329509735
    ],
    [
      102,
      0.15547746419906616
    ],
    [
      103,
      0.15526534616947174
    ],
    [
      104,
      0.15510182082653046
    ],
    [
      105,
      0.15499092638492584
    ],
    [
      106,
      0.15493342280387878
    ],
    [
      107,
      0.15492725372314453
    ],
    [
      108,
      0.15496793389320374
    ],
    [
      109,
      0.1550489366054535
    ],
    [
      110,
      0.1551624983549118
    ],
    [
      111,
      0.1553000658750534
    ],
    [
      112,
      0.15545298159122467
    ],
    [
      113,
      0.15561304986476898
    ],
    [
      114,
      0.1557730883359909
    ],
    [
      115,
      0.15592719614505768
    ],
    [
      116,
      0.15607118606567383
    ],
    [
      117,
      0.15620246529579163
    ],
    [
      118,
      0.15632028877735138
    ],
    [
      119,
      0.15642540156841278
    ],
    [
      120,
      0.15651975572109222
    ],
    [
      121,
      0.15660636126995087
    ],
    [
      122,
      0.1566888391971588
    ],
    [
      123,
      0.15677087008953094
    ],
    [
      124,
      0.15685619413852692
    ],
    [
      125,
      0.1569480150938034
    ],
    [
      126,
      0.15704897046089172
    ],
    [
      127,
      0.15716084837913513
    ],
    [
      128,
      0.15728473663330078
    ],
    [
      129,
      0.15742075443267822
    ],
    [
      130,
      0.15756839513778687
    ],
    [
      131,
      0.15772654116153717
    ],
    [
      132,
      0.15789362788200378
    ],
    [
      133,
      0.1580679565668106
    ],
    [
      134,
      0.15824776887893677
    ],
    [
      135,
      0.15843147039413452
    ],
    [
      136,
      0.15861786901950836
    ],
    [
      137,
      0.15880617499351501
    ],
    [
      138,
      0.15899603068828583
    ],
    [
      139,
      0.15918771922588348
    ]
  ],
  "trustworthy": true,
  "hit_cap": false,
  "converged": true,
  "trajectory_applicable": true,