{
  "dataset": "energy",
  "seed": 2,
  "arm": "w_sweep",
  "width": 11,
  "held_out_mse": 15.42143440246582,
  "held_out_trajectory": [
    [
      1,
      0.9022443890571594
    ],
    [
      2,
      0.8488253355026245
    ],
    [
      3,
      0.8056782484054565
    ],
    [
      4,
      0.7727759480476379
    ],
    [
      5,
      0.7498856782913208
    ],
    [
      6,
      0.7365832328796387
    ],
    [
      7,
      0.731971800327301
    ],
    [
      8,
      0.7342453598976135
    ],
    [
      9,
      0.740797221660614
    ],
    [
      10,
      0.7487881779670715
    ],
    [
      11,
      0.7554603219032288
    ],
    [
      12,
      0.7585393786430359
    ],
    [
      13,
      0.7566666603088379
    ],
    [
      14,
      0.7495595216751099
    ],
    [
      15,
      0.7378607988357544
    ],
    [
      16,
      0.7228180170059204
    ],
    [
      17,
      0.7059404850006104
    ],
    [
      18,
      0.6887114644050598
    ],
    [
      19,
      0.6723818778991699
    ],
    [
      20,
      0.6578467488288879
    ],
    [
      21,
      0.6456003785133362
    ],
    [
      22,
      0.6357648968696594
    ],
    [
      23,
      0.6281814575195312
    ],
    [
      24,
      0.622531533241272
    ],
    [
      25,
      0.6184564828872681
    ],
    [
      26,
      0.615642786026001
    ],
    [
      27,
      0.6138611435890198
    ],
    [
      28,
      0.6129652857780457
    ],
    [
      29,
      0.6128607392311096
    ],
    [
      30,
      0.6134620904922485
    ],
    [
      31,
      0.6146489977836609
    ],
    [
      32,
      0.616235613822937
    ],
    [
      33,
      0.6179593801498413
    ],
    [
      34,
      0.6194952130317688
    ],
    [
      35,
      0.6204898953437805
    ],
    [
      36,
      0.6206087470054626
    ],
    [
      37,
      0.6195828318595886
    ],
    [
      38,
      0.6172498464584351
    ],
    [
      39,
      0.6135740876197815
    ],
    [
      40,
      0.6086466908454895
    ],
    [
      41,
      0.6026656031608582
    ],
    [
      42,
      0.5959007143974304
    ],
    [
      43,
      0.588655412197113
    ],
    [
      44,
      0.5812296271324158
    ],
    [
      45,
      0.5738921761512756
    ],
    [
      46,
      0.566862165927887
    ],
    [
      47,
      0.5603026747703552
    ],
    [
      48,
      0.5543212890625
    ],
    [
      49,
      0.5489771962165833
    ],
    [
      50,
      0.5442900657653809
    ],
    [
      51,
      0.5402473211288452
    ],
    [
      52,
      0.5368111729621887
    ],
    [
      53,
      0.5339198112487793
    ],
    [
      54,
      0.5314900875091553
    ],
    [
      55,
      0.5294179320335388
    ],
    [
      56,
      0.5275823473930359
    ],
    [
      57,
      0.525851309299469
    ],
    [
      58,
      0.5240933299064636
    ],
    [
      59,
      0.5221893787384033
    ],
    [
      60,
      0.5200458765029907
    ],
    [
      61,
      0.5176045894622803
    ],
    [
      62,
      0.5148472785949707
    ],
    [
      63,
      0.5117944478988647
    ],
    [
      64,
      0.5084984302520752
    ],
    [
      65,
      0.505033016204834
    ],
    [
      66,
      0.5014815330505371
    ],
    [
      67,
      0.49792584776878357
    ],
    [
      68,
      0.494438111782074
    ],
    [
      69,
      0.4910753667354584
    ],
    [
      70,
      0.4878770709037781
    ],
    [
      71,
      0.48486506938934326
    ],
    [
      72,
      0.482043981552124
    ],
    [
      73,
      0.4794030487537384
    ],
    [
      74,
      0.4769177734851837
    ],
    [
      75,
      0.47455182671546936
    ],
    [
      76,
      0.4722602963447571
    ],
    [
      77,
      0.469992995262146
    ],
    [
      78,
      0.46770018339157104
    ],
    [
      79,
      0.46533769369125366
    ],
    [
      80,
      0.462872713804245
    ],
    [
      81,
      0.46028780937194824
    ],
    [
      82,
      0.4575835168361664
    ],
    [
      83,
      0.4547775387763977
    ],
    [
      84,
      0.4519016444683075
    ],
    [
      85,
      0.44899749755859375
    ],
    [
      86,
      0.4461100995540619
    ],
    [
      87,
      0.44328269362449646
    ],
    [
      88,
      0.4405514895915985
    ],
    [
      89,
      0.4379425048828125
    ],
    [
      90,
      0.4354696571826935
    ],
    [
      91,
      0.43313392996788025
    ],
    [
      92,
      0.4309246838092804
    ],
    [
      93,
      0.428820937871933
    ],
    [
      94,
      0.4267938733100891
    ],
    [
      95,
      0.4248106777667999
    ],
    [
      96,
      0.4228377640247345
    ],
    [
      97,
      0.420844703912735
    ],
    [
      98,
      0.4188079833984375
    ],
    [
      99,
      0.4167131781578064
    ],
    [
      100,
      0.4145568013191223
    ],
    [
      101,
      0.4123455584049225
    ],
    [
      102,
      0.41009521484375
    ],
    [
      103,
      0.4078277051448822
    ],
    [
      104,
      0.40556782484054565
    ],
    [
      105,
      0.40333977341651917
    ],
    [
      106,
      0.4011645019054413
    ],
    [
      107,
      0.3990567624568939
    ],
    [
      108,
      0.39702436327934265
    ],
    [
      109,
      0.39506760239601135
    ],
    [
      110,
      0.3931799530982971
    ],
    [
      111,
      0.39134901762008667
    ],
    [
      112,
      0.3895590007305145
    ],
    [
      113,
      0.38779276609420776
    ],
    [
      114,
      0.3860338628292084
    ],
    [
      115,
      0.38426920771598816
    ],
    [
      116,
      0.38249027729034424
    ],
    [
      117,
      0.3806937336921692
    ],
    [
      118,
      0.3788817822933197
    ],
    [
      119,
      0.37706100940704346
    ],
    [
      120,
      0.3752411901950836
    ],
    [
      121,
      0.37343311309814453
    ],
    [
      122,
      0.37164732813835144
    ],
    [
      123,
      0.36989206075668335
    ],
    [
      124,
      0.368172287940979
    ],
    [
      125,
      0.3664892613887787
    ],
    [
      126,
      0.36484038829803467
    ],
    [
      127,
      0.3632199168205261
    ],
    [
      128,
      0.36161983013153076
    ],
    [
      129,
      0.360031396150589
    ],
    [
      130,
      0.3584461808204651
    ],
    [
      131,
      0.35685738921165466
    ],
    [
      132,
      0.3552606403827667
    ],
    [
      133,
      0.3536544442176819
    ],
    [
      134,
      0.35204017162323
    ],
    [
      135,
      0.35042136907577515
    ],
    [
      136,
      0.34880319237709045
    ],
    [
      137,
      0.3471911549568176
    ],
    [
      138,
      0.34559038281440735
    ],
    [
      139,
      0.34400472044944763
    ],
    [
      140,
      0.34243637323379517
    ],
    [
      141,
      0.34088554978370667
    ],
    [
      142,
      0.33935073018074036
    ],
    [
      143,
      0.3378291428089142
    ],
    [
      144,
      0.33631742000579834
    ],
    [
      145,
      0.33481231331825256
    ],
    [
      146,
      0.3333110511302948
    ],
    [
      147,
      0.3318122625350952
    ],
    [
      148,
      0.3303159177303314
    ],
    [
      149,
      0.3288234770298004
    ],
    [
      150,
      0.32733720541000366
    ],
    [
      151,
      0.3258603513240814
    ],
    [
      152,
      0.32439613342285156
    ],
    [
      153,
      0.3229476511478424
    ],
    [
      154,
      0.32151687145233154
    ],
    [
      155,
      0.3201051652431488
    ],
    [
      156,
      0.3187124729156494
    ],
    [
      157,
      0.3173382878303528
    ],
    [
      158,
      0.31598126888275146
    ],
    [
      159,
      0.31464001536369324
    ],
    [
      160,
      0.31331324577331543
    ],
    [
      161,
      0.3120002746582031
    ],
    [
      162,
      0.31070107221603394
    ],
    [
      163,
