{
  "dataset": "energy",
  "seed": 0,
  "arm": "w_sweep",
  "width": 5,
  "held_out_mse": 32.507564544677734,
  "held_out_trajectory": [
    [
      1,
      1.0122164487838745
    ],
    [
      2,
      0.9371913075447083
    ],
    [
      3,
      0.8669717907905579
    ],
    [
      4,
      0.8010123372077942
    ],
    [
      5,
      0.7391678690910339
    ],
    [
      6,
      0.6814320683479309
    ],
    [
      7,
      0.6276925802230835
    ],
    [
      8,
      0.577765166759491
    ],
    [
      9,
      0.5315044522285461
    ],
    [
      10,
      0.4888349771499634
    ],
    [
      11,
      0.44973382353782654
    ],
    [
      12,
      0.41421329975128174
    ],
    [
      13,
      0.3823060095310211
    ],
    [
      14,
      0.3540569841861725
    ],
    [
      15,
      0.3295137882232666
    ],
    [
      16,
      0.30871066451072693
    ],
    [
      17,
      0.291648805141449
    ],
    [
      18,
      0.2782735228538513
    ],
    [
      19,
      0.26844772696495056
    ],
    [
      20,
      0.2619226276874542
    ],
    [
      21,
      0.25831297039985657
    ],
    [
      22,
      0.25709280371665955
    ],
    [
      23,
      0.257618248462677
    ],
    [
      24,
      0.2591741681098938
    ],
    [
      25,
      0.26103726029396057
    ],
    [
      26,
      0.26254338026046753
    ],
    [
      27,
      0.2631456255912781
    ],
    [
      28,
      0.26245421171188354
    ],
    [
      29,
      0.2602534890174866
    ],
    [
      30,
      0.25649794936180115
    ],
    [
      31,
      0.25129133462905884
    ],
    [
      32,
      0.24485397338867188
    ],
    [
      33,
      0.23748379945755005
    ],
    [
      34,
      0.22951680421829224
    ],
    [
      35,
      0.22128911316394806
    ],
    [
      36,
      0.21310502290725708
    ],
    [
      37,
      0.20521365106105804
    ],
    [
      38,
      0.197800412774086
    ],
    [
      39,
      0.19099168479442596
    ],
    [
      40,
      0.18486465513706207
    ],
    [
      41,
      0.17945344746112823
    ],
    [
      42,
      0.17475436627864838
    ],
    [
      43,
      0.17073284089565277
    ],
    [
      44,
      0.16733211278915405
    ],
    [
      45,
      0.1644822061061859
    ],
    [
      46,
      0.1621081680059433
    ],
    [
      47,
      0.16013631224632263
    ],
    [
      48,
      0.158498615026474
    ],
    [
      49,
      0.15713486075401306
    ],
    [
      50,
      0.1559937298297882
    ],
    [
      51,
      0.1550329029560089
    ],
    [
      52,
      0.15421877801418304
    ],
    [
      53,
      0.15352587401866913
    ],
    [
      54,
      0.1529352366924286
    ],
    [
      55,
      0.15243224799633026
    ],
    [
      56,
      0.15200366079807281
    ],
    [
      57,
      0.1516348123550415
    ],
    [
      58,
      0.1513075828552246
    ],
    [
      59,
      0.1510000079870224
    ],
    [
      60,
      0.15068690478801727
    ],
    [
      61,
      0.15034209191799164
    ],
    [
      62,
      0.14994089305400848
    ],
    [
      63,
      0.14946317672729492
    ],
    [
      64,
      0.1488957405090332
    ],
    [
      65,
      0.14823421835899353
    ],
    [
      66,
      0.14748381078243256
    ],
    [
      67,
      0.1466589719057083
    ],
    [
      68,
      0.14578203856945038
    ],
    [
      69,
      0.1448807567358017
    ],
    [
      70,
      0.14398546516895294
    ],
    [
      71,
      0.1431259959936142
    ],
    [
      72,
      0.1423288732767105
    ],
    [
      73,
      0.14161507785320282
    ],
    [
      74,
      0.1409984976053238
    ],
    [
      75,
      0.14048561453819275
    ],
    [
      76,
      0.14007537066936493
    ],
    [
      77,
      0.1397605687379837
    ],
    [
      78,
      0.1395292729139328
    ],
    [
      79,
      0.13936661183834076
    ],
    [
      80,
      0.1392568200826645
    ],
    [
      81,
      0.13918480277061462
    ],
    [
      82,
      0.1391374170780182
    ],
    [
      83,
      0.1391042321920395
    ],
    [
      84,
      0.13907764852046967
    ],
    [
      85,
      0.1390525996685028
    ],
    [
      86,
      0.1390261948108673
    ],
    [
      87,
      0.13899685442447662
    ],
    [
      88,
      0.13896384835243225
    ],
    [
      89,
      0.13892662525177002
    ],
    [
      90,
      0.13888463377952576
    ],
    [
      91,
      0.1388372927904129
    ],
    [
      92,
      0.1387837827205658
    ],
    [
      93,
      0.1387234628200531
    ],
    [
      94,
      0.13865606486797333
    ],
    [
      95,
      0.13858172297477722
    ],
    [
      96,
      0.13850098848342896
    ],
    [
      97,
      0.1384149044752121
    ],
    [
      98,
      0.13832470774650574
    ],
    [
      99,
      0.1382315307855606
    ],
    [
      100,
      0.13813616335391998
    ],
    [
      101,
      0.1380390077829361
    ],
    [
      102,
      0.1379396617412567
    ],
    [
      103,
      0.1378372460603714
    ],
    [
      104,
      0.13773038983345032
    ],
    [
      105,
      0.13761743903160095
    ],
    [
      106,
      0.13749700784683228
    ],
    [
      107,
      0.13736793398857117
    ],
    [
      108,
      0.1372298002243042
    ],
    [
      109,
      0.13708283007144928
    ],
    [
      110,
      0.13692806661128998
    ],
    [
      111,
      0.13676731288433075
    ],
    [
      112,
      0.13660277426242828
    ],
    [
      113,
      0.13643699884414673
    ],
    [
      114,
      0.1362726092338562
    ],
    [
      115,
      0.13611207902431488
    ],
    [
      116,
      0.13595743477344513
    ],
    [
      117,
      0.1358102560043335
    ],
    [
      118,
      0.13567152619361877
    ],
    [
      119,
      0.1355416476726532
    ],
    [
      120,
      0.13542041182518005
    ],
    [
      121,
      0.13530713319778442
    ],
    [
      122,
      0.1352005898952484
    ],
    [
      123,
      0.13509944081306458
    ],
    [
      124,
      0.1350019872188568
    ],
    [
      125,
      0.1349066197872162
    ],
    [
      126,
      0.13481171429157257
    ],
    [
      127,
      0.1347159594297409
    ],
    [
      128,
      0.13461834192276
    ],
    [
      129,
      0.1345183253288269
    ],
    [
      130,
      0.13441583514213562
    ],
    [
      131,
      0.13431139290332794
    ],
    [
      132,
      0.1342059075832367
    ],
    [
      133,
      0.13410083949565887
    ],
    [
      134,
      0.13399791717529297
    ],
    [
      135,
      0.13389916718006134
    ],
    [
      136,
      0.13380670547485352
    ],
    [
      137,
      0.13372252881526947
    ],
    [
      138,
      0.13364851474761963
    ],
    [
      139,
      0.13358618319034576
    ],
    [
      140,
      0.13353662192821503
    ],
    [
      141,
      0.13350048661231995
    ],
    [
      142,
      0.13347791135311127
    ],
    [
      143,
      0.1334686130285263
    ],
    [
      144,
      0.13347174227237701
    ],
    [
      145,
      0.13348610699176788
    ],
    [
      146,
      0.1335102766752243
    ],
    [
      147,
      0.13354265689849854
    ],
    [
      148,
      0.13358156383037567
    ],
    [
      149,
      0.1336253583431244
    ],
    [
      150,
      0.1336725950241089
    ],
    [
      151,
      0.13372200727462769
    ],
    [
      152,
      0.13377274572849274
    ],
    [
      153,
      0.1338241994380951
    ],
    [
      154,
      0.13387612998485565
    ],
    [
      155,
      0.13392865657806396
    ],
    [
      156,
      0.13398221135139465
    ],
    [
      157,
      0.13403744995594025
    ],
    [
      158,
      0.13409508764743805
    ],
    [
      159,
      0.13415604829788208
    ],
    [
      160,
      0.13422119617462158
    ],
    [
      161,
      0.13429130613803864
