{
  "dataset": "energy",
  "seed": 0,
  "arm": "w_sweep",
  "width": 4,
  "held_out_mse": 28.416418075561523,
  "held_out_trajectory": [
    [
      1,
      1.0464709997177124
    ],
    [
      2,
      0.9507184028625488
    ],
    [
      3,
      0.8587796092033386
    ],
    [
      4,
      0.7715067863464355
    ],
    [
      5,
      0.6895894408226013
    ],
    [
      6,
      0.6138220429420471
    ],
    [
      7,
      0.5449796319007874
    ],
    [
      8,
      0.4837104380130768
    ],
    [
      9,
      0.43046247959136963
    ],
    [
      10,
      0.3854433596134186
    ],
    [
      11,
      0.3486100137233734
    ],
    [
      12,
      0.31968048214912415
    ],
    [
      13,
      0.2981596291065216
    ],
    [
      14,
      0.28337377309799194
    ],
    [
      15,
      0.2745091915130615
    ],
    [
      16,
      0.2706502079963684
    ],
    [
      17,
      0.2708151936531067
    ],
    [
      18,
      0.273991197347641
    ],
    [
      19,
      0.2791697680950165
    ],
    [
      20,
      0.28538358211517334
    ],
    [
      21,
      0.2917446196079254
    ],
    [
      22,
      0.29747962951660156
    ],
    [
      23,
      0.30196160078048706
    ],
    [
      24,
      0.30473217368125916
    ],
    [
      25,
      0.3055115342140198
    ],
    [
      26,
      0.3041943609714508
    ],
    [
      27,
      0.30083298683166504
    ],
    [
      28,
      0.2956106662750244
    ],
    [
      29,
      0.28880950808525085
    ],
    [
      30,
      0.28077641129493713
    ],
    [
      31,
      0.2718903720378876
    ],
    [
      32,
      0.2625328302383423
    ],
    [
      33,
      0.2530624568462372
    ],
    [
      34,
      0.24379590153694153
    ],
    [
      35,
      0.23499394953250885
    ],
    [
      36,
      0.22685383260250092
    ],
    [
      37,
      0.2195078283548355
    ],
    [
      38,
      0.2130257785320282
    ],
    [
      39,
      0.20742250978946686
    ],
    [
      40,
      0.20266684889793396
    ],
    [
      41,
      0.19869306683540344
    ],
    [
      42,
      0.19541168212890625
    ],
    [
      43,
      0.1927206963300705
    ],
    [
      44,
      0.19051456451416016
    ],
    [
      45,
      0.18869270384311676
    ],
    [
      46,
      0.18716497719287872
    ],
    [
      47,
      0.1858559548854828
    ],
    [
      48,
      0.18470701575279236
    ],
    [
      49,
      0.18367694318294525
    ],
    [
      50,
      0.18274074792861938
    ],
    [
      51,
      0.18188758194446564
    ],
    [
      52,
      0.18111731112003326
    ],
    [
      53,
      0.1804368644952774
    ],
    [
      54,
      0.1798562854528427
    ],
    [
      55,
      0.17938503623008728
    ],
    [
      56,
      0.17902876436710358
    ],
    [
      57,
      0.1787872165441513
    ],
    [
      58,
      0.17865298688411713
    ],
    [
      59,
      0.17861144244670868
    ],
    [
      60,
      0.17864163219928741
    ],
    [
      61,
      0.1787179708480835
    ],
    [
      62,
      0.17881256341934204
    ],
    [
      63,
      0.1788974106311798
    ],
    [
      64,
      0.1789470762014389
    ],
    [
      65,
      0.17894020676612854
    ],
    [
      66,
      0.17886105179786682
    ],
    [
      67,
      0.17870008945465088
    ],
    [
      68,
      0.17845389246940613
    ],
    [
      69,
      0.1781245470046997
    ],
    [
      70,
      0.17771859467029572
    ],
    [
      71,
      0.17724566161632538
    ],
    [
      72,
      0.17671702802181244
    ],
    [
      73,
      0.17614440619945526
    ],
    [
      74,
      0.17553885281085968
    ],
    [
      75,
      0.17490993440151215
    ],
    [
      76,
      0.1742655485868454
    ],
    [
      77,
      0.17361171543598175
    ],
    [
      78,
      0.1729528307914734
    ],
    [
      79,
      0.17229217290878296
    ],
    [
      80,
      0.1716323047876358
    ],
    [
      81,
      0.17097578942775726
    ],
    [
      82,
      0.17032550275325775
    ],
    [
      83,
      0.16968511044979095
    ],
    [
      84,
      0.16905929148197174
    ],
    [
      85,
      0.16845352947711945
    ],
    [
      86,
      0.16787415742874146
    ],
    [
      87,
      0.16732805967330933
    ],
    [
      88,
      0.16682204604148865
    ],
    [
      89,
      0.16636264324188232
    ],
    [
      90,
      0.16595545411109924
    ],
    [
      91,
      0.1656048446893692
    ],
    [
      92,
      0.1653134673833847
    ],
    [
      93,
      0.16508224606513977
    ],
    [
      94,
      0.16491003334522247
    ],
    [
      95,
      0.1647937148809433
    ],
    [
      96,
      0.1647283434867859
    ],
    [
      97,
      0.1647072732448578
    ],
    [
      98,
      0.1647225022315979
    ],
    [
      99,
      0.16476498544216156
    ],
    [
      100,
      0.16482509672641754
    ],
    [
      101,
      0.16489297151565552
    ],
    [
      102,
      0.1649588942527771
    ],
    [
      103,
      0.16501373052597046
    ],
    [
      104,
      0.16504932940006256
    ],
    [
      105,
      0.16505850851535797
    ],
    [
      106,
      0.1650356650352478
    ],
    [
      107,
      0.1649765521287918
    ],
    [
      108,
      0.16487856209278107
    ],
    [
      109,
      0.16474059224128723
    ],
    [
      110,
      0.16456297039985657
    ],
    [
      111,
      0.16434724628925323
    ],
    [
      112,
      0.16409613192081451
    ],
    [
      113,
      0.1638130098581314
    ],
    [
      114,
      0.163502037525177
    ],
    [
      115,
      0.16316765546798706
    ],
    [
      116,
      0.16281448304653168
    ],
    [
      117,
      0.1624469757080078
    ],
    [
      118,
      0.162069633603096
    ],
    [
      119,
      0.16168643534183502
    ],
    [
      120,
      0.1613011211156845
    ],
    [
      121,
      0.16091686487197876
    ],
    [
      122,
      0.16053655743598938
    ],
    [
      123,
      0.1601625233888626
    ],
    [
      124,
      0.15979669988155365
    ],
    [
      125,
      0.15944068133831024
    ],
    [
      126,
      0.1590956300497055
    ],
    [
      127,
      0.1587623804807663
    ],
    [
      128,
      0.15844151377677917
    ],
    [
      129,
      0.1581333875656128
    ],
    [
      130,
      0.15783795714378357
    ],
    [
      131,
      0.15755516290664673
    ],
    [
      132,
      0.157284677028656
    ],
    [
      133,
      0.157026007771492
    ],
    [
      134,
      0.1567787081003189
    ],
    [
      135,
      0.1565420925617218
    ],
    [
      136,
      0.1563156098127365
    ],
    [
      137,
      0.15609857439994812
    ],
    [
      138,
      0.15589046478271484
    ],
    [
      139,
      0.1556907743215561
    ],
    [
      140,
      0.1554991602897644
    ],
    [
      141,
      0.1553153395652771
    ],
    [
      142,
      0.15513916313648224
    ],
    [
      143,
      0.15497060120105743
    ],
    [
      144,
      0.15480972826480865
    ],
    [
      145,
      0.15465669333934784
    ],
    [
      146,
      0.1545117199420929
    ],
    [
      147,
      0.15437504649162292
    ],
    [
      148,
      0.15424691140651703
    ],
    [
      149,
      0.1541275829076767
    ],
    [
      150,
      0.15401726961135864
    ],
    [
      151,
      0.15391601622104645
    ],
    [
      152,
      0.15382400155067444
    ],
    [
      153,
      0.15374113619327545
    ],
    [
      154,
      0.1536673903465271
    ],
    [
      155,
      0.15360261499881744
    ],
    [
      156,
      0.15354667603969574
    ],
    [
      157,
      0.15349939465522766
    ],
    [
      158,
      0.1534605622291565
    ],
    [
      159,
      0.15342997014522552
    ],
    [
      160,
      0.1534074991941452
    ],
    [
      161,
      0.1533929854631424
