{
  "dataset": "energy",
  "seed": 0,
  "arm": "w_sweep",
  "width": 10,
  "held_out_mse": 30.41197967529297,
  "held_out_trajectory": [
    [
      1,
      1.0436581373214722
    ],
    [
      2,
      0.9038249850273132
    ],
    [
      3,
      0.7790597677230835
    ],
    [
      4,
      0.6683745384216309
    ],
    [
      5,
      0.5711665153503418
    ],
    [
      6,
      0.4871879816055298
    ],
    [
      7,
      0.41643795371055603
    ],
    [
      8,
      0.3590317666530609
    ],
    [
      9,
      0.31502410769462585
    ],
    [
      10,
      0.28422272205352783
    ],
    [
      11,
      0.2659834027290344
    ],
    [
      12,
      0.25898516178131104
    ],
    [
      13,
      0.2610589861869812
    ],
    [
      14,
      0.2692308723926544
    ],
    [
      15,
      0.2801016867160797
    ],
    [
      16,
      0.29045912623405457
    ],
    [
      17,
      0.29783251881599426
    ],
    [
      18,
      0.30077502131462097
    ],
    [
      19,
      0.2988598048686981
    ],
    [
      20,
      0.29248976707458496
    ],
    [
      21,
      0.2826305329799652
    ],
    [
      22,
      0.2705379128456116
    ],
    [
      23,
      0.257522314786911
    ],
    [
      24,
      0.2447664886713028
    ],
    [
      25,
      0.23320384323596954
    ],
    [
      26,
      0.22345377504825592
    ],
    [
      27,
      0.2158088982105255
    ],
    [
      28,
      0.21026448905467987
    ],
    [
      29,
      0.20657911896705627
    ],
    [
      30,
      0.20435339212417603
    ],
    [
      31,
      0.20311333239078522
    ],
    [
      32,
      0.20238670706748962
    ],
    [
      33,
      0.20176276564598083
    ],
    [
      34,
      0.2009311020374298
    ],
    [
      35,
      0.19969911873340607
    ],
    [
      36,
      0.19799141585826874
    ],
    [
      37,
      0.19583524763584137
    ],
    [
      38,
      0.19333747029304504
    ],
    [
      39,
      0.1906568706035614
    ],
    [
      40,
      0.18797563016414642
    ],
    [
      41,
      0.18547241389751434
    ],
    [
      42,
      0.18329980969429016
    ],
    [
      43,
      0.18156751990318298
    ],
    [
      44,
      0.1803330034017563
    ],
    [
      45,
      0.17960003018379211
    ],
    [
      46,
      0.17932462692260742
    ],
    [
      47,
      0.17942756414413452
    ],
    [
      48,
      0.1798095703125
    ],
    [
      49,
      0.1803676187992096
    ],
    [
      50,
      0.18100841343402863
    ],
    [
      51,
      0.18165719509124756
    ],
    [
      52,
      0.18226106464862823
    ],
    [
      53,
      0.1827870011329651
    ],
    [
      54,
      0.18321634829044342
    ],
    [
      55,
      0.18353749811649323
    ],
    [
      56,
      0.18373975157737732
    ],
    [
      57,
      0.1838088184595108
    ],
    [
      58,
      0.18372593820095062
    ],
    [
      59,
      0.1834694892168045
    ],
    [
      60,
      0.1830192506313324
    ],
    [
      61,
      0.1823612004518509
    ],
    [
      62,
      0.18149207532405853
    ],
    [
      63,
      0.1804226040840149
    ],
    [
      64,
      0.17917843163013458
    ],
    [
      65,
      0.17779937386512756
    ],
    [
      66,
      0.1763363629579544
    ],
    [
      67,
      0.17484737932682037
    ],
    [
      68,
      0.17339284718036652
    ],
    [
      69,
      0.17203055322170258
    ],
    [
      70,
      0.17081214487552643
    ],
    [
      71,
      0.16977950930595398
    ],
    [
      72,
      0.16896331310272217
    ],
    [
      73,
      0.16838212311267853
    ],
    [
      74,
      0.16804282367229462
    ],
    [
      75,
      0.16794152557849884
    ],
    [
      76,
      0.16806495189666748
    ],
    [
      77,
      0.1683918982744217
    ],
    [
      78,
      0.1688946634531021
    ],
    [
      79,
      0.16954003274440765
    ],
    [
      80,
      0.17029081284999847
    ],
    [
      81,
      0.17110683023929596
    ],
    [
      82,
      0.17194658517837524
    ],
    [
      83,
      0.1727689951658249
    ],
    [
      84,
      0.17353536188602448
    ],
    [
      85,
      0.1742115318775177
    ],
    [
      86,
      0.1747698336839676
    ],
    [
      87,
      0.17519080638885498
    ],
    [
      88,
      0.17546425759792328
    ],
    [
      89,
      0.17558971047401428
    ],
    [
      90,
      0.175575852394104
    ],
    [
      91,
      0.1754395067691803
    ],
    [
      92,
      0.17520396411418915
    ],
    [
      93,
      0.17489691078662872
    ],
    [
      94,
      0.17454801499843597
    ],
    [
      95,
      0.17418710887432098
    ],
    [
      96,
      0.1738419085741043
    ],
    [
      97,
      0.17353665828704834
    ],
    [
      98,
      0.1732909083366394
    ],
    [
      99,
      0.17311881482601166
    ],
    [
      100,
      0.17302878201007843
    ],
    [
      101,
      0.17302332818508148
    ],
    [
      102,
      0.17309963703155518
    ],
    [
      103,
      0.1732500195503235
    ],
    [
      104,
      0.1734626591205597
    ],
    [
      105,
      0.17372260987758636
    ],
    [
      106,
      0.17401306331157684
    ],
    [
      107,
      0.17431633174419403
    ],
    [
      108,
      0.17461523413658142
    ],
    [
      109,
      0.17489413917064667
    ],
    [
      110,
      0.17514005303382874
    ],
    [
      111,
      0.17534339427947998
    ],
    [
      112,
      0.17549839615821838
    ],
    [
      113,
      0.17560328543186188
    ],
    [
      114,
      0.1756601333618164
    ],
    [
      115,
      0.17567437887191772
    ],
    [
      116,
      0.1756540685892105
    ],
    [
      117,
      0.17560912668704987
    ],
    [
      118,
      0.17555026710033417
    ],
    [
      119,
      0.1754881888628006
    ],
    [
      120,
      0.17543281614780426
    ],
    [
      121,
      0.1753925085067749
    ],
    [
      122,
      0.1753735989332199
    ],
    [
      123,
      0.1753801852464676
    ],
    [
      124,
      0.17541390657424927
    ],
    [
      125,
      0.17547409236431122
    ],
    [
      126,
      0.17555800080299377
    ],
    [
      127,
      0.17566117644309998
    ],
    [
      128,
      0.1757780760526657
    ],
    [
      129,
      0.17590245604515076
    ],
    [
      130,
      0.17602811753749847
    ],
    [
      131,
      0.17614932358264923
    ],
    [
      132,
      0.17626133561134338
    ],
    [
      133,
      0.17636077105998993
    ],
    [
      134,
      0.1764458268880844
    ],
    [
      135,
      0.17651627957820892
    ]
  ],
  "trustworthy": true,
  "hit_cap": false,
  "converged": true,
  "trajectory_applicable": true,