{
  "dataset": "energy",
  "seed": 0,
  "arm": "w_sweep",
  "width": 8,
  "held_out_mse": 30.353113174438477,
  "held_out_trajectory": [
    [
      1,
      1.474975347518921
    ],
    [
      2,
      1.2925583124160767
    ],
    [
      3,
      1.1273218393325806
    ],
    [
      4,
      0.9792839288711548
    ],
    [
      5,
      0.847797155380249
    ],
    [
      6,
      0.7319311499595642
    ],
    [
      7,
      0.6308140754699707
    ],
    [
      8,
      0.543708860874176
    ],
    [
      9,
      0.46993547677993774
    ],
    [
      10,
      0.40879517793655396
    ],
    [
      11,
      0.35953834652900696
    ],
    [
      12,
      0.32136300206184387
    ],
    [
      13,
      0.2934182286262512
    ],
    [
      14,
      0.2747957706451416
    ],
    [
      15,
      0.26450634002685547
    ],
    [
      16,
      0.2614462375640869
    ],
    [
      17,
      0.2643688917160034
    ],
    [
      18,
      0.27187615633010864
    ],
    [
      19,
      0.28244853019714355
    ],
    [
      20,
      0.29452189803123474
    ],
    [
      21,
      0.3066028952598572
    ],
    [
      22,
      0.3173953592777252
    ],
    [
      23,
      0.3259038031101227
    ],
    [
      24,
      0.331488698720932
    ],
    [
      25,
      0.3338693082332611
    ],
    [
      26,
      0.3330836594104767
    ],
    [
      27,
      0.3294216990470886
    ],
    [
      28,
      0.3233489394187927
    ],
    [
      29,
      0.31543129682540894
    ],
    [
      30,
      0.3062686324119568
    ],
    [
      31,
      0.29644161462783813
    ],
    [
      32,
      0.28647175431251526
    ],
    [
      33,
      0.27679482102394104
    ],
    [
      34,
      0.26774588227272034
    ],
    [
      35,
      0.25955453515052795
    ],
    [
      36,
      0.25234952569007874
    ],
    [
      37,
      0.24616943299770355
    ],
    [
      38,
      0.24097947776317596
    ],
    [
      39,
      0.23669131100177765
    ],
    [
      40,
      0.23318389058113098
    ],
    [
      41,
      0.23032361268997192
    ],
    [
      42,
      0.22798112034797668
    ],
    [
      43,
      0.22604382038116455
    ],
    [
      44,
      0.2244233340024948
    ],
    [
      45,
      0.2230576127767563
    ],
    [
      46,
      0.2219087779521942
    ],
    [
      47,
      0.2209579050540924
    ],
    [
      48,
      0.22019749879837036
    ],
    [
      49,
      0.2196241170167923
    ],
    [
      50,
      0.21923115849494934
    ],
    [
      51,
      0.219003364443779
    ],
    [
      52,
      0.21891345083713531
    ],
    [
      53,
      0.2189209908246994
    ],
    [
      54,
      0.21897368133068085
    ],
    [
      55,
      0.21901041269302368
    ],
    [
      56,
      0.21896590292453766
    ],
    [
      57,
      0.21877582371234894
    ],
    [
      58,
      0.21838238835334778
    ],
    [
      59,
      0.21773919463157654
    ],
    [
      60,
      0.21681484580039978
    ],
    [
      61,
      0.21559542417526245
    ],
    [
      62,
      0.21408496797084808
    ],
    [
      63,
      0.21230430901050568
    ],
    [
      64,
      0.21028867363929749
    ],
    [
      65,
      0.20808404684066772
    ],
    [
      66,
      0.20574314892292023
    ],
    [
      67,
      0.20332109928131104
    ],
    [
      68,
      0.2008715271949768
    ],
    [
      69,
      0.19844356179237366
    ],
    [
      70,
      0.19607925415039062
    ],
    [
      71,
      0.1938125491142273
    ],
    [
      72,
      0.19166840612888336
    ],
    [
      73,
      0.18966323137283325
    ],
    [
      74,
      0.18780569732189178
    ],
    [
      75,
      0.18609769642353058
    ],
    [
      76,
      0.18453562259674072
    ],
    [
      77,
      0.18311168253421783
    ],
    [
      78,
      0.18181481957435608
    ],
    [
      79,
      0.1806318163871765
    ],
    [
      80,
      0.1795477718114853
    ],
    [
      81,
      0.17854689061641693
    ],
    [
      82,
      0.17761282622814178
    ],
    [
      83,
      0.17672894895076752
    ],
    [
      84,
      0.17587898671627045
    ],
    [
      85,
      0.1750471293926239
    ],
    [
      86,
      0.1742187738418579
    ],
    [
      87,
      0.17338086664676666
    ],
    [
      88,
      0.17252255976200104
    ],
    [
      89,
      0.17163565754890442
    ],
    [
      90,
      0.17071501910686493
    ],
    [
      91,
      0.16975894570350647
    ],
    [
      92,
      0.16876927018165588
    ],
    [
      93,
      0.16775114834308624
    ],
    [
      94,
      0.16671277582645416
    ],
    [
      95,
      0.16566504538059235
    ],
    [
      96,
      0.164620503783226
    ],
    [
      97,
      0.1635931134223938
    ],
    [
      98,
      0.1625969558954239
    ],
    [
      99,
      0.16164585947990417
    ],
    [
      100,
      0.16075260937213898
    ],
    [
      101,
      0.1599283516407013
    ],
    [
      102,
      0.15918245911598206
    ],
    [
      103,
      0.15852205455303192
    ],
    [
      104,
      0.15795205533504486
    ],
    [
      105,
      0.15747524797916412
    ],
    [
      106,
      0.15709218382835388
    ],
    [
      107,
      0.15680167078971863
    ],
    [
      108,
      0.15660062432289124
    ],
    [
      109,
      0.1564846634864807
    ],
    [
      110,
      0.15644791722297668
    ],
    [
      111,
      0.15648365020751953
    ],
    [
      112,
      0.1565842479467392
    ],
    [
      113,
      0.15674160420894623
    ],
    [
      114,
      0.1569472998380661
    ],
    [
      115,
      0.15719299018383026
    ],
    [
      116,
      0.15747052431106567
    ],
    [
      117,
      0.15777234733104706
    ],
    [
      118,
      0.15809156000614166
    ],
    [
      119,
      0.15842221677303314
    ],
    [
      120,
      0.15875940024852753
    ],
    [
      121,
      0.15909923613071442
    ],
    [
      122,
      0.15943890810012817
    ],
    [
      123,
      0.15977665781974792
    ],
    [
      124,
      0.1601116955280304
    ],
    [
      125,
      0.16044391691684723
    ],
    [
      126,
      0.16077402234077454
    ],
    [
      127,
      0.16110314428806305
    ],
    [
      128,
      0.16143284738063812
    ],
    [
      129,
      0.16176481544971466
    ],
    [
      130,
      0.1621009111404419
    ],
    [
      131,
      0.16244293749332428
    ],
    [
      132,
      0.16279254853725433
    ],
    [
      133,
      0.1631511151790619
    ],
    [
      134,
      0.16351966559886932
    ],
    [
      135,
      0.16389887034893036
    ],
    [
      136,
      0.1642889678478241
    ],
    [
      137,
      0.16468966007232666
    ],
    [
      138,
      0.16510039567947388
    ],
    [
      139,
      0.1655201017856598
    ],
    [
      140,
      0.16594748198986053
    ],
    [
      141,
      0.16638101637363434
    ],
    [
      142,
      0.16681919991970062
    ],
    [
      143,
      0.16726034879684448
    ],
    [
      144,
      0.1677030771970749
    ],
    [
      145,
      0.1681460440158844
    ],
    [
      146,
      0.1685883104801178
    ],
    [
      147,
      0.16902917623519897
    ],
    [
      148,
      0.16946829855442047
    ],
    [
      149,
      0.1699056476354599
    ],
    [
      150,
      0.17034153640270233
    ],
    [
      151,
      0.17077651619911194
    ],
    [
      152,
      0.1712113320827484
    ],
    [
      153,
      0.17164690792560577
    ],
    [
      154,
      0.17208422720432281
    ],
    [
      155,
      0.1725243180990219
    ],
    [
      156,
      0.17296810448169708
    ],
    [
      157,
      0.17341646552085876
    ],
    [
      158,
      0.1738700121641159
    ],
    [
      159,
      0.17432931065559387
    ],
    [
      160,
      0.17479465901851654
    ],
    [
      161,
