{
  "dataset": "energy",
  "seed": 0,
  "arm": "w_sweep",
  "width": 2,
  "held_out_mse": 41.78848648071289,
  "held_out_trajectory": [
    [
      1,
      0.6198960542678833
    ],
    [
      2,
      0.5751970410346985
    ],
    [
      3,
      0.5322078466415405
    ],
    [
      4,
      0.4910239279270172
    ],
    [
      5,
      0.45190760493278503
    ],
    [
      6,
      0.415175199508667
    ],
    [
      7,
      0.38107872009277344
    ],
    [
      8,
      0.34980645775794983
    ],
    [
      9,
      0.32149508595466614
    ],
    [
      10,
      0.2962323725223541
    ],
    [
      11,
      0.2740522623062134
    ],
    [
      12,
      0.25492849946022034
    ],
    [
      13,
      0.2387712448835373
    ],
    [
      14,
      0.22542662918567657
    ],
    [
      15,
      0.2146819829940796
    ],
    [
      16,
      0.2062753289937973
    ],
    [
      17,
      0.19990797340869904
    ],
    [
      18,
      0.19525842368602753
    ],
    [
      19,
      0.19199611246585846
    ],
    [
      20,
      0.1897936463356018
    ],
    [
      21,
      0.18833722174167633
    ],
    [
      22,
      0.18733558058738708
    ],
    [
      23,
      0.1865273416042328
    ],
    [
      24,
      0.1856873333454132
    ],
    [
      25,
      0.18463145196437836
    ],
    [
      26,
      0.1832199990749359
    ],
    [
      27,
      0.18135975301265717
    ],
    [
      28,
      0.1790039837360382
    ],
    [
      29,
      0.17615051567554474
    ],
    [
      30,
      0.17283815145492554
    ],
    [
      31,
      0.16914063692092896
    ],
    [
      32,
      0.16515925526618958
    ],
    [
      33,
      0.16101370751857758
    ],
    [
      34,
      0.15683186054229736
    ],
    [
      35,
      0.15273934602737427
    ],
    [
      36,
      0.14884993433952332
    ],
    [
      37,
      0.14525796473026276
    ],
    [
      38,
      0.14203351736068726
    ],
    [
      39,
      0.1392214000225067
    ],
    [
      40,
      0.13684315979480743
    ],
    [
      41,
      0.13490132987499237
    ],
    [
      42,
      0.13338449597358704
    ],
    [
      43,
      0.1322721391916275
    ],
    [
      44,
      0.13153833150863647
    ],
    [
      45,
      0.13115446269512177
    ],
    [
      46,
      0.13109076023101807
    ],
    [
      47,
      0.1313168853521347
    ],
    [
      48,
      0.1318022459745407
    ],
    [
      49,
      0.13251560926437378
    ],
    [
      50,
      0.1334250271320343
    ],
    [
      51,
      0.13449734449386597
    ],
    [
      52,
      0.13569827377796173
    ],
    [
      53,
      0.13699215650558472
    ],
    [
      54,
      0.13834254443645477
    ],
    [
      55,
      0.13971243798732758
    ],
    [
      56,
      0.14106523990631104
    ],
    [
      57,
      0.14236584305763245
    ],
    [
      58,
      0.14358167350292206
    ],
    [
      59,
      0.1446841061115265
    ],
    [
      60,
      0.14564958214759827
    ],
    [
      61,
      0.14646057784557343
    ],
    [
      62,
      0.14710620045661926
    ],
    [
      63,
      0.14758242666721344
    ],
    [
      64,
      0.14789190888404846
    ],
    [
      65,
      0.14804334938526154
    ],
    [
      66,
      0.14805059134960175
    ],
    [
      67,
      0.14793159067630768
    ],
    [
      68,
      0.14770713448524475
    ],
    [
      69,
      0.14739961922168732
    ],
    [
      70,
      0.1470319777727127
    ],
    [
      71,
      0.14662668108940125
    ],
    [
      72,
      0.14620478451251984
    ],
    [
      73,
      0.1457853615283966
    ],
    [
      74,
      0.14538493752479553
    ],
    [
      75,
      0.14501744508743286
    ],
    [
      76,
      0.1446937769651413
    ],
    [
      77,
      0.14442211389541626
    ],
    [
      78,
      0.1442079246044159
    ],
    [
      79,
      0.14405430853366852
    ],
    [
      80,
      0.1439623087644577
    ],
    [
      81,
      0.1439313292503357
    ],
    [
      82,
      0.1439593881368637
    ],
    [
      83,
      0.14404354989528656
    ],
    [
      84,
      0.14418020844459534
    ],
    [
      85,
      0.14436529576778412
    ],
    [
      86,
      0.14459450542926788
    ],
    [
      87,
      0.1448633074760437
    ],
    [
      88,
      0.14516714215278625
    ],
    [
      89,
      0.14550146460533142
    ],
    [
      90,
      0.1458616405725479
    ],
    [
      91,
      0.14624305069446564
    ],
    [
      92,
      0.1466410756111145
    ],
    [
      93,
      0.1470511257648468
    ],
    [
      94,
      0.14746861159801483
    ],
    [
      95,
      0.1478891372680664
    ],
    [
      96,
      0.14830847084522247
    ],
    [
      97,
      0.1487225592136383
    ],
    [
      98,
      0.14912785589694977
    ],
    [
      99,
      0.14952115714550018
    ],
    [
      100,
      0.14989978075027466
    ],
    [
      101,
      0.15026168525218964
    ],
    [
      102,
      0.1506054848432541
    ],
    [
      103,
      0.15093037486076355
    ],
    [
      104,
      0.15123620629310608
    ],
    [
      105,
      0.15152357518672943
    ],
    [
      106,
      0.15179353952407837
    ]
  ],
  "trustworthy": true,
  "hit_cap": false,
  "converged": true,
  "trajectory_applicable": true,
  "select_squared_error": [
    0.11894549429416656,
    0.08113466948270798,
    0.018607167527079582,
    0.05590061843395233,
    0.0236397422850132,
    0.49340859055519104,
    0.34792500734329224,
    0.00039771845331415534,
    0.10082278400659561,
    0.010162330232560635,
    0.05215776339173317,
    0.01041470281779766,
    0.040895987302064896,
    0.011682245880365372,
    0.3042258322238922,
    0.009332019835710526,
    0.05100321024656296,
    0.3708801567554474,
    0.02248097024857998,
    0.08397691696882248,
    0.17396262288093567,
    0.26905155181884766,
    0.5200389623641968,
    0.24723410606384277,
    0.5669650435447693,
    0.0022036517038941383,
    0.0606253407895565,
    0.05358997359871864,
    8.331048965454102,
    0.011887230910360813,
    0.002661868929862976,
    0.06197488680481911,
    0.21997618675231934,
    0.01384416688233614,
    0.02483041025698185,
    0.02284858003258705,
    0.012476583011448383,
    0.018519217148423195,
    0.24052397906780243,
    0.0072161732241511345,
    0.0030738788191229105,
    0.0013015945442020893,
    0.18677371740341187,
    0.006948524620383978,
    0.10134001821279526,
    0.0013459721812978387,
    0.0972488671541214,
    0.06707078218460083,
    0.8810676336288452,
    0.03613681346178055,
    0.16664351522922516,
    0.18391765654087067,
    9.417183876037598,
    0.0013869884423911572,
    0.3517737090587616,
    0.0841314047574997,
    0.007703204173594713,
    0.4771645665168762,
    0.042529650032520294,
    0.5681970715522766,
    0.0274217426776886,
    0.024508273229002953,
    0.008709892630577087,
    0.028811432421207428,
    0.009351260960102081,
    0.05875908583402634,
    0.14627063274383545,
    0.08638951927423477,
    0.018248822540044785,
    0.059780240058898926,
    0.018481502309441566,
    0.6164647340774536,
    0.11071396619081497,
    0.00032804685179144144,
    0.055695127695798874,
    0.09793730080127716,
    0.00844389945268631,
    0.0034625146072357893,
    0.0030030403286218643,
    0.15078146755695343,
    0.0007133749313652515,
    0.017177192494273186,
    0.06411892920732498,
    9.073836326599121,
    0.055052824318408966,
    0.09375312924385071,
    0.08782448619604111,
    0.3028466999530792,
    0.35701069235801697,
    0.005762604530900717,
    0.003755123121663928,
    0.0934271290898323
  ],
  "n_selection_used": 92,
  "training_macs": 1402380,
  "n_train_used": 245,
  "actual_epochs": 106,
  "selection_cost": null,
  "config": {
    "d": 8,
    "lr": 0.01,
    "patience": 60,
    "min_delta": 0.0001,
    "batch_size": 245,