{
  "dataset": "energy",
  "seed": 1,
  "arm": "w_sweep",
  "width": 4,
  "held_out_mse": 21.400442123413086,
  "held_out_trajectory": [
    [
      1,
      1.248293399810791
    ],
    [
      2,
      1.161496639251709
    ],
    [
      3,
      1.0784341096878052
    ],
    [
      4,
      0.9994891881942749
    ],
    [
      5,
      0.9249481558799744
    ],
    [
      6,
      0.8549900650978088
    ],
    [
      7,
      0.7896851301193237
    ],
    [
      8,
      0.7290036082267761
    ],
    [
      9,
      0.6728336215019226
    ],
    [
      10,
      0.6210054755210876
    ],
    [
      11,
      0.5733141899108887
    ],
    [
      12,
      0.5295379161834717
    ],
    [
      13,
      0.48945024609565735
    ],
    [
      14,
      0.4528275728225708
    ],
    [
      15,
      0.4194525480270386
    ],
    [
      16,
      0.3891132175922394
    ],
    [
      17,
      0.36160072684288025
    ],
    [
      18,
      0.3367064893245697
    ],
    [
      19,
      0.31422048807144165
    ],
    [
      20,
      0.29393142461776733
    ],
    [
      21,
      0.27562859654426575
    ],
    [
      22,
      0.25910452008247375
    ],
    [
      23,
      0.2441582977771759
    ],
    [
      24,
      0.23059861361980438
    ],
    [
      25,
      0.21824704110622406
    ],
    [
      26,
      0.20694075524806976
    ],
    [
      27,
      0.19653473794460297
    ],
    [
      28,
      0.18690364062786102
    ],
    [
      29,
      0.1779423952102661
    ],
    [
      30,
      0.16956637799739838
    ],
    [
      31,
      0.16171064972877502
    ],
    [
      32,
      0.1543281376361847
    ],
    [
      33,
      0.1473878175020218
    ],
    [
      34,
      0.1408717930316925
    ],
    [
      35,
      0.1347726285457611
    ],
    [
      36,
      0.12909001111984253
    ],
    [
      37,
      0.12382784485816956
    ],
    [
      38,
      0.11899077147245407
    ],
    [
      39,
      0.11458141356706619
    ],
    [
      40,
      0.11059790104627609
    ],
    [
      41,
      0.10703198611736298
    ],
    [
      42,
      0.10386817902326584
    ],
    [
      43,
      0.10108377039432526
    ],
    [
      44,
      0.09864963591098785
    ],
    [
      45,
      0.09653174132108688
    ],
    [
      46,
      0.09469319880008698
    ],
    [
      47,
      0.09309642761945724
    ],
    [
      48,
      0.09170521795749664
    ],
    [
      49,
      0.09048674255609512
    ],
    [
      50,
      0.08941289037466049
    ],
    [
      51,
      0.08846129477024078
    ],
    [
      52,
      0.08761560171842575
    ],
    [
      53,
      0.0868653729557991
    ],
    [
      54,
      0.08620520681142807
    ],
    [
      55,
      0.0856337621808052
    ],
    [
      56,
      0.08515234291553497
    ],
    [
      57,
      0.08476344496011734
    ],
    [
      58,
      0.08446948975324631
    ],
    [
      59,
      0.08427153527736664
    ],
    [
      60,
      0.08416850864887238
    ],
    [
      61,
      0.08415675163269043
    ],
    [
      62,
      0.08422992378473282
    ],
    [
      63,
      0.0843791738152504
    ],
    [
      64,
      0.08459381759166718
    ],
    [
      65,
      0.08486200124025345
    ],
    [
      66,
      0.0851716548204422
    ],
    [
      67,
      0.08551128208637238
    ],
    [
      68,
      0.08587080240249634
    ],
    [
      69,
      0.08624222874641418
    ],
    [
      70,
      0.08661998808383942
    ],
    [
      71,
      0.08700127899646759
    ],
    [
      72,
      0.08738585561513901
    ],
    [
      73,
      0.08777593821287155
    ],
    [
      74,
      0.08817562460899353
    ],
    [
      75,
      0.08859042078256607
    ],
    [
      76,
      0.08902644366025925
    ],
    [
      77,
      0.08948978036642075
    ],
    [
      78,
      0.08998575806617737
    ],
    [
      79,
      0.09051809459924698
    ],
    [
      80,
      0.09108836948871613
    ],
    [
      81,
      0.09169520437717438
    ],
    [
      82,
      0.09233389794826508
    ],
    [
      83,
      0.09299604594707489
    ],
    [
      84,
      0.09366963058710098
    ],
    [
      85,
      0.09433955699205399
    ],
    [
      86,
      0.09498869627714157
    ],
    [
      87,
      0.09559938311576843
    ],
    [
      88,
      0.09615510702133179
    ],
    [
      89,
      0.09664186090230942
    ],
    [
      90,
      0.0970490574836731
    ],
    [
      91,
      0.097369484603405
    ],
    [
      92,
      0.09759850800037384
    ],
    [
      93,
      0.09773291647434235
    ],
    [
      94,
      0.09776993840932846
    ],
    [
      95,
      0.09770676493644714
    ],
    [
      96,
      0.09754092246294022
    ],
    [
      97,
      0.09727121144533157
    ],
    [
      98,
      0.09689920395612717
    ],
    [
      99,
      0.09643051773309708
    ],
    [
      100,
      0.09587555378675461
    ],
    [
      101,
      0.09524945169687271
    ],
    [
      102,
      0.09457115828990936
    ],
    [
      103,
      0.09386184066534042
    ],
    [
      104,
      0.09314298629760742
    ],
    [
      105,
      0.09243457019329071
    ],
    [
      106,
      0.09175346791744232
    ],
    [
      107,
      0.09111268818378448
    ],
    [
      108,
      0.09052086621522903
    ],
    [
      109,
      0.08998258411884308
    ],
    [
      110,
      0.08949900418519974
    ],
    [
      111,
      0.08906872570514679
    ],
    [
      112,
      0.08868864923715591
    ],
    [
      113,
      0.08835460245609283
    ],
    [
      114,
      0.08806199580430984
    ],
    [
      115,
      0.08780601620674133
    ],
    [
      116,
      0.0875818133354187
    ],
    [
      117,
      0.08738447725772858
    ],
    [
      118,
      0.08720909804105759
    ],
    [
      119,
      0.08705081045627594
    ],
    [
      120,
      0.08690494298934937
    ],
    [
      121,
      0.08676713705062866
    ]
  ],
  "trustworthy": true,
  "hit_cap": false,
  "converged": true,
  "trajectory_applicable": true,