{
  "dataset": "yacht",
  "seed": 0,
  "arm": "w_sweep",
  "width": 2,
  "held_out_mse": 5.058849334716797,
  "held_out_trajectory": [
    [
      1,
      0.8716480731964111
    ],
    [
      2,
      0.8640668988227844
    ],
    [
      3,
      0.854686439037323
    ],
    [
      4,
      0.8447229862213135
    ],
    [
      5,
      0.8346550464630127
    ],
    [
      6,
      0.8246820569038391
    ],
    [
      7,
      0.81492018699646
    ],
    [
      8,
      0.8054549694061279
    ],
    [
      9,
      0.7963619232177734
    ],
    [
      10,
      0.7877185940742493
    ],
    [
      11,
      0.7796102166175842
    ],
    [
      12,
      0.7721210718154907
    ],
    [
      13,
      0.7653018832206726
    ],
    [
      14,
      0.7591593861579895
    ],
    [
      15,
      0.7536747455596924
    ],
    [
      16,
      0.7488191723823547
    ],
    [
      17,
      0.7445569038391113
    ],
    [
      18,
      0.7408455610275269
    ],
    [
      19,
      0.7376351356506348
    ],
    [
      20,
      0.7348682880401611
    ],
    [
      21,
      0.7324802875518799
    ],
    [
      22,
      0.7304001450538635
    ],
    [
      23,
      0.7285526990890503
    ],
    [
      24,
      0.7268611788749695
    ],
    [
      25,
      0.7252513766288757
    ],
    [
      26,
      0.7236554026603699
    ],
    [
      27,
      0.7220134139060974
    ],
    [
      28,
      0.720274031162262
    ],
    [
      29,
      0.7183891534805298
    ],
    [
      30,
      0.7163050770759583
    ],
    [
      31,
      0.7139502763748169
    ],
    [
      32,
      0.7112189531326294
    ],
    [
      33,
      0.7079587578773499
    ],
    [
      34,
      0.7039639949798584
    ],
    [
      35,
      0.6989904642105103
    ],
    [
      36,
      0.6927894353866577
    ],
    [
      37,
      0.6851468682289124
    ],
    [
      38,
      0.6759093999862671
    ],
    [
      39,
      0.6649885773658752
    ],
    [
      40,
      0.652352511882782
    ],
    [
      41,
      0.6380190849304199
    ],
    [
      42,
      0.6220496892929077
    ],
    [
      43,
      0.6045483946800232
    ],
    [
      44,
      0.5856623649597168
    ],
    [
      45,
      0.5655829906463623
    ],
    [
      46,
      0.5445438623428345
    ],
    [
      47,
      0.5228157043457031
    ],
    [
      48,
      0.500694990158081
    ],
    [
      49,
      0.4784865975379944
    ],
    [
      50,
      0.4564817547798157
    ],
    [
      51,
      0.43493661284446716
    ],
    [
      52,
      0.4140563905239105
    ],
    [
      53,
      0.3939869999885559
    ],
    [
      54,
      0.37481415271759033
    ],
    [
      55,
      0.35657060146331787
    ],
    [
      56,
      0.3392505943775177
    ],
    [
      57,
      0.32283008098602295
    ],
    [
      58,
      0.30728384852409363
    ],
    [
      59,
      0.29259800910949707
    ],
    [
      60,
      0.2787759304046631
    ],
    [
      61,
      0.26584091782569885
    ],
    [
      62,
      0.2538337707519531
    ],
    [
      63,
      0.24280425906181335
    ],
    [
      64,
      0.23279590904712677
    ],
    [
      65,
      0.22382718324661255
    ],
    [
      66,
      0.21587537229061127
    ],
    [
      67,
      0.2088676393032074
    ],
    [
      68,
      0.20268461108207703
    ],
    [
      69,
      0.19717514514923096
    ],
    [
      70,
      0.19217915832996368
    ],
    [
      71,
      0.18755176663398743
    ],
    [
      72,
      0.1831802874803543
    ],
    [
      73,
      0.178991436958313
    ],
    [
      74,
      0.17494793236255646
    ],
    [
      75,
      0.17103901505470276
    ],
    [
      76,
      0.16726882755756378
    ],
    [
      77,
      0.16364642977714539
    ],
    [
      78,
      0.16017983853816986
    ],
    [
      79,
      0.15687428414821625
    ],
    [
      80,
      0.15373292565345764
    ],
    [
      81,
      0.1507590413093567
    ],
    [
      82,
      0.14795708656311035
    ],
    [
      83,
      0.14533191919326782
    ],
    [
      84,
      0.1428864598274231
    ],
    [
      85,
      0.1406184285879135
    ],
    [
      86,
      0.13851752877235413
    ],
    [
      87,
      0.13656431436538696
    ],
    [
      88,
      0.1347304880619049
    ],
    [
      89,
      0.13298076391220093
    ],
    [
      90,
      0.13127581775188446
    ],
    [
      91,
      0.12957502901554108
    ],
    [
      92,
      0.1278398483991623
    ],
    [
      93,
      0.12603722512722015
    ],
    [
      94,
      0.12414263933897018
    ],
    [
      95,
      0.1221427470445633
    ],
    [
      96,
      0.12003673613071442
    ],
    [
      97,
      0.11783603578805923
    ],
    [
      98,
      0.11556239426136017
    ],
    [
      99,
      0.11324456334114075
    ],
    [
      100,
      0.1109149232506752
    ],
    [
      101,
      0.10860572010278702
    ],
    [
      102,
      0.10634651780128479
    ],
    [
      103,
      0.10416185110807419
    ],
    [
      104,
      0.10206969082355499
    ],
    [
      105,
      0.10008085519075394
    ],
    [
      106,
      0.09819868206977844
    ],
    [
      107,
      0.09641988575458527
    ],
    [
      108,
      0.09473582357168198
    ],
    [
      109,
      0.09313444793224335
    ],
    [
      110,
      0.09160252660512924
    ],
    [
      111,
      0.0901273712515831
    ],
    [
      112,
      0.0886978879570961
    ],
    [
      113,
      0.08730518072843552
    ],
    [
      114,
      0.08594222366809845
    ],
    [
      115,
      0.08460341393947601
    ],
    [
      116,
      0.08328410983085632
    ],
    [
      117,
      0.08198042958974838
    ],
    [
      118,
      0.0806891992688179
    ],
    [
      119,
      0.07940790802240372
    ],
    [
      120,
      0.07813487201929092
    ],
    [
      121,
      0.07686944305896759
    ],
    [
      122,
      0.0756121426820755
    ],
    [
      123,
      0.07436487078666687
    ],
    [
      124,
      0.07313109934329987
    ],
    [
      125,
      0.0719156488776207
    ],
    [
      126,
      0.0707245022058487
    ],
    [
      127,
      0.06956394016742706
    ],
    [
      128,
      0.06843968480825424
    ],
    [
      129,
      0.06735610961914062
    ],
    [
      130,
      0.06631544232368469
    ],
    [
      131,
      0.06531745195388794
    ],
    [
      132,
      0.06435946375131607
    ],
    [
      133,
      0.06343681365251541
    ],
    [
      134,
      0.06254348158836365
    ],
    [
      135,
      0.06167277321219444
    ],
    [
      136,
      0.060818277299404144
    ],
    [
      137,
      0.0599743090569973
    ],
    [
      138,
      0.0591365247964859
    ],
    [
      139,
      0.058302149176597595
    ],
    [
      140,
      0.05746990814805031
    ],
    [
      141,
      0.05663974583148956
    ],
    [
      142,
      0.055812496691942215
    ],
    [
      143,
      0.054989371448755264
    ],
    [
      144,
      0.054171543568372726
    ],
    [
      145,
      0.05335984379053116
    ],
    [
      146,
      0.052554596215486526
    ],
    [
      147,
      0.051755599677562714
    ],
    [
      148,
      0.050962239503860474
    ],
    [
      149,
      0.050173621624708176
    ],
    [
      150,
      0.04938891902565956
    ],
    [
      151,
      0.048607490956783295
    ],
    [
      152,
      0.047829046845436096
    ],
    [
      153,
      0.0470537394285202
    ],
    [
      154,
      0.046282052993774414
    ],
    [
      155,
      0.04551484063267708
    ],
    [
      156,
      0.044753022491931915
    ],
    [
      157,
      0.043997641652822495
    ],
    [
      158,
      0.04324962943792343
    ],
    [
      159,
      0.042509958148002625
    ],
    [
      160,
      0.04177943244576454
    ],
    [
      161,
