{
  "dataset": "yacht",
  "seed": 0,
  "arm": "w_sweep",
  "width": 1,
  "held_out_mse": 7.258549213409424,
  "held_out_trajectory": [
    [
      1,
      0.8344680666923523
    ],
    [
      2,
      0.8145310878753662
    ],
    [
      3,
      0.7949857115745544
    ],
    [
      4,
      0.7762088775634766
    ],
    [
      5,
      0.7583265900611877
    ],
    [
      6,
      0.7413629293441772
    ],
    [
      7,
      0.7252547740936279
    ],
    [
      8,
      0.7098527550697327
    ],
    [
      9,
      0.6949388384819031
    ],
    [
      10,
      0.6802670359611511
    ],
    [
      11,
      0.6656123399734497
    ],
    [
      12,
      0.650805652141571
    ],
    [
      13,
      0.6357452869415283
    ],
    [
      14,
      0.6203941106796265
    ],
    [
      15,
      0.6047680377960205
    ],
    [
      16,
      0.5889228582382202
    ],
    [
      17,
      0.572941780090332
    ],
    [
      18,
      0.5569230914115906
    ],
    [
      19,
      0.5409688353538513
    ],
    [
      20,
      0.5251745581626892
    ],
    [
      21,
      0.5096203088760376
    ],
    [
      22,
      0.4943656027317047
    ],
    [
      23,
      0.4794480800628662
    ],
    [
      24,
      0.4648864269256592
    ],
    [
      25,
      0.4506875276565552
    ],
    [
      26,
      0.4368535876274109
    ],
    [
      27,
      0.42338958382606506
    ],
    [
      28,
      0.4103080630302429
    ],
    [
      29,
      0.3976306617259979
    ],
    [
      30,
      0.38538745045661926
    ],
    [
      31,
      0.37361404299736023
    ],
    [
      32,
      0.3623473048210144
    ],
    [
      33,
      0.35162079334259033
    ],
    [
      34,
      0.341460645198822
    ],
    [
      35,
      0.33188244700431824
    ],
    [
      36,
      0.322890043258667
    ],
    [
      37,
      0.3144749402999878
    ],
    [
      38,
      0.30661702156066895
    ],
    [
      39,
      0.29928529262542725
    ],
    [
      40,
      0.2924385070800781
    ],
    [
      41,
      0.28602656722068787
    ],
    [
      42,
      0.2799913287162781
    ],
    [
      43,
      0.27426841855049133
    ],
    [
      44,
      0.26878905296325684
    ],
    [
      45,
      0.2634826898574829
    ],
    [
      46,
      0.25828006863594055
    ],
    [
      47,
      0.25311651825904846
    ],
    [
      48,
      0.24793559312820435
    ],
    [
      49,
      0.24269187450408936
    ],
    [
      50,
      0.2373533993959427
    ],
    [
      51,
      0.2319028228521347
    ],
    [
      52,
      0.22633729875087738
    ],
    [
      53,
      0.22066730260849
    ],
    [
      54,
      0.21491427719593048
    ],
    [
      55,
      0.2091078758239746
    ],
    [
      56,
      0.20328305661678314
    ],
    [
      57,
      0.19747740030288696
    ],
    [
      58,
      0.1917283982038498
    ],
    [
      59,
      0.1860714852809906
    ],
    [
      60,
      0.18053843080997467
    ],
    [
      61,
      0.17515592277050018
    ],
    [
      62,
      0.1699448525905609
    ],
    [
      63,
      0.16491971909999847
    ],
    [
      64,
      0.16008855402469635
    ],
    [
      65,
      0.155453622341156
    ],
    [
      66,
      0.15101224184036255
    ],
    [
      67,
      0.1467583030462265
    ],
    [
      68,
      0.14268386363983154
    ],
    [
      69,
      0.1387808471918106
    ],
    [
      70,
      0.13504227995872498
    ],
    [
      71,
      0.13146311044692993
    ],
    [
      72,
      0.12804003059864044
    ],
    [
      73,
      0.12477133423089981
    ],
    [
      74,
      0.12165560573339462
    ],
    [
      75,
      0.11869065463542938
    ],
    [
      76,
      0.1158725917339325
    ],
    [
      77,
      0.11319489777088165
    ],
    [
      78,
      0.11064819246530533
    ],
    [
      79,
      0.1082204058766365
    ],
    [
      80,
      0.10589736700057983
    ],
    [
      81,
      0.10366341471672058
    ],
    [
      82,
      0.10150256007909775
    ],
    [
      83,
      0.09939928352832794
    ],
    [
      84,
      0.09733948111534119
    ],
    [
      85,
      0.09531092643737793
    ],
    [
      86,
      0.09330406785011292
    ],
    [
      87,
      0.09131207317113876
    ],
    [
      88,
      0.08933128416538239
    ],
    [
      89,
      0.08736103028059006
    ],
    [
      90,
      0.08540347963571548
    ],
    [
      91,
      0.0834631696343422
    ],
    [
      92,
      0.08154644817113876
    ],
    [
      93,
      0.07966061681509018
    ],
    [
      94,
      0.07781322300434113
    ],
    [
      95,
      0.07601109147071838
    ],
    [
      96,
      0.07425983250141144
    ],
    [
      97,
      0.07256308943033218
    ],
    [
      98,
      0.07092239707708359
    ],
    [
      99,
      0.06933708488941193
    ],
    [
      100,
      0.06780444085597992
    ],
    [
      101,
      0.06632005423307419
    ],
    [
      102,
      0.0648784339427948
    ],
    [
      103,
      0.06347345560789108
    ],
    [
      104,
      0.06209908425807953
    ],
    [
      105,
      0.060749832540750504
    ],
    [
      106,
      0.05942128971219063
    ],
    [
      107,
      0.058110326528549194
    ],
    [
      108,
      0.056815288960933685
    ],
    [
      109,
      0.055535826832056046
    ],
    [
      110,
      0.054272860288619995
    ],
    [
      111,
      0.0530281737446785
    ],
    [
      112,
      0.051804110407829285
    ],
    [
      113,
      0.05060328543186188
    ],
    [
      114,
      0.04942819103598595
    ],
    [
      115,
      0.04828108474612236
    ],
    [
      116,
      0.04716366156935692
    ],
    [
      117,
      0.04607719928026199
    ],
    [
      118,
      0.04502233862876892
    ],
    [
      119,
      0.04399929940700531
    ],
    [
      120,
      0.04300788789987564
    ],
    [
      121,
      0.0420476496219635
    ],
    [
      122,
      0.04111802205443382
    ],
    [
      123,
      0.040218256413936615
    ],
    [
      124,
      0.039347752928733826
    ],
    [
      125,
      0.038505859673023224
    ],
    [
      126,
      0.03769193962216377
    ],
    [
      127,
      0.03690528869628906
    ],
    [
      128,
      0.0361451618373394
    ],
    [
      129,
      0.03541066497564316
    ],
    [
      130,
      0.034700825810432434
    ],
    [
      131,
      0.03401445224881172
    ],
    [
      132,
      0.033350374549627304
    ],
    [
      133,
      0.03270735591650009
    ],
    [
      134,
      0.03208422660827637
    ],
    [
      135,
      0.0314798466861248
    ],
    [
      136,
      0.03089335188269615
    ],
    [
      137,
      0.03032403066754341
    ],
    [
      138,
      0.029771393164992332
    ],
    [
      139,
      0.029235146939754486
    ],
    [
      140,
      0.02871522679924965
    ],
    [
      141,
      0.028211677446961403
    ],
    [
      142,
      0.027724601328372955
    ],
    [
      143,
      0.027254099026322365
    ],
    [
      144,
      0.0268002487719059
    ],
    [
      145,
      0.02636297233402729
    ],
    [
      146,
      0.02594207040965557
    ],
    [
      147,
      0.02553725428879261
    ],
    [
      148,
      0.025148015469312668
    ],
    [
      149,
      0.02477375976741314
    ],
    [
      150,
      0.024413850158452988
    ],
    [
      151,
      0.024067580699920654
    ],
    [
      152,
      0.023734254762530327
    ],
    [
      153,
      0.02341323345899582
    ],
    [
      154,
      0.023103933781385422
    ],
    [
      155,
      0.02280586212873459
    ],
    [
      156,
      0.022518640384078026
    ],
    [
      157,
      0.022241882979869843
    ],
    [
      158,
      0.021975403651595116
    ],
    [
      159,
      0.02171899750828743
    ],
    [
      160,
      0.021472496911883354
    ],
    [
