{
  "dataset": "yacht",
  "seed": 2,
  "arm": "w_sweep",
  "width": 8,
  "held_out_mse": 50.23764419555664,
  "held_out_trajectory": [
    [
      1,
      0.9347862005233765
    ],
    [
      2,
      0.8862077593803406
    ],
    [
      3,
      0.8402336835861206
    ],
    [
      4,
      0.7968848943710327
    ],
    [
      5,
      0.7560976147651672
    ],
    [
      6,
      0.7177437543869019
    ],
    [
      7,
      0.6816719174385071
    ],
    [
      8,
      0.6477581858634949
    ],
    [
      9,
      0.6159472465515137
    ],
    [
      10,
      0.586264431476593
    ],
    [
      11,
      0.5587879419326782
    ],
    [
      12,
      0.5335800051689148
    ],
    [
      13,
      0.510627031326294
    ],
    [
      14,
      0.4898306727409363
    ],
    [
      15,
      0.4710254669189453
    ],
    [
      16,
      0.4539971649646759
    ],
    [
      17,
      0.4384988844394684
    ],
    [
      18,
      0.42428821325302124
    ],
    [
      19,
      0.4111834466457367
    ],
    [
      20,
      0.3991125822067261
    ],
    [
      21,
      0.388130784034729
    ],
    [
      22,
      0.3783982992172241
    ],
    [
      23,
      0.37013015151023865
    ],
    [
      24,
      0.36354419589042664
    ],
    [
      25,
      0.3588126301765442
    ],
    [
      26,
      0.35601919889450073
    ],
    [
      27,
      0.3551284074783325
    ],
    [
      28,
      0.3559719920158386
    ],
    [
      29,
      0.358256459236145
    ],
    [
      30,
      0.3615959882736206
    ],
    [
      31,
      0.3655662536621094
    ],
    [
      32,
      0.3697585165500641
    ],
    [
      33,
      0.3738084137439728
    ],
    [
      34,
      0.3774113059043884
    ],
    [
      35,
      0.3803424835205078
    ],
    [
      36,
      0.38246750831604004
    ],
    [
      37,
      0.38373738527297974
    ],
    [
      38,
      0.38418692350387573
    ],
    [
      39,
      0.38393115997314453
    ],
    [
      40,
      0.3831377327442169
    ],
    [
      41,
      0.38198575377464294
    ],
    [
      42,
      0.38062870502471924
    ],
    [
      43,
      0.37917986512184143
    ],
    [
      44,
      0.3777187466621399
    ],
    [
      45,
      0.3763119578361511
    ],
    [
      46,
      0.37503159046173096
    ],
    [
      47,
      0.37396252155303955
    ],
    [
      48,
      0.3731935918331146
    ],
    [
      49,
      0.37279850244522095
    ],
    [
      50,
      0.3728134036064148
    ],
    [
      51,
      0.37322041392326355
    ],
    [
      52,
      0.37394264340400696
    ],
    [
      53,
      0.37485337257385254
    ],
    [
      54,
      0.37579798698425293
    ],
    [
      55,
      0.37662455439567566
    ],
    [
      56,
      0.37721455097198486
    ],
    [
      57,
      0.3775055706501007
    ],
    [
      58,
      0.3774988055229187
    ],
    [
      59,
      0.3772498071193695
    ],
    [
      60,
      0.37684959173202515
    ],
    [
      61,
      0.37640175223350525
    ],
    [
      62,
      0.3760008215904236
    ],
    [
      63,
      0.3757152557373047
    ],
    [
      64,
      0.3755750358104706
    ],
    [
      65,
      0.37556684017181396
    ],
    [
      66,
      0.37563759088516235
    ],
    [
      67,
      0.3757064938545227
    ],
    [
      68,
      0.3756847381591797
    ],
    [
      69,
      0.3754972815513611
    ],
    [
      70,
      0.37510162591934204
    ],
    [
      71,
      0.3744971752166748
    ],
    [
      72,
      0.37372317910194397
    ],
    [
      73,
      0.3728463053703308
    ],
    [
      74,
      0.3719416856765747
    ],
    [
      75,
      0.37107399106025696
    ],
    [
      76,
      0.37028199434280396
    ],
    [
      77,
      0.369571328163147
    ],
    [
      78,
      0.36891478300094604
    ],
    [
      79,
      0.36826035380363464
    ],
    [
      80,
      0.3675445318222046
    ],
    [
      81,
      0.3667079210281372
    ],
    [
      82,
      0.3657098114490509
    ],
    [
      83,
      0.3645375370979309
    ],
    [
      84,
      0.36320817470550537
    ],
    [
      85,
      0.3617610037326813
    ],
    [
      86,
      0.36024612188339233
    ],
    [
      87,
      0.35870999097824097
    ]
  ],
  "trustworthy": true,
  "hit_cap": false,
  "converged": true,
  "trajectory_applicable": true,
  "select_squared_error": [
    0.2670200765132904,
    0.6115100979804993,
    0.19009453058242798,
    0.08978956192731857,
    0.0007602434488944709,
    0.3155892491340637,
    0.400338351726532,
    0.3958604335784912,
    0.00659944349899888,
    0.17071592807769775,
    0.15247708559036255,
    0.0015324191190302372,
    0.019556144252419472,
    0.20729298889636993,
    0.09871123731136322,
    0.15528418123722076,
    0.08706262707710266,
    0.08971282839775085,
    0.8116910457611084,
    0.637281596660614,
    0.11469818651676178,
    0.5005298852920532,
    0.07390546053647995,
    0.05081823468208313,
    0.3925693929195404,
    0.10485506802797318,
    0.09628225862979889,
    0.2263064980506897,
    0.6382998824119568,
    0.0036849132739007473,
    0.09463746845722198,
    2.948601104435511e-05,
    0.03768368065357208,
    1.0950244665145874,
    0.7169741988182068,
    0.6437862515449524,
    0.2542320489883423
  ],
  "n_selection_used": 37,
  "training_macs": 1432368,
  "n_train_used": 98,
  "actual_epochs": 87,
  "selection_cost": null,
  "config": {
    "d": 6,
    "lr": 0.01,
    "patience": 60,
    "min_delta": 0.0001,
    "batch_size": 98,
    "epoch_cap": 6000,
    "test_fraction": 0.2,
    "max_train": null,
    "fraction_pct": 15
  },
  "constants": {
    "selection_fraction": {
      "source": "/home/ff235/dev/MLResearch/automl/automl_package/examples/capacity_ladder_results/WSEL6/frozen.json",
      "fraction": 0.15,
      "fraction_pct": 15
    },
    "width_ladder": {
      "source": "/home/ff235/dev/MLResearch/automl/automl_package/examples/capacity_ladder_results/WSEL8/hetero_0.json",
      "w_max": 12
    },
    "router": {
      "source": "/home/ff235/dev/MLResearch/automl/automl_package/examples/capacity_ladder_results/WSEL7/frozen.json",
      "invariant": false,
      "ratified_default": {
        "hidden": 32,
        "depth": 2,
        "epochs": 300,
        "lr": 0.01
      },
      "ruling": "width.md WSEL-7 2026-07-22 sign-off ruling 1: frozen default STAYS, new_default NOT adopted"
    }
  },
  "provenance": {
    "timestamp_utc": "2026-07-22T18:36:56+00:00",
    "git": {
      "commit": "2a22061a952104f39e07bd32de1771791876c6d9",
      "dirty": true
    },
    "python": "3.12.13",
    "torch": "2.10.0+xpu",
    "numpy": "2.4.3",
    "platform": "Linux-7.1.3-200.fc44.x86_64-x86_64-with-glibc2.43",
    "threads": {
      "omp_num_threads": "4",
      "torch_num_threads": 4,
      "cpu_count": 22
    },
    "automl_device": "cpu"
  }
}