{
  "dataset": "yacht",
  "seed": 0,
  "arm": "w_sweep",
  "width": 4,
  "held_out_mse": 10.379172325134277,
  "held_out_trajectory": [
    [
      1,
      1.188198447227478
    ],
    [
      2,
      1.129928708076477
    ],
    [
      3,
      1.0751636028289795
    ],
    [
      4,
      1.0241310596466064
    ],
    [
      5,
      0.9767097234725952
    ],
    [
      6,
      0.9326093792915344
    ],
    [
      7,
      0.8915034532546997
    ],
    [
      8,
      0.8530848026275635
    ],
    [
      9,
      0.8170549869537354
    ],
    [
      10,
      0.7831394076347351
    ],
    [
      11,
      0.7511090040206909
    ],
    [
      12,
      0.7207843661308289
    ],
    [
      13,
      0.6920250058174133
    ],
    [
      14,
      0.6647185683250427
    ],
    [
      15,
      0.6387735605239868
    ],
    [
      16,
      0.614116907119751
    ],
    [
      17,
      0.5906907916069031
    ],
    [
      18,
      0.5684454441070557
    ],
    [
      19,
      0.5473302602767944
    ],
    [
      20,
      0.5272864699363708
    ],
    [
      21,
      0.5082433223724365
    ],
    [
      22,
      0.49012160301208496
    ],
    [
      23,
      0.47283753752708435
    ],
    [
      24,
      0.45630601048469543
    ],
    [
      25,
      0.44044190645217896
    ],
    [
      26,
      0.42515891790390015
    ],
    [
      27,
      0.4103686809539795
    ],
    [
      28,
      0.39598074555397034
    ],
    [
      29,
      0.3819061517715454
    ],
    [
      30,
      0.3680628836154938
    ],
    [
      31,
      0.35438454151153564
    ],
    [
      32,
      0.340827077627182
    ],
    [
      33,
      0.3273742198944092
    ],
    [
      34,
      0.3140385150909424
    ],
    [
      35,
      0.30086058378219604
    ],
    [
      36,
      0.2879068851470947
    ],
    [
      37,
      0.27526596188545227
    ],
    [
      38,
      0.26304370164871216
    ],
    [
      39,
      0.2513567805290222
    ],
    [
      40,
      0.24032585322856903
    ],
    [
      41,
      0.23006771504878998
    ],
    [
      42,
      0.2206883281469345
    ],
    [
      43,
      0.2122759222984314
    ],
    [
      44,
      0.20489561557769775
    ],
    [
      45,
      0.1985856294631958
    ],
    [
      46,
      0.1933548003435135
    ],
    [
      47,
      0.1891828030347824
    ],
    [
      48,
      0.1860211044549942
    ],
    [
      49,
      0.183796226978302
    ],
    [
      50,
      0.18241292238235474
    ],
    [
      51,
      0.18175861239433289
    ],
    [
      52,
      0.1817072629928589
    ],
    [
      53,
      0.18212388455867767
    ],
    [
      54,
      0.18286968767642975
    ],
    [
      55,
      0.18380701541900635
    ],
    [
      56,
      0.18480506539344788
    ],
    [
      57,
      0.18574543297290802
    ],
    [
      58,
      0.18652617931365967
    ],
    [
      59,
      0.18706513941287994
    ],
    [
      60,
      0.187301367521286
    ],
    [
      61,
      0.18719525635242462
    ],
    [
      62,
      0.18672770261764526
    ],
    [
      63,
      0.18589849770069122
    ],
    [
      64,
      0.18472419679164886
    ],
    [
      65,
      0.18323557078838348
    ],
    [
      66,
      0.18147489428520203
    ],
    [
      67,
      0.17949222028255463
    ],
    [
      68,
      0.177342489361763
    ],
    [
      69,
      0.1750813126564026
    ],
    [
      70,
      0.17276205122470856
    ],
    [
      71,
      0.17043258249759674
    ],
    [
      72,
      0.16813385486602783
    ],
    [
      73,
      0.16589879989624023
    ],
    [
      74,
      0.1637529581785202
    ],
    [
      75,
      0.16171546280384064
    ],
    [
      76,
      0.15980064868927002
    ],
    [
      77,
      0.1580190509557724
    ],
    [
      78,
      0.1563781201839447
    ],
    [
      79,
      0.1548823118209839
    ],
    [
      80,
      0.15353190898895264
    ],
    [
      81,
      0.15232257544994354
    ],
    [
      82,
      0.15124404430389404
    ],
    [
      83,
      0.15027984976768494
    ],
    [
      84,
      0.14940723776817322
    ],
    [
      85,
      0.14859835803508759
    ],
    [
      86,
      0.1478215456008911
    ],
    [
      87,
      0.1470436304807663
    ],
    [
      88,
      0.1462322622537613
    ],
    [
      89,
      0.14535824954509735
    ],
    [
      90,
      0.1443977802991867
    ],
    [
      91,
      0.14333409070968628
    ],
    [
      92,
      0.14215843379497528
    ],
    [
      93,
      0.1408703774213791
    ],
    [
      94,
      0.13947723805904388
    ],
    [
      95,
      0.1379927694797516
    ],
    [
      96,
      0.13643524050712585
    ],
    [
      97,
      0.1348254233598709
    ],
    [
      98,
      0.13318422436714172
    ],
    [
      99,
      0.1315307766199112
    ],
    [
      100,
      0.129880890250206
    ],
    [
      101,
      0.12824591994285583
    ],
    [
      102,
      0.1266324371099472
    ],
    [
      103,
      0.1250423789024353
    ],
    [
      104,
      0.12347375601530075
    ],
    [
      105,
      0.12192168831825256
    ],
    [
      106,
      0.12037968635559082
    ],
    [
      107,
      0.11884083598852158
    ],
    [
      108,
      0.11729905009269714
    ],
    [
      109,
      0.1157497763633728
    ],
    [
      110,
      0.1141904667019844
    ],
    [
      111,
      0.11262055486440659
    ],
    [
      112,
      0.11104133725166321
    ],
    [
      113,
      0.10945519804954529
    ],
    [
      114,
      0.10786523669958115
    ],
    [
      115,
      0.10627460479736328
    ],
    [
      116,
      0.10468606650829315
    ],
    [
      117,
      0.10310158133506775
    ],
    [
      118,
      0.10152249038219452
    ],
    [
      119,
      0.09994935989379883
    ],
    [
      120,
      0.09838242828845978
    ],
    [
      121,
      0.09682188183069229
    ],
    [
      122,
      0.09526828676462173
    ],
    [
      123,
      0.09372275322675705
    ],
    [
      124,
      0.09218697249889374
    ],
    [
      125,
      0.0906631350517273
    ],
    [
      126,
      0.08915343135595322
    ],
    [
      127,
      0.08765999972820282
    ],
    [
      128,
      0.08618424087762833
    ],
    [
      129,
      0.08472700417041779
    ],
    [
      130,
      0.0832882821559906
    ],
    [
      131,
      0.08186768740415573
    ],
    [
      132,
      0.08046456426382065
    ],
    [
      133,
      0.07907857745885849
    ],
    [
      134,
      0.07770989090204239
    ],
    [
      135,
      0.07635951787233353
    ],
    [
      136,
      0.07502932846546173
    ],
    [
      137,
      0.07372186332941055
    ],
    [
      138,
      0.07244008779525757
    ],
    [
      139,
      0.071186862885952
    ],
    [
      140,
      0.06996453553438187
    ],
    [
      141,
      0.06877455115318298
    ],
    [
      142,
      0.06761723756790161
    ],
    [
      143,
      0.06649169325828552
    ],
    [
      144,
      0.06539598107337952
    ],
    [
      145,
      0.06432735174894333
    ],
    [
      146,
      0.06328266859054565
    ],
    [
      147,
      0.0622587688267231
    ],
    [
      148,
      0.06125282123684883
    ],
    [
      149,
      0.06026257574558258
    ],
    [
      150,
      0.05928649753332138
    ],
    [
      151,
      0.058323729783296585
    ],
    [
      152,
      0.057374004274606705
    ],
    [
      153,
      0.05643745884299278
    ],
    [
      154,
      0.055514391511678696
    ],
    [
      155,
      0.05460517853498459
    ],
    [
      156,
      0.05371002107858658
    ],
    [
      157,
      0.05282902717590332
    ],
    [
      158,
      0.05196210369467735
    ],
    [
      159,
      0.05110904201865196
    ],
    [
      160,
      0.05026964098215103
    ],
    [
      161,
