{
  "config": {
    "seeds": [
      0,
      1,
      2
    ],
    "n_grid": [
      1000
    ],
    "n_eval": 2000,
    "epochs": 2000,
    "lr": 0.01
  },
  "units": [
    {
      "toy": "v_toy1",
      "n": 1000,
      "seed": 0,
      "wall_time_sec": 67.34239339828491,
      "r_star": 2,
      "rung_selected": "v1",
      "delta_curve": {
        "v0": 0.0,
        "v1": 0.012073529242514092,
        "v2": 0.012948081203768114,
        "v3": 0.01450345868779751
      },
      "se": {
        "v1": 0.003355696240482021,
        "v2": 0.002343745131133732
      },
      "rungs": {
        "v0": {
          "sigma_ratio_error": 0.10995118728994431,
          "nll": 0.3819395209593968,
          "ssr": 0.9371838352610068
        },
        "v1": {
          "sigma_ratio_error": 0.064821454891035,
          "nll": 0.3698659917168827,
          "ssr": 0.9468844482837329
        },
        "v2": {
          "sigma_ratio_error": 0.04535892351524929,
          "nll": 0.3689914397556287,
          "ssr": 0.941682239667559
        },
        "v3": {
          "sigma_ratio_error": 0.0676876805645328,
          "nll": 0.3674360622715993,
          "ssr": 0.9619045000817903
        }
      }
    },
    {
      "toy": "v_toy1",
      "n": 1000,
      "seed": 1,
      "wall_time_sec": 42.5187451839447,
      "r_star": 0,
      "rung_selected": "v0 (ABSTAIN -- no significant growth beyond v0 confirmed)",
      "delta_curve": {
        "v0": 0.0,
        "v1": 0.003799433103834793,
        "v2": 0.007928905209993231,
        "v3": 0.0042140287137207855
      },
      "se": {
        "v1": 0.003883567392259344
      },
      "rungs": {
        "v0": {
          "sigma_ratio_error": 0.11251185020014015,
          "nll": 0.3485594113824746,
          "ssr": 0.8654919805877173
        },
        "v1": {
          "sigma_ratio_error": 0.07187482572868216,
          "nll": 0.3447599782786398,
          "ssr": 0.894187339900444
        },
        "v2": {
          "sigma_ratio_error": 0.048169376229954916,
          "nll": 0.34063050617248136,
          "ssr": 0.8816626675661907
        },
        "v3": {
          "sigma_ratio_error": 0.07191023103007887,
          "nll": 0.3443453826687538,
          "ssr": 0.9071446876333205
        }
      }
    },
    {
      "toy": "v_toy1",
      "n": 1000,
      "seed": 2,
      "wall_time_sec": 58.11465764045715,
      "r_star": 2,
      "rung_selected": "v1",
      "delta_curve": {
        "v0": 0.0,
        "v1": 0.013803425241779743,
        "v2": 0.017976623871499453,
        "v3": 0.01794863821782161
      },
      "se": {
        "v1": 0.003931372919459618,
        "v2": 0.0022089614894225226
      },
      "rungs": {
        "v0": {
          "sigma_ratio_error": 0.10935122743967747,
          "nll": 0.3797934034369359,
          "ssr": 1.0231612145547886
        },
        "v1": {
          "sigma_ratio_error": 0.03877985779142985,
          "nll": 0.36598997819515616,
          "ssr": 1.0205117790548819
        },
        "v2": {
          "sigma_ratio_error": 0.042395910451169076,
          "nll": 0.36181677956543645,
          "ssr": 1.0236583785290416
        },
        "v3": {
          "sigma_ratio_error": 0.039257583055180685,
          "nll": 0.3618447652191143,
          "ssr": 1.0233005249801164
        }
      }
    },
    {
      "toy": "v_toy1h",
      "n": 1000,
      "seed": 0,
      "wall_time_sec": 61.35336756706238,
      "r_star": 0,
      "rung_selected": "v0 (ABSTAIN -- no significant growth beyond v0 confirmed)",
      "delta_curve": {
        "v0": 0.0,
        "v1": 7.685260700837637e-05,
        "v2": -0.000661218090418414,
        "v3": -0.0008955999027248362
      },
      "se": {
        "v1": 0.0013423089751894294
      },
      "rungs": {
        "v0": {
          "sigma_ratio_error": 0.03272128111076201,
          "nll": 0.21953171393892074,
          "ssr": 0.944737292647438
        },
        "v1": {
          "sigma_ratio_error": 0.04326453492612553,
          "nll": 0.21945486133191236,
          "ssr": 0.9440285790555346
        },
        "v2": {
          "sigma_ratio_error": 0.03408255527668834,
          "nll": 0.22019293202933915,
          "ssr": 0.9438200006522627
        },
        "v3": {
          "sigma_ratio_error": 0.050661836010858316,
          "nll": 0.22042731384164557,
          "ssr": 0.9496459582237138
        }
      }
    },
    {
      "toy": "v_toy1h",
      "n": 1000,
      "seed": 1,
      "wall_time_sec": 44.42929768562317,
      "r_star": 0,
      "rung_selected": "v0 (ABSTAIN -- no significant growth beyond v0 confirmed)",
      "delta_curve": {
        "v0": 0.0,
        "v1": -0.005294309205583492,
        "v2": -0.00048372744610541973,
        "v3": -0.0059398725136892705
      },
      "se": {
        "v1": 0.0016007704715298393
      },
      "rungs": {
        "v0": {
          "sigma_ratio_error": 0.03739970832831419,
          "nll": 0.20373993150539776,
          "ssr": 0.9041138016959461
        },
        "v1": {
          "sigma_ratio_error": 0.05397815409325871,
          "nll": 0.20903424071098126,
          "ssr": 0.9178394350557474
        },
        "v2": {
          "sigma_ratio_error": 0.03706759150948713,
          "nll": 0.20422365895150318,
          "ssr": 0.9058608193685694
        },
        "v3": {
          "sigma_ratio_error": 0.07209482845606482,
          "nll": 0.20967980401908703,
          "ssr": 0.9204858124933155
        }
      }
    },
    {
      "toy": "v_toy1h",
      "n": 1000,
      "seed": 2,
      "wall_time_sec": 50.69481945037842,
      "r_star": 0,
      "rung_selected": "v0 (ABSTAIN -- no significant growth beyond v0 confirmed)",
      "delta_curve": {
        "v0": 0.0,
        "v1": 0.00013161737756889336,
        "v2": 0.0005429128358174218,
        "v3": -0.0024097979883908327
      },
      "se": {
        "v1": 0.0004873955699420997
      },
      "rungs": {
        "v0": {
          "sigma_ratio_error": 0.01012307814266955,
          "nll": 0.21454764640459323,
          "ssr": 1.0195131649282607
        },
        "v1": {
          "sigma_ratio_error": 0.011979180031016378,
          "nll": 0.21441602902702434,
          "ssr": 1.0190149438004807
        },
        "v2": {
          "sigma_ratio_error": 0.016616373263460993,
          "nll": 0.2140047335687758,
          "ssr": 1.019327781892757
        },
        "v3": {
          "sigma_ratio_error": 0.045679956056590636,
          "nll": 0.21695744439298406,
          "ssr": 1.0256533446420573
        }
      }
    }
  ],
  "summary_checks": {
    "v_toy1": {
      "rung_selected_per_seed": [
        "v1",
        "v0 (ABSTAIN -- no significant growth beyond v0 confirmed)",
        "v1"
      ],
      "r_star_per_seed": [
        2,
        0,
        2
      ]
    },
    "v_toy1h": {
      "rung_selected_per_seed": [
        "v0 (ABSTAIN -- no significant growth beyond v0 confirmed)",
        "v0 (ABSTAIN -- no significant growth beyond v0 confirmed)",
        "v0 (ABSTAIN -- no significant growth beyond v0 confirmed)"
      ],
      "r_star_per_seed": [
        0,
        0,
        0
      ]
    },
    "v_toy1h_knee_is_v0": true,
    "v_toy1_knee_matches_v2_prereg": false
  },
  "total_wall_time_sec": 324.47214007377625
}