{
  "config": {
    "seeds": [
      0,
      1,
      2
    ],
    "n_grid": [
      4000
    ],
    "n_eval": 2000,
    "epochs": 2000,
    "lr": 0.01
  },
  "units": [
    {
      "toy": "v_toy1",
      "n": 4000,
      "seed": 0,
      "wall_time_sec": 74.89682149887085,
      "r_star": 2,
      "rung_selected": "v1",
      "delta_curve": {
        "v0": 0.0,
        "v1": 0.013465654795358772,
        "v2": 0.014134186772177981,
        "v3": 0.01809187607471463
      },
      "se": {
        "v1": 0.002782355175933303,
        "v2": 0.0014784089934926094
      },
      "rungs": {
        "v0": {
          "sigma_ratio_error": 0.10896844454233193,
          "nll": 0.3794665422107802,
          "ssr": 1.0048626935811413
        },
        "v1": {
          "sigma_ratio_error": 0.04118036338934647,
          "nll": 0.3660008874154214,
          "ssr": 0.9966667126699605
        },
        "v2": {
          "sigma_ratio_error": 0.03886467100088836,
          "nll": 0.3653323554386022,
          "ssr": 0.9982351306300448
        },
        "v3": {
          "sigma_ratio_error": 0.010490329546136387,
          "nll": 0.36137466613606556,
          "ssr": 0.9915817263596881
        }
      }
    },
    {
      "toy": "v_toy1",
      "n": 4000,
      "seed": 1,
      "wall_time_sec": 67.72054719924927,
      "r_star": 2,
      "rung_selected": "v1",
      "delta_curve": {
        "v0": 0.0,
        "v1": 0.006909594736528635,
        "v2": 0.0068615125494096985,
        "v3": 0.008132588948227548
      },
      "se": {
        "v1": 0.0031431488685492413,
        "v2": 0.0015372801005555303
      },
      "rungs": {
        "v0": {
          "sigma_ratio_error": 0.11025817926045861,
          "nll": 0.34322785909042475,
          "ssr": 0.9315512422407799
        },
        "v1": {
          "sigma_ratio_error": 0.039288404062391064,
          "nll": 0.3363182643538961,
          "ssr": 0.9411989949294836
        },
        "v2": {
          "sigma_ratio_error": 0.0408985821315997,
          "nll": 0.33636634654101505,
          "ssr": 0.9483305824698802
        },
        "v3": {
          "sigma_ratio_error": 0.02217426660321674,
          "nll": 0.3350952701421972,
          "ssr": 0.9585879076070818
        }
      }
    },
    {
      "toy": "v_toy1",
      "n": 4000,
      "seed": 2,
      "wall_time_sec": 81.31878805160522,
      "r_star": 2,
      "rung_selected": "v1",
      "delta_curve": {
        "v0": 0.0,
        "v1": 0.01589103766505423,
        "v2": 0.018472077039112078,
        "v3": 0.020831796142628534
      },
      "se": {
        "v1": 0.003502897686730799,
        "v2": 0.002026909427150525
      },
      "rungs": {
        "v0": {
          "sigma_ratio_error": 0.10935517426997592,
          "nll": 0.37818342914071607,
          "ssr": 1.0200293188618774
        },
        "v1": {
          "sigma_ratio_error": 0.04040352482032468,
          "nll": 0.36229239147566183,
          "ssr": 1.0130610017656887
        },
        "v2": {
          "sigma_ratio_error": 0.03906417215440799,
          "nll": 0.359711352101604,
          "ssr": 1.0092867666557668
        },
        "v3": {
          "sigma_ratio_error": 0.014985363417663905,
          "nll": 0.35735163299808753,
          "ssr": 1.0076569769339179
        }
      }
    },
    {
      "toy": "v_toy1h",
      "n": 4000,
      "seed": 0,
      "wall_time_sec": 57.62338614463806,
      "r_star": 0,
      "rung_selected": "v0 (ABSTAIN -- no significant growth beyond v0 confirmed)",
      "delta_curve": {
        "v0": 0.0,
        "v1": -0.0006639482885306969,
        "v2": -0.00046407497380202,
        "v3": -0.0012281205674330997
      },
      "se": {
        "v1": 0.0005106950089260085
      },
      "rungs": {
        "v0": {
          "sigma_ratio_error": 0.0083046437896801,
          "nll": 0.21789772071170557,
          "ssr": 0.9893232837260778
        },
        "v1": {
          "sigma_ratio_error": 0.01491517805749549,
          "nll": 0.21856166900023627,
          "ssr": 0.990958700557547
        },
        "v2": {
          "sigma_ratio_error": 0.012637536201294118,
          "nll": 0.2183617956855076,
          "ssr": 0.9905019117672044
        },
        "v3": {
          "sigma_ratio_error": 0.010045609998011898,
          "nll": 0.21912584127913867,
          "ssr": 0.9925651850728823
        }
      }
    },
    {
      "toy": "v_toy1h",
      "n": 4000,
      "seed": 1,
      "wall_time_sec": 88.5986680984497,
      "r_star": 0,
      "rung_selected": "v0 (ABSTAIN -- no significant growth beyond v0 confirmed)",
      "delta_curve": {
        "v0": 0.0,
        "v1": -0.0001353710620586035,
        "v2": -0.0006100777634580612,
        "v3": -0.0018012340739731736
      },
      "se": {
        "v1": 0.00010075777205061433
      },
      "rungs": {
        "v0": {
          "sigma_ratio_error": 0.0007580660442105813,
          "nll": 0.1911780528086106,
          "ssr": 0.9539413549028843
        },
        "v1": {
          "sigma_ratio_error": 0.0031110640462141915,
          "nll": 0.1913134238706692,
          "ssr": 0.9541585464829321
        },
        "v2": {
          "sigma_ratio_error": 0.008251506560461088,
          "nll": 0.19178813057206867,
          "ssr": 0.9553976914341252
        },
        "v3": {
          "sigma_ratio_error": 0.020155222546528795,
          "nll": 0.19297928688258378,
          "ssr": 0.9616762500115763
        }
      }
    },
    {
      "toy": "v_toy1h",
      "n": 4000,
      "seed": 2,
      "wall_time_sec": 94.95209074020386,
      "r_star": 0,
      "rung_selected": "v0 (ABSTAIN -- no significant growth beyond v0 confirmed)",
      "delta_curve": {
        "v0": 0.0,
        "v1": 0.0001398607385935391,
        "v2": 6.86224994763951e-05,
        "v3": 7.127098223583261e-05
      },
      "se": {
        "v1": 0.0003959418350081311
      },
      "rungs": {
        "v0": {
          "sigma_ratio_error": 0.006902732480856266,
          "nll": 0.2123048676477843,
          "ssr": 1.0085316106232574
        },
        "v1": {
          "sigma_ratio_error": 0.012224503817349318,
          "nll": 0.21216500690919077,
          "ssr": 1.0079272870362521
        },
        "v2": {
          "sigma_ratio_error": 0.0069038012740296854,
          "nll": 0.2122362451483079,
          "ssr": 1.0083983290891825
        },
        "v3": {
          "sigma_ratio_error": 0.017871708857806347,
          "nll": 0.21223359666554847,
          "ssr": 1.0091071384449983
        }
      }
    }
  ],
  "summary_checks": {
    "v_toy1": {
      "rung_selected_per_seed": [
        "v1",
        "v1",
        "v1"
      ],
      "r_star_per_seed": [
        2,
        2,
        2
      ]
    },
    "v_toy1h": {
      "rung_selected_per_seed": [
        "v0 (ABSTAIN -- no significant growth beyond v0 confirmed)",
        "v0 (ABSTAIN -- no significant growth beyond v0 confirmed)",
        "v0 (ABSTAIN -- no significant growth beyond v0 confirmed)"
      ],
      "r_star_per_seed": [
        0,
        0,
        0
      ]
    },
    "v_toy1h_knee_is_v0": true,
    "v_toy1_knee_matches_v2_prereg": false
  },
  "total_wall_time_sec": 465.1350998878479
}