{
  "toy": "exponential",
  "group": "standard",
  "model": "xgboost",
  "seed": 1,
  "n_samples": 800,
  "k_for_toy": null,
  "status": "ok",
  "seconds": 0.09278060801443644,
  "training_cap": 300,
  "iterations_used": 123,
  "hit_cap": false,
  "convergence_ok": true,
  "mse": 0.28224799036979675,
  "nll": 0.9234974384307861,
  "pit_ece": 0.04924242424242421,
  "picp@90": 0.7666666666666667,
  "mpiw@90": 1.2651005113783502,
  "crps": 0.29890128416818046,
  "winkler@90": 2.537291413336013,
  "reliability_curve": {
    "target": [
      0.0,
      0.05,
      0.1,
      0.15000000000000002,
      0.2,
      0.25,
      0.30000000000000004,
      0.35000000000000003,
      0.4,
      0.45,
      0.5,
      0.55,
      0.6000000000000001,
      0.65,
      0.7000000000000001,
      0.75,
      0.8,
      0.8500000000000001,
      0.9,
      0.9500000000000001,
      1.0
    ],
    "empirical": [
      0.0,
      0.1,
      0.15416666666666667,
      0.1875,
      0.22083333333333333,
      0.29583333333333334,
      0.3125,
      0.3333333333333333,
      0.35833333333333334,
      0.3958333333333333,
      0.44583333333333336,
      0.4875,
      0.55,
      0.6041666666666666,
      0.65,
      0.7083333333333334,
      0.7458333333333333,
      0.7833333333333333,
      0.8041666666666667,
      0.8666666666666667,
      1.0
    ]
  }
}