{
  "toy": "exponential",
  "group": "standard",
  "model": "probreg_dynamic_k",
  "seed": 2,
  "n_samples": 800,
  "k_for_toy": null,
  "status": "ok",
  "seconds": 44.30888150801184,
  "training_cap": 100,
  "iterations_used": 33,
  "hit_cap": false,
  "convergence_ok": true,
  "mse": 0.30058422684669495,
  "nll": 0.8236825466156006,
  "pit_ece": 0.03041666666666663,
  "picp@90": 0.8875,
  "mpiw@90": 1.740292182189203,
  "crps": 0.3080805802675202,
  "winkler@90": 2.297042567076902,
  "reliability_curve": {
    "target": [
      0.0,
      0.05,
      0.1,
      0.15000000000000002,
      0.2,
      0.25,
      0.30000000000000004,
      0.35000000000000003,
      0.4,
      0.45,
      0.5,
      0.55,
      0.6000000000000001,
      0.65,
      0.7000000000000001,
      0.75,
      0.8,
      0.8500000000000001,
      0.9,
      0.9500000000000001,
      1.0
    ],
    "empirical": [
      0.0,
      0.04583333333333333,
      0.075,
      0.12083333333333333,
      0.175,
      0.22083333333333333,
      0.2708333333333333,
      0.32083333333333336,
      0.3875,
      0.45,
      0.4666666666666667,
      0.5208333333333334,
      0.5666666666666667,
      0.5916666666666667,
      0.6375,
      0.7,
      0.7666666666666667,
      0.8208333333333333,
      0.8625,
      0.9333333333333333,
      1.0
    ]
  }
}