{
  "toy": "exponential",
  "group": "standard",
  "model": "probreg_dynamic_k",
  "seed": 4,
  "n_samples": 800,
  "k_for_toy": null,
  "status": "ok",
  "seconds": 51.07240621701931,
  "training_cap": 100,
  "iterations_used": 43,
  "hit_cap": false,
  "convergence_ok": true,
  "mse": 0.24446417391300201,
  "nll": 0.7401869297027588,
  "pit_ece": 0.08791666666666671,
  "picp@90": 0.9166666666666666,
  "mpiw@90": 1.8037610844864636,
  "crps": 0.28239392682497844,
  "winkler@90": 2.1187228558740703,
  "reliability_curve": {
    "target": [
      0.0,
      0.05,
      0.1,
      0.15000000000000002,
      0.2,
      0.25,
      0.30000000000000004,
      0.35000000000000003,
      0.4,
      0.45,
      0.5,
      0.55,
      0.6000000000000001,
      0.65,
      0.7000000000000001,
      0.75,
      0.8,
      0.8500000000000001,
      0.9,
      0.9500000000000001,
      1.0
    ],
    "empirical": [
      0.0,
      0.07083333333333333,
      0.10833333333333334,
      0.19166666666666668,
      0.25833333333333336,
      0.3125,
      0.38333333333333336,
      0.44583333333333336,
      0.5083333333333333,
      0.5708333333333333,
      0.6375,
      0.6916666666666667,
      0.7416666666666667,
      0.775,
      0.8083333333333333,
      0.85,
      0.8833333333333333,
      0.9208333333333333,
      0.9583333333333334,
      0.9875,
      1.0
    ]
  }
}