{
  "toy": "exponential",
  "group": "standard",
  "model": "probreg_dynamic_k",
  "seed": 3,
  "n_samples": 800,
  "k_for_toy": null,
  "status": "ok",
  "seconds": 37.60073773300974,
  "training_cap": 100,
  "iterations_used": 28,
  "hit_cap": false,
  "convergence_ok": true,
  "mse": 0.24520175158977509,
  "nll": 0.705609917640686,
  "pit_ece": 0.036931818181818156,
  "picp@90": 0.9166666666666666,
  "mpiw@90": 1.6904133542467001,
  "crps": 0.2785012851222804,
  "winkler@90": 2.012489013485508,
  "reliability_curve": {
    "target": [
      0.0,
      0.05,
      0.1,
      0.15000000000000002,
      0.2,
      0.25,
      0.30000000000000004,
      0.35000000000000003,
      0.4,
      0.45,
      0.5,
      0.55,
      0.6000000000000001,
      0.65,
      0.7000000000000001,
      0.75,
      0.8,
      0.8500000000000001,
      0.9,
      0.9500000000000001,
      1.0
    ],
    "empirical": [
      0.0,
      0.041666666666666664,
      0.07083333333333333,
      0.13333333333333333,
      0.19166666666666668,
      0.21666666666666667,
      0.25416666666666665,
      0.3125,
      0.35,
      0.4,
      0.4375,
      0.49166666666666664,
      0.5458333333333333,
      0.575,
      0.6458333333333334,
      0.7125,
      0.8,
      0.85,
      0.9083333333333333,
      0.9583333333333334,
      1.0
    ]
  }
}