{
  "toy": "exponential",
  "group": "standard",
  "model": "probreg_fixed_k",
  "seed": 1,
  "n_samples": 800,
  "k_for_toy": 12,
  "status": "ok",
  "seconds": 16.004938877013046,
  "training_cap": 100,
  "iterations_used": 71,
  "hit_cap": false,
  "convergence_ok": true,
  "mse": 3.244741678237915,
  "nll": 1.025001883506775,
  "pit_ece": 0.030795454545454525,
  "picp@90": 0.95,
  "mpiw@90": 3.3615825058427204,
  "crps": 0.576332913644882,
  "winkler@90": 3.7509449496246745,
  "reliability_curve": {
    "target": [
      0.0,
      0.05,
      0.1,
      0.15000000000000002,
      0.2,
      0.25,
      0.30000000000000004,
      0.35000000000000003,
      0.4,
      0.45,
      0.5,
      0.55,
      0.6000000000000001,
      0.65,
      0.7000000000000001,
      0.75,
      0.8,
      0.8500000000000001,
      0.9,
      0.9500000000000001,
      1.0
    ],
    "empirical": [
      0.0,
      0.03333333333333333,
      0.10416666666666667,
      0.15,
      0.17916666666666667,
      0.2375,
      0.2791666666666667,
      0.32083333333333336,
      0.3541666666666667,
      0.4083333333333333,
      0.4583333333333333,
      0.49583333333333335,
      0.5291666666666667,
      0.5666666666666667,
      0.6416666666666667,
      0.725,
      0.775,
      0.8666666666666667,
      0.925,
      0.9833333333333333,
      1.0
    ]
  }
}