{
  "toy": "exponential",
  "group": "standard",
  "model": "catboost",
  "seed": 4,
  "n_samples": 800,
  "k_for_toy": null,
  "status": "ok",
  "seconds": 0.1723629639891442,
  "training_cap": 300,
  "iterations_used": 144,
  "hit_cap": false,
  "convergence_ok": true,
  "mse": 0.23936993830158054,
  "nll": 0.7162023316240688,
  "pit_ece": 0.011287878787878751,
  "picp@90": 0.8833333333333333,
  "mpiw@90": 1.5854773506507986,
  "crps": 0.27653168101623654,
  "winkler@90": 2.0783354028496004,
  "reliability_curve": {
    "target": [
      0.0,
      0.05,
      0.1,
      0.15000000000000002,
      0.2,
      0.25,
      0.30000000000000004,
      0.35000000000000003,
      0.4,
      0.45,
      0.5,
      0.55,
      0.6000000000000001,
      0.65,
      0.7000000000000001,
      0.75,
      0.8,
      0.8500000000000001,
      0.9,
      0.9500000000000001,
      1.0
    ],
    "empirical": [
      0.0,
      0.0625,
      0.10833333333333334,
      0.14583333333333334,
      0.19583333333333333,
      0.225,
      0.2875,
      0.3375,
      0.37916666666666665,
      0.4375,
      0.475,
      0.5541666666666667,
      0.5791666666666667,
      0.6375,
      0.6916666666666667,
      0.7375,
      0.7875,
      0.8416666666666667,
      0.9,
      0.9458333333333333,
      1.0
    ]
  }
}