{
  "toy": "exponential",
  "group": "standard",
  "model": "probreg_fixed_k",
  "seed": 4,
  "n_samples": 800,
  "k_for_toy": 12,
  "status": "ok",
  "seconds": 19.38585209599114,
  "training_cap": 100,
  "iterations_used": 85,
  "hit_cap": false,
  "convergence_ok": true,
  "mse": 0.8267701268196106,
  "nll": 0.9752753973007202,
  "pit_ece": 0.03446969696969699,
  "picp@90": 0.8958333333333334,
  "mpiw@90": 2.7688709392913626,
  "crps": 0.42188508732054875,
  "winkler@90": 3.215858172606723,
  "reliability_curve": {
    "target": [
      0.0,
      0.05,
      0.1,
      0.15000000000000002,
      0.2,
      0.25,
      0.30000000000000004,
      0.35000000000000003,
      0.4,
      0.45,
      0.5,
      0.55,
      0.6000000000000001,
      0.65,
      0.7000000000000001,
      0.75,
      0.8,
      0.8500000000000001,
      0.9,
      0.9500000000000001,
      1.0
    ],
    "empirical": [
      0.0,
      0.075,
      0.1125,
      0.17916666666666667,
      0.22916666666666666,
      0.275,
      0.3333333333333333,
      0.38333333333333336,
      0.4625,
      0.5041666666666667,
      0.5666666666666667,
      0.6166666666666667,
      0.6625,
      0.6958333333333333,
      0.7416666666666667,
      0.7666666666666667,
      0.8041666666666667,
      0.8583333333333333,
      0.9208333333333333,
      0.9708333333333333,
      1.0
    ]
  }
}