{
  "toy": "exponential",
  "group": "standard",
  "model": "nn_constant",
  "seed": 0,
  "n_samples": 800,
  "k_for_toy": null,
  "status": "ok",
  "seconds": 1.7985224880103488,
  "training_cap": 100,
  "iterations_used": 49,
  "hit_cap": false,
  "convergence_ok": true,
  "mse": 0.2576308846473694,
  "nll": 0.7414008378982544,
  "pit_ece": 0.04140151515151512,
  "picp@90": 0.8958333333333334,
  "mpiw@90": 1.6304830835861326,
  "crps": 0.2895370373563092,
  "winkler@90": 2.0248862886735037,
  "reliability_curve": {
    "target": [
      0.0,
      0.05,
      0.1,
      0.15000000000000002,
      0.2,
      0.25,
      0.30000000000000004,
      0.35000000000000003,
      0.4,
      0.45,
      0.5,
      0.55,
      0.6000000000000001,
      0.65,
      0.7000000000000001,
      0.75,
      0.8,
      0.8500000000000001,
      0.9,
      0.9500000000000001,
      1.0
    ],
    "empirical": [
      0.0,
      0.0375,
      0.1,
      0.14166666666666666,
      0.20833333333333334,
      0.22916666666666666,
      0.26666666666666666,
      0.31666666666666665,
      0.35,
      0.3875,
      0.45,
      0.49583333333333335,
      0.5333333333333333,
      0.5708333333333333,
      0.6458333333333334,
      0.6958333333333333,
      0.7375,
      0.8083333333333333,
      0.8791666666666667,
      0.9333333333333333,
      1.0
    ]
  }
}