{
  "toy": "exponential",
  "group": "standard",
  "model": "catboost",
  "seed": 1,
  "n_samples": 800,
  "k_for_toy": null,
  "status": "ok",
  "seconds": 0.18207317200722173,
  "training_cap": 300,
  "iterations_used": 151,
  "hit_cap": false,
  "convergence_ok": true,
  "mse": 0.23126095019799114,
  "nll": 0.6842785833224402,
  "pit_ece": 0.015681818181818186,
  "picp@90": 0.9125,
  "mpiw@90": 1.6076740643923395,
  "crps": 0.26863606144858304,
  "winkler@90": 2.0672648502443445,
  "reliability_curve": {
    "target": [
      0.0,
      0.05,
      0.1,
      0.15000000000000002,
      0.2,
      0.25,
      0.30000000000000004,
      0.35000000000000003,
      0.4,
      0.45,
      0.5,
      0.55,
      0.6000000000000001,
      0.65,
      0.7000000000000001,
      0.75,
      0.8,
      0.8500000000000001,
      0.9,
      0.9500000000000001,
      1.0
    ],
    "empirical": [
      0.0,
      0.04583333333333333,
      0.0875,
      0.14166666666666666,
      0.19166666666666668,
      0.24583333333333332,
      0.2875,
      0.3333333333333333,
      0.375,
      0.425,
      0.49166666666666664,
      0.5583333333333333,
      0.6083333333333333,
      0.6458333333333334,
      0.6708333333333333,
      0.7208333333333333,
      0.8083333333333333,
      0.875,
      0.9333333333333333,
      0.9583333333333334,
      1.0
    ]
  }
}