{
  "toy": "exponential",
  "group": "standard",
  "model": "catboost",
  "seed": 3,
  "n_samples": 800,
  "k_for_toy": null,
  "status": "ok",
  "seconds": 0.1648258839850314,
  "training_cap": 300,
  "iterations_used": 130,
  "hit_cap": false,
  "convergence_ok": true,
  "mse": 0.267343206178851,
  "nll": 0.752367489657536,
  "pit_ece": 0.021856060606060584,
  "picp@90": 0.8916666666666667,
  "mpiw@90": 1.6769430638123026,
  "crps": 0.2926320028979347,
  "winkler@90": 2.0923057051904954,
  "reliability_curve": {
    "target": [
      0.0,
      0.05,
      0.1,
      0.15000000000000002,
      0.2,
      0.25,
      0.30000000000000004,
      0.35000000000000003,
      0.4,
      0.45,
      0.5,
      0.55,
      0.6000000000000001,
      0.65,
      0.7000000000000001,
      0.75,
      0.8,
      0.8500000000000001,
      0.9,
      0.9500000000000001,
      1.0
    ],
    "empirical": [
      0.0,
      0.05416666666666667,
      0.09583333333333334,
      0.16666666666666666,
      0.225,
      0.25,
      0.3,
      0.3333333333333333,
      0.37083333333333335,
      0.4125,
      0.4666666666666667,
      0.5041666666666667,
      0.5541666666666667,
      0.6041666666666666,
      0.6333333333333333,
      0.725,
      0.7833333333333333,
      0.8666666666666667,
      0.9,
      0.9458333333333333,
      1.0
    ]
  }
}