{
  "toy": "exponential",
  "group": "standard",
  "model": "catboost",
  "seed": 0,
  "n_samples": 800,
  "k_for_toy": null,
  "status": "ok",
  "seconds": 0.17806049800128676,
  "training_cap": 300,
  "iterations_used": 150,
  "hit_cap": false,
  "convergence_ok": true,
  "mse": 0.2616392532275163,
  "nll": 0.7709442504570845,
  "pit_ece": 0.04333333333333336,
  "picp@90": 0.8458333333333333,
  "mpiw@90": 1.5090694985804056,
  "crps": 0.2917959715419057,
  "winkler@90": 2.193970212844229,
  "reliability_curve": {
    "target": [
      0.0,
      0.05,
      0.1,
      0.15000000000000002,
      0.2,
      0.25,
      0.30000000000000004,
      0.35000000000000003,
      0.4,
      0.45,
      0.5,
      0.55,
      0.6000000000000001,
      0.65,
      0.7000000000000001,
      0.75,
      0.8,
      0.8500000000000001,
      0.9,
      0.9500000000000001,
      1.0
    ],
    "empirical": [
      0.0,
      0.09166666666666666,
      0.16666666666666666,
      0.2,
      0.2791666666666667,
      0.32916666666666666,
      0.375,
      0.4125,
      0.45,
      0.5041666666666667,
      0.5291666666666667,
      0.575,
      0.6083333333333333,
      0.6791666666666667,
      0.725,
      0.7666666666666667,
      0.8125,
      0.8708333333333333,
      0.9083333333333333,
      0.9375,
      1.0
    ]
  }
}