{
  "toy": "exponential",
  "group": "standard",
  "model": "probreg_dynamic_k",
  "seed": 0,
  "n_samples": 800,
  "k_for_toy": null,
  "status": "ok",
  "seconds": 129.23835201800102,
  "training_cap": 100,
  "iterations_used": 92,
  "hit_cap": false,
  "convergence_ok": true,
  "mse": 0.2392476499080658,
  "nll": 0.7449771165847778,
  "pit_ece": 0.02534090909090912,
  "picp@90": 0.8875,
  "mpiw@90": 1.6351455108581188,
  "crps": 0.2805940900527075,
  "winkler@90": 2.142457969387735,
  "reliability_curve": {
    "target": [
      0.0,
      0.05,
      0.1,
      0.15000000000000002,
      0.2,
      0.25,
      0.30000000000000004,
      0.35000000000000003,
      0.4,
      0.45,
      0.5,
      0.55,
      0.6000000000000001,
      0.65,
      0.7000000000000001,
      0.75,
      0.8,
      0.8500000000000001,
      0.9,
      0.9500000000000001,
      1.0
    ],
    "empirical": [
      0.0,
      0.06666666666666667,
      0.125,
      0.19583333333333333,
      0.23333333333333334,
      0.2833333333333333,
      0.325,
      0.375,
      0.4125,
      0.45416666666666666,
      0.5,
      0.5375,
      0.5958333333333333,
      0.6708333333333333,
      0.7375,
      0.7833333333333333,
      0.8375,
      0.8708333333333333,
      0.9291666666666667,
      0.9541666666666667,
      1.0
    ]
  }
}