{
  "toy": "exponential",
  "group": "standard",
  "model": "lightgbm",
  "seed": 4,
  "n_samples": 800,
  "k_for_toy": null,
  "status": "ok",
  "seconds": 0.16348680801456794,
  "training_cap": 300,
  "iterations_used": 150,
  "hit_cap": false,
  "convergence_ok": true,
  "mse": 0.2778405973865154,
  "nll": 0.7900604138741701,
  "pit_ece": 0.01742424242424239,
  "picp@90": 0.825,
  "mpiw@90": 1.5510921753890832,
  "crps": 0.2972575754835894,
  "winkler@90": 2.250981667624613,
  "reliability_curve": {
    "target": [
      0.0,
      0.05,
      0.1,
      0.15000000000000002,
      0.2,
      0.25,
      0.30000000000000004,
      0.35000000000000003,
      0.4,
      0.45,
      0.5,
      0.55,
      0.6000000000000001,
      0.65,
      0.7000000000000001,
      0.75,
      0.8,
      0.8500000000000001,
      0.9,
      0.9500000000000001,
      1.0
    ],
    "empirical": [
      0.0,
      0.07916666666666666,
      0.1125,
      0.15416666666666667,
      0.20833333333333334,
      0.26666666666666666,
      0.3125,
      0.36666666666666664,
      0.39166666666666666,
      0.43333333333333335,
      0.4875,
      0.55,
      0.6,
      0.6375,
      0.6875,
      0.7375,
      0.7625,
      0.8083333333333333,
      0.875,
      0.9041666666666667,
      1.0
    ]
  }
}