{
  "toy": "exponential",
  "group": "standard",
  "model": "catboost",
  "seed": 2,
  "n_samples": 800,
  "k_for_toy": null,
  "status": "ok",
  "seconds": 0.15035177097888663,
  "training_cap": 300,
  "iterations_used": 122,
  "hit_cap": false,
  "convergence_ok": true,
  "mse": 0.26289746770629036,
  "nll": 0.7684785942476711,
  "pit_ece": 0.032916666666666636,
  "picp@90": 0.8958333333333334,
  "mpiw@90": 1.5931666203022192,
  "crps": 0.2876125202201622,
  "winkler@90": 2.203986547488189,
  "reliability_curve": {
    "target": [
      0.0,
      0.05,
      0.1,
      0.15000000000000002,
      0.2,
      0.25,
      0.30000000000000004,
      0.35000000000000003,
      0.4,
      0.45,
      0.5,
      0.55,
      0.6000000000000001,
      0.65,
      0.7000000000000001,
      0.75,
      0.8,
      0.8500000000000001,
      0.9,
      0.9500000000000001,
      1.0
    ],
    "empirical": [
      0.0,
      0.041666666666666664,
      0.08333333333333333,
      0.12916666666666668,
      0.17083333333333334,
      0.21666666666666667,
      0.2833333333333333,
      0.3333333333333333,
      0.37083333333333335,
      0.43333333333333335,
      0.48333333333333334,
      0.5041666666666667,
      0.5375,
      0.5708333333333333,
      0.6541666666666667,
      0.7208333333333333,
      0.7666666666666667,
      0.8125,
      0.8791666666666667,
      0.9375,
      1.0
    ]
  }
}