{
  "toy": "exponential",
  "group": "standard",
  "model": "probreg_fixed_k",
  "seed": 3,
  "n_samples": 800,
  "k_for_toy": 12,
  "status": "ok",
  "seconds": 14.44133594201412,
  "training_cap": 100,
  "iterations_used": 70,
  "hit_cap": false,
  "convergence_ok": true,
  "mse": 0.7243413329124451,
  "nll": 0.9406823515892029,
  "pit_ece": 0.06943181818181815,
  "picp@90": 0.9375,
  "mpiw@90": 2.420826159217834,
  "crps": 0.39564359033321483,
  "winkler@90": 2.6095105052278202,
  "reliability_curve": {
    "target": [
      0.0,
      0.05,
      0.1,
      0.15000000000000002,
      0.2,
      0.25,
      0.30000000000000004,
      0.35000000000000003,
      0.4,
      0.45,
      0.5,
      0.55,
      0.6000000000000001,
      0.65,
      0.7000000000000001,
      0.75,
      0.8,
      0.8500000000000001,
      0.9,
      0.9500000000000001,
      1.0
    ],
    "empirical": [
      0.0,
      0.016666666666666666,
      0.04583333333333333,
      0.1,
      0.14583333333333334,
      0.17916666666666667,
      0.21666666666666667,
      0.2625,
      0.30833333333333335,
      0.35833333333333334,
      0.4166666666666667,
      0.4625,
      0.475,
      0.5291666666666667,
      0.5916666666666667,
      0.6666666666666666,
      0.75,
      0.7958333333333333,
      0.8916666666666667,
      0.9541666666666667,
      1.0
    ]
  }
}