{
  "toy": "exponential",
  "group": "standard",
  "model": "nn_constant",
  "seed": 3,
  "n_samples": 800,
  "k_for_toy": null,
  "status": "ok",
  "seconds": 1.5053223779832479,
  "training_cap": 100,
  "iterations_used": 29,
  "hit_cap": false,
  "convergence_ok": true,
  "mse": 0.4970237612724304,
  "nll": 1.0754536390304565,
  "pit_ece": 0.14583333333333331,
  "picp@90": 0.9083333333333333,
  "mpiw@90": 2.1495912048246355,
  "crps": 0.3848282969842286,
  "winkler@90": 3.1484985436252915,
  "reliability_curve": {
    "target": [
      0.0,
      0.05,
      0.1,
      0.15000000000000002,
      0.2,
      0.25,
      0.30000000000000004,
      0.35000000000000003,
      0.4,
      0.45,
      0.5,
      0.55,
      0.6000000000000001,
      0.65,
      0.7000000000000001,
      0.75,
      0.8,
      0.8500000000000001,
      0.9,
      0.9500000000000001,
      1.0
    ],
    "empirical": [
      0.0,
      0.004166666666666667,
      0.020833333333333332,
      0.041666666666666664,
      0.08333333333333333,
      0.1125,
      0.125,
      0.1625,
      0.21666666666666667,
      0.25,
      0.3,
      0.32916666666666666,
      0.37916666666666665,
      0.44166666666666665,
      0.5208333333333334,
      0.6083333333333333,
      0.6916666666666667,
      0.7708333333333334,
      0.8291666666666667,
      0.9125,
      1.0
    ]
  }
}