{
  "toy": "exponential",
  "group": "standard",
  "model": "nn_constant",
  "seed": 1,
  "n_samples": 800,
  "k_for_toy": null,
  "status": "ok",
  "seconds": 1.172230814001523,
  "training_cap": 100,
  "iterations_used": 30,
  "hit_cap": false,
  "convergence_ok": true,
  "mse": 0.25161486864089966,
  "nll": 0.7292525172233582,
  "pit_ece": 0.03375000000000002,
  "picp@90": 0.9083333333333333,
  "mpiw@90": 1.6761557384936117,
  "crps": 0.28221445077877344,
  "winkler@90": 2.103228758318831,
  "reliability_curve": {
    "target": [
      0.0,
      0.05,
      0.1,
      0.15000000000000002,
      0.2,
      0.25,
      0.30000000000000004,
      0.35000000000000003,
      0.4,
      0.45,
      0.5,
      0.55,
      0.6000000000000001,
      0.65,
      0.7000000000000001,
      0.75,
      0.8,
      0.8500000000000001,
      0.9,
      0.9500000000000001,
      1.0
    ],
    "empirical": [
      0.0,
      0.06666666666666667,
      0.10833333333333334,
      0.16666666666666666,
      0.24166666666666667,
      0.2708333333333333,
      0.32916666666666666,
      0.375,
      0.4166666666666667,
      0.48333333333333334,
      0.525,
      0.5833333333333334,
      0.6375,
      0.6791666666666667,
      0.7375,
      0.7791666666666667,
      0.8208333333333333,
      0.9,
      0.9375,
      0.975,
      1.0
    ]
  }
}