{
  "toy": "exponential",
  "group": "standard",
  "model": "lightgbm",
  "seed": 3,
  "n_samples": 800,
  "k_for_toy": null,
  "status": "ok",
  "seconds": 0.27530484599992633,
  "training_cap": 300,
  "iterations_used": 125,
  "hit_cap": false,
  "convergence_ok": true,
  "mse": 0.3339560798535089,
  "nll": 0.8491147922794355,
  "pit_ece": 0.020568181818181798,
  "picp@90": 0.8791666666666667,
  "mpiw@90": 1.8193731048701334,
  "crps": 0.31662457358662943,
  "winkler@90": 2.436498253890197,
  "reliability_curve": {
    "target": [
      0.0,
      0.05,
      0.1,
      0.15000000000000002,
      0.2,
      0.25,
      0.30000000000000004,
      0.35000000000000003,
      0.4,
      0.45,
      0.5,
      0.55,
      0.6000000000000001,
      0.65,
      0.7000000000000001,
      0.75,
      0.8,
      0.8500000000000001,
      0.9,
      0.9500000000000001,
      1.0
    ],
    "empirical": [
      0.0,
      0.06666666666666667,
      0.12083333333333333,
      0.16666666666666666,
      0.21666666666666667,
      0.25,
      0.2916666666666667,
      0.35,
      0.39166666666666666,
      0.43333333333333335,
      0.4708333333333333,
      0.5166666666666667,
      0.55,
      0.5958333333333333,
      0.6625,
      0.7333333333333333,
      0.8041666666666667,
      0.8666666666666667,
      0.8916666666666667,
      0.9458333333333333,
      1.0
    ]
  }
}