{
  "toy": "exponential",
  "group": "standard",
  "model": "xgboost",
  "seed": 3,
  "n_samples": 800,
  "k_for_toy": null,
  "status": "ok",
  "seconds": 0.09509183999034576,
  "training_cap": 300,
  "iterations_used": 93,
  "hit_cap": false,
  "convergence_ok": true,
  "mse": 0.294816792011261,
  "nll": 0.9197195768356323,
  "pit_ece": 0.058409090909090876,
  "picp@90": 0.7833333333333333,
  "mpiw@90": 1.384178874100428,
  "crps": 0.31601325297758875,
  "winkler@90": 2.4238554773541043,
  "reliability_curve": {
    "target": [
      0.0,
      0.05,
      0.1,
      0.15000000000000002,
      0.2,
      0.25,
      0.30000000000000004,
      0.35000000000000003,
      0.4,
      0.45,
      0.5,
      0.55,
      0.6000000000000001,
      0.65,
      0.7000000000000001,
      0.75,
      0.8,
      0.8500000000000001,
      0.9,
      0.9500000000000001,
      1.0
    ],
    "empirical": [
      0.0,
      0.10833333333333334,
      0.17916666666666667,
      0.225,
      0.2708333333333333,
      0.30833333333333335,
      0.325,
      0.35833333333333334,
      0.39166666666666666,
      0.42083333333333334,
      0.4583333333333333,
      0.49583333333333335,
      0.5166666666666667,
      0.5541666666666667,
      0.6083333333333333,
      0.675,
      0.7333333333333333,
      0.775,
      0.8291666666666667,
      0.8916666666666667,
      1.0
    ]
  }
}