{
  "toy": "exponential",
  "group": "standard",
  "model": "nn_constant",
  "seed": 4,
  "n_samples": 800,
  "k_for_toy": null,
  "status": "ok",
  "seconds": 0.9774189649906475,
  "training_cap": 100,
  "iterations_used": 26,
  "hit_cap": false,
  "convergence_ok": true,
  "mse": 0.26903119683265686,
  "nll": 0.7625272274017334,
  "pit_ece": 0.10166666666666661,
  "picp@90": 0.8916666666666667,
  "mpiw@90": 1.6940129109597069,
  "crps": 0.29233284557857264,
  "winkler@90": 2.123443524594308,
  "reliability_curve": {
    "target": [
      0.0,
      0.05,
      0.1,
      0.15000000000000002,
      0.2,
      0.25,
      0.30000000000000004,
      0.35000000000000003,
      0.4,
      0.45,
      0.5,
      0.55,
      0.6000000000000001,
      0.65,
      0.7000000000000001,
      0.75,
      0.8,
      0.8500000000000001,
      0.9,
      0.9500000000000001,
      1.0
    ],
    "empirical": [
      0.0,
      0.016666666666666666,
      0.05416666666666667,
      0.075,
      0.1,
      0.12083333333333333,
      0.19166666666666668,
      0.24583333333333332,
      0.2916666666666667,
      0.32083333333333336,
      0.35833333333333334,
      0.4041666666666667,
      0.475,
      0.5333333333333333,
      0.5875,
      0.65,
      0.7,
      0.7833333333333333,
      0.8333333333333334,
      0.9083333333333333,
      1.0
    ]
  }
}