{
  "toy": "exponential",
  "group": "standard",
  "model": "probreg_fixed_k",
  "seed": 0,
  "n_samples": 800,
  "k_for_toy": 12,
  "status": "ok",
  "seconds": 8.303538652980933,
  "training_cap": 100,
  "iterations_used": 25,
  "hit_cap": false,
  "convergence_ok": true,
  "mse": 1.016894817352295,
  "nll": 1.1262017488479614,
  "pit_ece": 0.045833333333333365,
  "picp@90": 0.8875,
  "mpiw@90": 3.6234651693500686,
  "crps": 0.5069432125431036,
  "winkler@90": 4.020365493757172,
  "reliability_curve": {
    "target": [
      0.0,
      0.05,
      0.1,
      0.15000000000000002,
      0.2,
      0.25,
      0.30000000000000004,
      0.35000000000000003,
      0.4,
      0.45,
      0.5,
      0.55,
      0.6000000000000001,
      0.65,
      0.7000000000000001,
      0.75,
      0.8,
      0.8500000000000001,
      0.9,
      0.9500000000000001,
      1.0
    ],
    "empirical": [
      0.0,
      0.075,
      0.14583333333333334,
      0.18333333333333332,
      0.22083333333333333,
      0.3,
      0.3458333333333333,
      0.4166666666666667,
      0.44583333333333336,
      0.5125,
      0.5541666666666667,
      0.5875,
      0.6375,
      0.6958333333333333,
      0.7541666666666667,
      0.7958333333333333,
      0.8416666666666667,
      0.8875,
      0.9333333333333333,
      0.9625,
      1.0
    ]
  }
}