{
  "toy": "exponential",
  "group": "standard",
  "model": "xgboost",
  "seed": 4,
  "n_samples": 800,
  "k_for_toy": null,
  "status": "ok",
  "seconds": 0.11798530601663515,
  "training_cap": 300,
  "iterations_used": 107,
  "hit_cap": false,
  "convergence_ok": true,
  "mse": 0.2794029116630554,
  "nll": 0.8766213059425354,
  "pit_ece": 0.041325757575757543,
  "picp@90": 0.7916666666666666,
  "mpiw@90": 1.3205571497081234,
  "crps": 0.3018693098847938,
  "winkler@90": 2.4575873780592388,
  "reliability_curve": {
    "target": [
      0.0,
      0.05,
      0.1,
      0.15000000000000002,
      0.2,
      0.25,
      0.30000000000000004,
      0.35000000000000003,
      0.4,
      0.45,
      0.5,
      0.55,
      0.6000000000000001,
      0.65,
      0.7000000000000001,
      0.75,
      0.8,
      0.8500000000000001,
      0.9,
      0.9500000000000001,
      1.0
    ],
    "empirical": [
      0.0,
      0.1,
      0.15833333333333333,
      0.1875,
      0.24166666666666667,
      0.2625,
      0.31666666666666665,
      0.3375,
      0.3625,
      0.4375,
      0.4625,
      0.525,
      0.5708333333333333,
      0.5958333333333333,
      0.6416666666666667,
      0.7041666666666667,
      0.7291666666666666,
      0.7666666666666667,
      0.8125,
      0.8916666666666667,
      1.0
    ]
  }
}