{
  "toy": "exponential",
  "group": "standard",
  "model": "lightgbm",
  "seed": 2,
  "n_samples": 800,
  "k_for_toy": null,
  "status": "ok",
  "seconds": 0.2155068569991272,
  "training_cap": 300,
  "iterations_used": 141,
  "hit_cap": false,
  "convergence_ok": true,
  "mse": 0.42339199665958566,
  "nll": 0.9419631191356376,
  "pit_ece": 0.04541666666666664,
  "picp@90": 0.825,
  "mpiw@90": 1.7548809825324239,
  "crps": 0.34477673257380786,
  "winkler@90": 2.759312413942724,
  "reliability_curve": {
    "target": [
      0.0,
      0.05,
      0.1,
      0.15000000000000002,
      0.2,
      0.25,
      0.30000000000000004,
      0.35000000000000003,
      0.4,
      0.45,
      0.5,
      0.55,
      0.6000000000000001,
      0.65,
      0.7000000000000001,
      0.75,
      0.8,
      0.8500000000000001,
      0.9,
      0.9500000000000001,
      1.0
    ],
    "empirical": [
      0.0,
      0.07083333333333333,
      0.09166666666666666,
      0.1375,
      0.16666666666666666,
      0.21666666666666667,
      0.2625,
      0.30416666666666664,
      0.3625,
      0.4,
      0.44166666666666665,
      0.4875,
      0.5333333333333333,
      0.5791666666666667,
      0.6458333333333334,
      0.6833333333333333,
      0.75,
      0.7958333333333333,
      0.8333333333333334,
      0.8958333333333334,
      1.0
    ]
  }
}