{
  "toy": "exponential",
  "group": "standard",
  "model": "xgboost",
  "seed": 2,
  "n_samples": 800,
  "k_for_toy": null,
  "status": "ok",
  "seconds": 0.07894872798351571,
  "training_cap": 300,
  "iterations_used": 103,
  "hit_cap": false,
  "convergence_ok": true,
  "mse": 0.29262441396713257,
  "nll": 0.908893346786499,
  "pit_ece": 0.07587121212121209,
  "picp@90": 0.8166666666666667,
  "mpiw@90": 1.3543290075177716,
  "crps": 0.3094237872054583,
  "winkler@90": 2.408691476338413,
  "reliability_curve": {
    "target": [
      0.0,
      0.05,
      0.1,
      0.15000000000000002,
      0.2,
      0.25,
      0.30000000000000004,
      0.35000000000000003,
      0.4,
      0.45,
      0.5,
      0.55,
      0.6000000000000001,
      0.65,
      0.7000000000000001,
      0.75,
      0.8,
      0.8500000000000001,
      0.9,
      0.9500000000000001,
      1.0
    ],
    "empirical": [
      0.0,
      0.07083333333333333,
      0.11666666666666667,
      0.17083333333333334,
      0.22916666666666666,
      0.24583333333333332,
      0.275,
      0.31666666666666665,
      0.35,
      0.4041666666666667,
      0.4375,
      0.45416666666666666,
      0.4875,
      0.5166666666666667,
      0.5541666666666667,
      0.6,
      0.6708333333333333,
      0.7333333333333333,
      0.8041666666666667,
      0.8875,
      1.0
    ]
  }
}