{
  "toy": "exponential",
  "group": "standard",
  "model": "nn_constant",
  "seed": 2,
  "n_samples": 800,
  "k_for_toy": null,
  "status": "ok",
  "seconds": 1.9496296900033485,
  "training_cap": 100,
  "iterations_used": 54,
  "hit_cap": false,
  "convergence_ok": true,
  "mse": 0.3644212484359741,
  "nll": 0.9354597926139832,
  "pit_ece": 0.14708333333333332,
  "picp@90": 0.85,
  "mpiw@90": 1.7281899743267923,
  "crps": 0.33929546538517613,
  "winkler@90": 2.5888697011774258,
  "reliability_curve": {
    "target": [
      0.0,
      0.05,
      0.1,
      0.15000000000000002,
      0.2,
      0.25,
      0.30000000000000004,
      0.35000000000000003,
      0.4,
      0.45,
      0.5,
      0.55,
      0.6000000000000001,
      0.65,
      0.7000000000000001,
      0.75,
      0.8,
      0.8500000000000001,
      0.9,
      0.9500000000000001,
      1.0
    ],
    "empirical": [
      0.0,
      0.020833333333333332,
      0.0375,
      0.06666666666666667,
      0.09166666666666666,
      0.12083333333333333,
      0.14583333333333334,
      0.1875,
      0.225,
      0.2791666666666667,
      0.31666666666666665,
      0.375,
      0.4,
      0.43333333333333335,
      0.475,
      0.5625,
      0.6416666666666667,
      0.7166666666666667,
      0.7916666666666666,
      0.8708333333333333,
      1.0
    ]
  }
}