{
  "toy": "exponential",
  "group": "standard",
  "model": "probreg_fixed_k",
  "seed": 2,
  "n_samples": 800,
  "k_for_toy": 12,
  "status": "ok",
  "seconds": 9.530348607018823,
  "training_cap": 100,
  "iterations_used": 44,
  "hit_cap": false,
  "convergence_ok": true,
  "mse": 1.5783560276031494,
  "nll": 1.0781209468841553,
  "pit_ece": 0.06291666666666665,
  "picp@90": 0.9166666666666666,
  "mpiw@90": 3.0817117448043487,
  "crps": 0.5056224411406913,
  "winkler@90": 3.4912890703767823,
  "reliability_curve": {
    "target": [
      0.0,
      0.05,
      0.1,
      0.15000000000000002,
      0.2,
      0.25,
      0.30000000000000004,
      0.35000000000000003,
      0.4,
      0.45,
      0.5,
      0.55,
      0.6000000000000001,
      0.65,
      0.7000000000000001,
      0.75,
      0.8,
      0.8500000000000001,
      0.9,
      0.9500000000000001,
      1.0
    ],
    "empirical": [
      0.0,
      0.041666666666666664,
      0.07083333333333333,
      0.10416666666666667,
      0.14166666666666666,
      0.17083333333333334,
      0.22083333333333333,
      0.275,
      0.3125,
      0.3458333333333333,
      0.3958333333333333,
      0.43333333333333335,
      0.48333333333333334,
      0.55,
      0.6291666666666667,
      0.7041666666666667,
      0.775,
      0.8416666666666667,
      0.8791666666666667,
      0.9583333333333334,
      1.0
    ]
  }
}