{
  "toy": "exponential",
  "group": "standard",
  "model": "probreg_dynamic_k",
  "seed": 1,
  "n_samples": 800,
  "k_for_toy": null,
  "status": "ok",
  "seconds": 48.329645346006146,
  "training_cap": 100,
  "iterations_used": 37,
  "hit_cap": false,
  "convergence_ok": true,
  "mse": 0.3074146807193756,
  "nll": 0.7924636006355286,
  "pit_ece": 0.02087121212121213,
  "picp@90": 0.9125,
  "mpiw@90": 1.8915068588306119,
  "crps": 0.3024844279635568,
  "winkler@90": 2.289698496423046,
  "reliability_curve": {
    "target": [
      0.0,
      0.05,
      0.1,
      0.15000000000000002,
      0.2,
      0.25,
      0.30000000000000004,
      0.35000000000000003,
      0.4,
      0.45,
      0.5,
      0.55,
      0.6000000000000001,
      0.65,
      0.7000000000000001,
      0.75,
      0.8,
      0.8500000000000001,
      0.9,
      0.9500000000000001,
      1.0
    ],
    "empirical": [
      0.0,
      0.05,
      0.10833333333333334,
      0.1625,
      0.21666666666666667,
      0.22916666666666666,
      0.3125,
      0.35,
      0.4,
      0.44583333333333336,
      0.49583333333333335,
      0.5541666666666667,
      0.6166666666666667,
      0.6625,
      0.725,
      0.7958333333333333,
      0.8583333333333333,
      0.9041666666666667,
      0.95,
      0.9625,
      1.0
    ]
  }
}