{
  "toy": "exponential",
  "group": "standard",
  "model": "xgboost",
  "seed": 0,
  "n_samples": 800,
  "k_for_toy": null,
  "status": "ok",
  "seconds": 0.07399171500583179,
  "training_cap": 300,
  "iterations_used": 99,
  "hit_cap": false,
  "convergence_ok": true,
  "mse": 0.27998554706573486,
  "nll": 0.9581214189529419,
  "pit_ece": 0.05484848484848485,
  "picp@90": 0.7291666666666666,
  "mpiw@90": 1.2561820723801234,
  "crps": 0.3103979022727977,
  "winkler@90": 2.5359933457088286,
  "reliability_curve": {
    "target": [
      0.0,
      0.05,
      0.1,
      0.15000000000000002,
      0.2,
      0.25,
      0.30000000000000004,
      0.35000000000000003,
      0.4,
      0.45,
      0.5,
      0.55,
      0.6000000000000001,
      0.65,
      0.7000000000000001,
      0.75,
      0.8,
      0.8500000000000001,
      0.9,
      0.9500000000000001,
      1.0
    ],
    "empirical": [
      0.0,
      0.14166666666666666,
      0.19583333333333333,
      0.24166666666666667,
      0.3,
      0.32916666666666666,
      0.35833333333333334,
      0.4166666666666667,
      0.4375,
      0.48333333333333334,
      0.525,
      0.5541666666666667,
      0.5875,
      0.6291666666666667,
      0.6666666666666666,
      0.7125,
      0.7375,
      0.7875,
      0.825,
      0.8708333333333333,
      1.0
    ]
  }
}