{
  "toy": "exponential",
  "group": "standard",
  "model": "lightgbm",
  "seed": 1,
  "n_samples": 800,
  "k_for_toy": null,
  "status": "ok",
  "seconds": 0.09097398098674603,
  "training_cap": 300,
  "iterations_used": 55,
  "hit_cap": false,
  "convergence_ok": true,
  "mse": 0.42111903152901786,
  "nll": 0.9299190264509655,
  "pit_ece": 0.019431818181818147,
  "picp@90": 0.8375,
  "mpiw@90": 1.681973027648471,
  "crps": 0.3413587210048598,
  "winkler@90": 2.866084494836166,
  "reliability_curve": {
    "target": [
      0.0,
      0.05,
      0.1,
      0.15000000000000002,
      0.2,
      0.25,
      0.30000000000000004,
      0.35000000000000003,
      0.4,
      0.45,
      0.5,
      0.55,
      0.6000000000000001,
      0.65,
      0.7000000000000001,
      0.75,
      0.8,
      0.8500000000000001,
      0.9,
      0.9500000000000001,
      1.0
    ],
    "empirical": [
      0.0,
      0.09583333333333334,
      0.14583333333333334,
      0.17916666666666667,
      0.22916666666666666,
      0.2875,
      0.32916666666666666,
      0.3875,
      0.425,
      0.45416666666666666,
      0.48333333333333334,
      0.5208333333333334,
      0.5666666666666667,
      0.6375,
      0.6875,
      0.7375,
      0.8,
      0.85,
      0.9,
      0.9333333333333333,
      1.0
    ]
  }
}