{
  "toy": "exponential",
  "group": "standard",
  "model": "lightgbm",
  "seed": 0,
  "n_samples": 800,
  "k_for_toy": null,
  "status": "ok",
  "seconds": 0.1324585609836504,
  "training_cap": 300,
  "iterations_used": 111,
  "hit_cap": false,
  "convergence_ok": true,
  "mse": 0.3880874212215696,
  "nll": 0.9203250905001946,
  "pit_ece": 0.04348484848484852,
  "picp@90": 0.8291666666666667,
  "mpiw@90": 1.6866286046941155,
  "crps": 0.33867362523524375,
  "winkler@90": 2.6571123853557728,
  "reliability_curve": {
    "target": [
      0.0,
      0.05,
      0.1,
      0.15000000000000002,
      0.2,
      0.25,
      0.30000000000000004,
      0.35000000000000003,
      0.4,
      0.45,
      0.5,
      0.55,
      0.6000000000000001,
      0.65,
      0.7000000000000001,
      0.75,
      0.8,
      0.8500000000000001,
      0.9,
      0.9500000000000001,
      1.0
    ],
    "empirical": [
      0.0,
      0.10833333333333334,
      0.17916666666666667,
      0.21666666666666667,
      0.25,
      0.2916666666666667,
      0.35833333333333334,
      0.38333333333333336,
      0.44166666666666665,
      0.5125,
      0.5333333333333333,
      0.5916666666666667,
      0.6458333333333334,
      0.6916666666666667,
      0.7416666666666667,
      0.7708333333333334,
      0.8166666666666667,
      0.8541666666666666,
      0.8875,
      0.9375,
      1.0
    ]
  }
}