{
  "toy": "heteroscedastic",
  "group": "home_turf",
  "model": "probreg_fixed_k",
  "seed": 1,
  "n_samples": 1000,
  "k_for_toy": 8,
  "status": "ok",
  "seconds": 8.2524604969949,
  "training_cap": 100,
  "iterations_used": 40,
  "hit_cap": false,
  "convergence_ok": true,
  "mse": 2.2637062072753906,
  "nll": 1.6628903150558472,
  "pit_ece": 0.034000000000000016,
  "picp@90": 0.8766666666666667,
  "mpiw@90": 4.237445910438627,
  "crps": 0.7790686669052513,
  "winkler@90": 6.02006719567672,
  "reliability_curve": {
    "target": [
      0.0,
      0.05,
      0.1,
      0.15000000000000002,
      0.2,
      0.25,
      0.30000000000000004,
      0.35000000000000003,
      0.4,
      0.45,
      0.5,
      0.55,
      0.6000000000000001,
      0.65,
      0.7000000000000001,
      0.75,
      0.8,
      0.8500000000000001,
      0.9,
      0.9500000000000001,
      1.0
    ],
    "empirical": [
      0.0,
      0.07666666666666666,
      0.13333333333333333,
      0.18333333333333332,
      0.24,
      0.2866666666666667,
      0.34,
      0.38333333333333336,
      0.44333333333333336,
      0.5133333333333333,
      0.55,
      0.6066666666666667,
      0.64,
      0.6766666666666666,
      0.72,
      0.78,
      0.8166666666666667,
      0.86,
      0.91,
      0.9533333333333334,
      1.0
    ]
  }
}