{
  "toy": "hetero3",
  "group": "home_turf",
  "model": "xgboost",
  "seed": 3,
  "n_samples": 900,
  "k_for_toy": null,
  "status": "ok",
  "seconds": 0.04155695499503054,
  "training_cap": 300,
  "iterations_used": 38,
  "hit_cap": false,
  "convergence_ok": true,
  "mse": 0.09906884282827377,
  "nll": 0.5708425641059875,
  "pit_ece": 0.11222222222222222,
  "picp@90": 0.8037037037037037,
  "mpiw@90": 0.6032611414567667,
  "crps": 0.14106773728851818,
  "winkler@90": 1.3915042958075012,
  "reliability_curve": {
    "target": [
      0.0,
      0.05,
      0.1,
      0.15000000000000002,
      0.2,
      0.25,
      0.30000000000000004,
      0.35000000000000003,
      0.4,
      0.45,
      0.5,
      0.55,
      0.6000000000000001,
      0.65,
      0.7000000000000001,
      0.75,
      0.8,
      0.8500000000000001,
      0.9,
      0.9500000000000001,
      1.0
    ],
    "empirical": [
      0.0,
      0.14444444444444443,
      0.2037037037037037,
      0.2740740740740741,
      0.3296296296296296,
      0.3814814814814815,
      0.4074074074074074,
      0.45925925925925926,
      0.5111111111111111,
      0.5851851851851851,
      0.6481481481481481,
      0.7074074074074074,
      0.7481481481481481,
      0.7962962962962963,
      0.837037037037037,
      0.8666666666666667,
      0.8851851851851852,
      0.9037037037037037,
      0.9296296296296296,
      0.9481481481481482,
      1.0
    ]
  }
}