{
  "toy": "hetero3",
  "group": "home_turf",
  "model": "catboost",
  "seed": 2,
  "n_samples": 900,
  "k_for_toy": null,
  "status": "ok",
  "seconds": 0.1582431780116167,
  "training_cap": 300,
  "iterations_used": 103,
  "hit_cap": false,
  "convergence_ok": true,
  "mse": 0.0871636692386093,
  "nll": 0.03499988715708016,
  "pit_ece": 0.08259259259259263,
  "picp@90": 0.8037037037037037,
  "mpiw@90": 0.7324243841754943,
  "crps": 0.1417682797098274,
  "winkler@90": 1.3876138753144072,
  "reliability_curve": {
    "target": [
      0.0,
      0.05,
      0.1,
      0.15000000000000002,
      0.2,
      0.25,
      0.30000000000000004,
      0.35000000000000003,
      0.4,
      0.45,
      0.5,
      0.55,
      0.6000000000000001,
      0.65,
      0.7000000000000001,
      0.75,
      0.8,
      0.8500000000000001,
      0.9,
      0.9500000000000001,
      1.0
    ],
    "empirical": [
      0.0,
      0.14074074074074075,
      0.1814814814814815,
      0.2037037037037037,
      0.24074074074074073,
      0.28888888888888886,
      0.337037037037037,
      0.40370370370370373,
      0.4666666666666667,
      0.5444444444444444,
      0.6222222222222222,
      0.6814814814814815,
      0.737037037037037,
      0.7814814814814814,
      0.8333333333333334,
      0.8629629629629629,
      0.8888888888888888,
      0.8925925925925926,
      0.9259259259259259,
      0.9444444444444444,
      1.0
    ]
  }
}