{
  "toy": "heteroscedastic",
  "group": "home_turf",
  "model": "lightgbm",
  "seed": 2,
  "n_samples": 1000,
  "k_for_toy": null,
  "status": "ok",
  "seconds": 0.12641102998168208,
  "training_cap": 300,
  "iterations_used": 61,
  "hit_cap": false,
  "convergence_ok": true,
  "mse": 1.6999758723104095,
  "nll": 1.6645839883371918,
  "pit_ece": 0.031060606060606087,
  "picp@90": 0.83,
  "mpiw@90": 3.5598303360463266,
  "crps": 0.6914544834940026,
  "winkler@90": 6.2271938003051055,
  "reliability_curve": {
    "target": [
      0.0,
      0.05,
      0.1,
      0.15000000000000002,
      0.2,
      0.25,
      0.30000000000000004,
      0.35000000000000003,
      0.4,
      0.45,
      0.5,
      0.55,
      0.6000000000000001,
      0.65,
      0.7000000000000001,
      0.75,
      0.8,
      0.8500000000000001,
      0.9,
      0.9500000000000001,
      1.0
    ],
    "empirical": [
      0.0,
      0.08333333333333333,
      0.12,
      0.16,
      0.19,
      0.24333333333333335,
      0.2866666666666667,
      0.3466666666666667,
      0.39666666666666667,
      0.47,
      0.5433333333333333,
      0.62,
      0.67,
      0.72,
      0.7566666666666667,
      0.7966666666666666,
      0.8266666666666667,
      0.8733333333333333,
      0.9,
      0.9133333333333333,
      1.0
    ]
  }
}