{
  "toy": "hetero3",
  "group": "home_turf",
  "model": "probreg_fixed_k",
  "seed": 3,
  "n_samples": 900,
  "k_for_toy": 12,
  "status": "ok",
  "seconds": 11.32437984299031,
  "training_cap": 100,
  "iterations_used": 50,
  "hit_cap": false,
  "convergence_ok": true,
  "mse": 0.1468227356672287,
  "nll": -0.19284704327583313,
  "pit_ece": 0.022424242424242444,
  "picp@90": 0.9444444444444444,
  "mpiw@90": 1.0597714217569072,
  "crps": 0.17874256784161632,
  "winkler@90": 1.2240627998679676,
  "reliability_curve": {
    "target": [
      0.0,
      0.05,
      0.1,
      0.15000000000000002,
      0.2,
      0.25,
      0.30000000000000004,
      0.35000000000000003,
      0.4,
      0.45,
      0.5,
      0.55,
      0.6000000000000001,
      0.65,
      0.7000000000000001,
      0.75,
      0.8,
      0.8500000000000001,
      0.9,
      0.9500000000000001,
      1.0
    ],
    "empirical": [
      0.0,
      0.018518518518518517,
      0.07037037037037037,
      0.15925925925925927,
      0.21851851851851853,
      0.2777777777777778,
      0.36666666666666664,
      0.4222222222222222,
      0.45925925925925926,
      0.4925925925925926,
      0.5222222222222223,
      0.5481481481481482,
      0.5777777777777777,
      0.6518518518518519,
      0.7111111111111111,
      0.7703703703703704,
      0.8037037037037037,
      0.8444444444444444,
      0.9037037037037037,
      0.9629629629629629,
      1.0
    ]
  }
}