{
  "toy": "heteroscedastic",
  "group": "home_turf",
  "model": "catboost",
  "seed": 3,
  "n_samples": 1000,
  "k_for_toy": null,
  "status": "ok",
  "seconds": 0.16766341601032764,
  "training_cap": 300,
  "iterations_used": 146,
  "hit_cap": false,
  "convergence_ok": true,
  "mse": 1.5401110409377792,
  "nll": 1.5830264077185774,
  "pit_ece": 0.02993939393939397,
  "picp@90": 0.8733333333333333,
  "mpiw@90": 3.77865596729811,
  "crps": 0.6696880401490543,
  "winkler@90": 5.320147867858686,
  "reliability_curve": {
    "target": [
      0.0,
      0.05,
      0.1,
      0.15000000000000002,
      0.2,
      0.25,
      0.30000000000000004,
      0.35000000000000003,
      0.4,
      0.45,
      0.5,
      0.55,
      0.6000000000000001,
      0.65,
      0.7000000000000001,
      0.75,
      0.8,
      0.8500000000000001,
      0.9,
      0.9500000000000001,
      1.0
    ],
    "empirical": [
      0.0,
      0.08,
      0.13666666666666666,
      0.16333333333333333,
      0.20333333333333334,
      0.24333333333333335,
      0.2833333333333333,
      0.31333333333333335,
      0.37,
      0.44666666666666666,
      0.5233333333333333,
      0.5933333333333334,
      0.6466666666666666,
      0.69,
      0.75,
      0.8,
      0.8366666666666667,
      0.88,
      0.9033333333333333,
      0.9533333333333334,
      1.0
    ]
  }
}