{
  "toy": "heteroscedastic",
  "group": "home_turf",
  "model": "nn_constant",
  "seed": 3,
  "n_samples": 1000,
  "k_for_toy": null,
  "status": "ok",
  "seconds": 0.7111833490198478,
  "training_cap": 100,
  "iterations_used": 8,
  "hit_cap": false,
  "convergence_ok": true,
  "mse": 1.502052664756775,
  "nll": 1.6223771572113037,
  "pit_ece": 0.04287878787878789,
  "picp@90": 0.8966666666666666,
  "mpiw@90": 4.050937711850202,
  "crps": 0.6687978097839575,
  "winkler@90": 5.714081873507785,
  "reliability_curve": {
    "target": [
      0.0,
      0.05,
      0.1,
      0.15000000000000002,
      0.2,
      0.25,
      0.30000000000000004,
      0.35000000000000003,
      0.4,
      0.45,
      0.5,
      0.55,
      0.6000000000000001,
      0.65,
      0.7000000000000001,
      0.75,
      0.8,
      0.8500000000000001,
      0.9,
      0.9500000000000001,
      1.0
    ],
    "empirical": [
      0.0,
      0.06666666666666667,
      0.10333333333333333,
      0.14333333333333334,
      0.19333333333333333,
      0.22,
      0.25666666666666665,
      0.2866666666666667,
      0.35,
      0.44333333333333336,
      0.5233333333333333,
      0.6066666666666667,
      0.6666666666666666,
      0.75,
      0.8,
      0.83,
      0.8466666666666667,
      0.8933333333333333,
      0.9333333333333333,
      0.9633333333333334,
      1.0
    ]
  }
}