{
  "toy": "hetero3",
  "group": "home_turf",
  "model": "lightgbm",
  "seed": 2,
  "n_samples": 900,
  "k_for_toy": null,
  "status": "ok",
  "seconds": 0.0626392500125803,
  "training_cap": 300,
  "iterations_used": 68,
  "hit_cap": false,
  "convergence_ok": true,
  "mse": 0.08943638778555345,
  "nll": -0.14268402653638512,
  "pit_ece": 0.05370370370370374,
  "picp@90": 0.8333333333333334,
  "mpiw@90": 0.7074302147896648,
  "crps": 0.13674017007398076,
  "winkler@90": 1.3481434484479735,
  "reliability_curve": {
    "target": [
      0.0,
      0.05,
      0.1,
      0.15000000000000002,
      0.2,
      0.25,
      0.30000000000000004,
      0.35000000000000003,
      0.4,
      0.45,
      0.5,
      0.55,
      0.6000000000000001,
      0.65,
      0.7000000000000001,
      0.75,
      0.8,
      0.8500000000000001,
      0.9,
      0.9500000000000001,
      1.0
    ],
    "empirical": [
      0.0,
      0.0962962962962963,
      0.14814814814814814,
      0.18518518518518517,
      0.21481481481481482,
      0.26666666666666666,
      0.3148148148148148,
      0.34444444444444444,
      0.4074074074074074,
      0.4888888888888889,
      0.5666666666666667,
      0.662962962962963,
      0.7407407407407407,
      0.7962962962962963,
      0.825925925925926,
      0.8407407407407408,
      0.8777777777777778,
      0.8925925925925926,
      0.9037037037037037,
      0.9296296296296296,
      1.0
    ]
  }
}