{
  "toy": "hetero3",
  "group": "home_turf",
  "model": "catboost",
  "seed": 3,
  "n_samples": 900,
  "k_for_toy": null,
  "status": "ok",
  "seconds": 0.16990163599257357,
  "training_cap": 300,
  "iterations_used": 123,
  "hit_cap": false,
  "convergence_ok": true,
  "mse": 0.0916865547189918,
  "nll": -0.31941972199495405,
  "pit_ece": 0.07481481481481485,
  "picp@90": 0.8481481481481481,
  "mpiw@90": 0.6928075586526041,
  "crps": 0.13316254743664477,
  "winkler@90": 1.1125025306653646,
  "reliability_curve": {
    "target": [
      0.0,
      0.05,
      0.1,
      0.15000000000000002,
      0.2,
      0.25,
      0.30000000000000004,
      0.35000000000000003,
      0.4,
      0.45,
      0.5,
      0.55,
      0.6000000000000001,
      0.65,
      0.7000000000000001,
      0.75,
      0.8,
      0.8500000000000001,
      0.9,
      0.9500000000000001,
      1.0
    ],
    "empirical": [
      0.0,
      0.11481481481481481,
      0.17777777777777778,
      0.21851851851851853,
      0.28888888888888886,
      0.34074074074074073,
      0.3592592592592593,
      0.3925925925925926,
      0.43333333333333335,
      0.4925925925925926,
      0.5481481481481482,
      0.6444444444444445,
      0.7148148148148148,
      0.7703703703703704,
      0.8111111111111111,
      0.8629629629629629,
      0.8814814814814815,
      0.9037037037037037,
      0.937037037037037,
      0.9629629629629629,
      1.0
    ]
  }
}