{
  "toy": "hetero3",
  "group": "home_turf",
  "model": "lightgbm",
  "seed": 0,
  "n_samples": 900,
  "k_for_toy": null,
  "status": "ok",
  "seconds": 0.04666104499483481,
  "training_cap": 300,
  "iterations_used": 55,
  "hit_cap": false,
  "convergence_ok": true,
  "mse": 0.10389750005598125,
  "nll": -0.154810821950064,
  "pit_ece": 0.03909090909090911,
  "picp@90": 0.8148148148148148,
  "mpiw@90": 0.7805044184061406,
  "crps": 0.14731067603020265,
  "winkler@90": 1.335614291791257,
  "reliability_curve": {
    "target": [
      0.0,
      0.05,
      0.1,
      0.15000000000000002,
      0.2,
      0.25,
      0.30000000000000004,
      0.35000000000000003,
      0.4,
      0.45,
      0.5,
      0.55,
      0.6000000000000001,
      0.65,
      0.7000000000000001,
      0.75,
      0.8,
      0.8500000000000001,
      0.9,
      0.9500000000000001,
      1.0
    ],
    "empirical": [
      0.0,
      0.1111111111111111,
      0.16296296296296298,
      0.18888888888888888,
      0.24074074074074073,
      0.25925925925925924,
      0.2740740740740741,
      0.29259259259259257,
      0.31851851851851853,
      0.37407407407407406,
      0.45185185185185184,
      0.5444444444444444,
      0.6074074074074074,
      0.7,
      0.7518518518518519,
      0.7925925925925926,
      0.8296296296296296,
      0.8555555555555555,
      0.8925925925925926,
      0.9259259259259259,
      1.0
    ]
  }
}