{
  "toy": "heteroscedastic",
  "group": "home_turf",
  "model": "nn_constant",
  "seed": 4,
  "n_samples": 1000,
  "k_for_toy": null,
  "status": "ok",
  "seconds": 1.587502686015796,
  "training_cap": 100,
  "iterations_used": 17,
  "hit_cap": false,
  "convergence_ok": true,
  "mse": 1.881788730621338,
  "nll": 1.768829345703125,
  "pit_ece": 0.019424242424242413,
  "picp@90": 0.8433333333333334,
  "mpiw@90": 3.7951395497078897,
  "crps": 0.7464399512311016,
  "winkler@90": 6.598362580766152,
  "reliability_curve": {
    "target": [
      0.0,
      0.05,
      0.1,
      0.15000000000000002,
      0.2,
      0.25,
      0.30000000000000004,
      0.35000000000000003,
      0.4,
      0.45,
      0.5,
      0.55,
      0.6000000000000001,
      0.65,
      0.7000000000000001,
      0.75,
      0.8,
      0.8500000000000001,
      0.9,
      0.9500000000000001,
      1.0
    ],
    "empirical": [
      0.0,
      0.07666666666666666,
      0.11333333333333333,
      0.15,
      0.17666666666666667,
      0.21,
      0.26666666666666666,
      0.32666666666666666,
      0.38666666666666666,
      0.4166666666666667,
      0.4533333333333333,
      0.5,
      0.61,
      0.67,
      0.7233333333333334,
      0.7666666666666667,
      0.7966666666666666,
      0.8366666666666667,
      0.8933333333333333,
      0.92,
      1.0
    ]
  }
}