{
  "toy": "heteroscedastic",
  "group": "home_turf",
  "model": "catboost",
  "seed": 1,
  "n_samples": 1000,
  "k_for_toy": null,
  "status": "ok",
  "seconds": 0.09397511399583891,
  "training_cap": 300,
  "iterations_used": 51,
  "hit_cap": false,
  "convergence_ok": true,
  "mse": 1.693395964227063,
  "nll": 1.6829241183900892,
  "pit_ece": 0.029333333333333367,
  "picp@90": 0.85,
  "mpiw@90": 3.792843699051439,
  "crps": 0.6998751837925195,
  "winkler@90": 5.946061675355168,
  "reliability_curve": {
    "target": [
      0.0,
      0.05,
      0.1,
      0.15000000000000002,
      0.2,
      0.25,
      0.30000000000000004,
      0.35000000000000003,
      0.4,
      0.45,
      0.5,
      0.55,
      0.6000000000000001,
      0.65,
      0.7000000000000001,
      0.75,
      0.8,
      0.8500000000000001,
      0.9,
      0.9500000000000001,
      1.0
    ],
    "empirical": [
      0.0,
      0.08333333333333333,
      0.13,
      0.17333333333333334,
      0.22333333333333333,
      0.25666666666666665,
      0.2966666666666667,
      0.3466666666666667,
      0.4033333333333333,
      0.47333333333333333,
      0.5533333333333333,
      0.6066666666666667,
      0.6533333333333333,
      0.7,
      0.7466666666666667,
      0.79,
      0.8266666666666667,
      0.8766666666666667,
      0.9133333333333333,
      0.9333333333333333,
      1.0
    ]
  }
}