{
  "toy": "heteroscedastic",
  "group": "home_turf",
  "model": "probreg_dynamic_k",
  "seed": 2,
  "n_samples": 1000,
  "k_for_toy": null,
  "status": "ok",
  "seconds": 32.74731727398466,
  "training_cap": 100,
  "iterations_used": 17,
  "hit_cap": false,
  "convergence_ok": true,
  "mse": 1.5584200620651245,
  "nll": 1.342163324356079,
  "pit_ece": 0.02400000000000003,
  "picp@90": 0.9166666666666666,
  "mpiw@90": 4.074813235922899,
  "crps": 0.6289310099150447,
  "winkler@90": 4.915483657881256,
  "reliability_curve": {
    "target": [
      0.0,
      0.05,
      0.1,
      0.15000000000000002,
      0.2,
      0.25,
      0.30000000000000004,
      0.35000000000000003,
      0.4,
      0.45,
      0.5,
      0.55,
      0.6000000000000001,
      0.65,
      0.7000000000000001,
      0.75,
      0.8,
      0.8500000000000001,
      0.9,
      0.9500000000000001,
      1.0
    ],
    "empirical": [
      0.0,
      0.05333333333333334,
      0.10333333333333333,
      0.14333333333333334,
      0.21333333333333335,
      0.25,
      0.31,
      0.36,
      0.42,
      0.48,
      0.5266666666666666,
      0.5933333333333334,
      0.6366666666666667,
      0.6866666666666666,
      0.7333333333333333,
      0.7833333333333333,
      0.83,
      0.8666666666666667,
      0.9366666666666666,
      0.97,
      1.0
    ]
  }
}