{
  "toy": "heteroscedastic",
  "group": "home_turf",
  "model": "probreg_dynamic_k",
  "seed": 0,
  "n_samples": 1000,
  "k_for_toy": null,
  "status": "ok",
  "seconds": 42.11486160100321,
  "training_cap": 100,
  "iterations_used": 23,
  "hit_cap": false,
  "convergence_ok": true,
  "mse": 1.4867825508117676,
  "nll": 1.369143009185791,
  "pit_ece": 0.025666666666666692,
  "picp@90": 0.88,
  "mpiw@90": 3.6586741955505167,
  "crps": 0.6266265183012657,
  "winkler@90": 4.489670296428153,
  "reliability_curve": {
    "target": [
      0.0,
      0.05,
      0.1,
      0.15000000000000002,
      0.2,
      0.25,
      0.30000000000000004,
      0.35000000000000003,
      0.4,
      0.45,
      0.5,
      0.55,
      0.6000000000000001,
      0.65,
      0.7000000000000001,
      0.75,
      0.8,
      0.8500000000000001,
      0.9,
      0.9500000000000001,
      1.0
    ],
    "empirical": [
      0.0,
      0.06333333333333334,
      0.11666666666666667,
      0.19333333333333333,
      0.23333333333333334,
      0.2866666666666667,
      0.34,
      0.37666666666666665,
      0.4166666666666667,
      0.47333333333333333,
      0.5233333333333333,
      0.5933333333333334,
      0.6466666666666666,
      0.68,
      0.72,
      0.7766666666666666,
      0.8166666666666667,
      0.86,
      0.9,
      0.9433333333333334,
      1.0
    ]
  }
}