{
  "toy": "heteroscedastic",
  "group": "home_turf",
  "model": "probreg_dynamic_k",
  "seed": 4,
  "n_samples": 1000,
  "k_for_toy": null,
  "status": "ok",
  "seconds": 37.682954090996645,
  "training_cap": 100,
  "iterations_used": 22,
  "hit_cap": false,
  "convergence_ok": true,
  "mse": 1.934079647064209,
  "nll": 1.4153313636779785,
  "pit_ece": 0.023575757575757552,
  "picp@90": 0.8466666666666667,
  "mpiw@90": 3.5403674019297555,
  "crps": 0.6982733134885942,
  "winkler@90": 5.309767489937911,
  "reliability_curve": {
    "target": [
      0.0,
      0.05,
      0.1,
      0.15000000000000002,
      0.2,
      0.25,
      0.30000000000000004,
      0.35000000000000003,
      0.4,
      0.45,
      0.5,
      0.55,
      0.6000000000000001,
      0.65,
      0.7000000000000001,
      0.75,
      0.8,
      0.8500000000000001,
      0.9,
      0.9500000000000001,
      1.0
    ],
    "empirical": [
      0.0,
      0.04666666666666667,
      0.10333333333333333,
      0.16333333333333333,
      0.20666666666666667,
      0.24,
      0.27,
      0.35,
      0.4,
      0.45666666666666667,
      0.5133333333333333,
      0.55,
      0.5866666666666667,
      0.6266666666666667,
      0.6566666666666666,
      0.71,
      0.76,
      0.7966666666666666,
      0.85,
      0.8933333333333333,
      1.0
    ]
  }
}