{
  "toy": "hetero3",
  "group": "home_turf",
  "model": "nn_constant",
  "seed": 2,
  "n_samples": 900,
  "k_for_toy": null,
  "status": "ok",
  "seconds": 4.539128011994762,
  "training_cap": 100,
  "iterations_used": 95,
  "hit_cap": false,
  "convergence_ok": true,
  "mse": 0.09482178837060928,
  "nll": 0.24338294565677643,
  "pit_ece": 0.06515151515151517,
  "picp@90": 0.8851851851851852,
  "mpiw@90": 0.9660792069934973,
  "crps": 0.16050894154375256,
  "winkler@90": 1.545960533143515,
  "reliability_curve": {
    "target": [
      0.0,
      0.05,
      0.1,
      0.15000000000000002,
      0.2,
      0.25,
      0.30000000000000004,
      0.35000000000000003,
      0.4,
      0.45,
      0.5,
      0.55,
      0.6000000000000001,
      0.65,
      0.7000000000000001,
      0.75,
      0.8,
      0.8500000000000001,
      0.9,
      0.9500000000000001,
      1.0
    ],
    "empirical": [
      0.0,
      0.04814814814814815,
      0.05555555555555555,
      0.09259259259259259,
      0.11851851851851852,
      0.15555555555555556,
      0.1814814814814815,
      0.2037037037037037,
      0.24444444444444444,
      0.32222222222222224,
      0.45185185185185184,
      0.5185185185185185,
      0.5962962962962963,
      0.662962962962963,
      0.7333333333333333,
      0.7962962962962963,
      0.8777777777777778,
      0.8888888888888888,
      0.9111111111111111,
      0.9333333333333333,
      1.0
    ]
  }
}