{
  "toy": "heteroscedastic",
  "group": "home_turf",
  "model": "lightgbm",
  "seed": 0,
  "n_samples": 1000,
  "k_for_toy": null,
  "status": "ok",
  "seconds": 0.12553804001072422,
  "training_cap": 300,
  "iterations_used": 76,
  "hit_cap": false,
  "convergence_ok": true,
  "mse": 1.5190736352262069,
  "nll": 1.5788506382185032,
  "pit_ece": 0.030727272727272725,
  "picp@90": 0.8233333333333334,
  "mpiw@90": 3.4018953605038824,
  "crps": 0.657701816835515,
  "winkler@90": 5.403343873168448,
  "reliability_curve": {
    "target": [
      0.0,
      0.05,
      0.1,
      0.15000000000000002,
      0.2,
      0.25,
      0.30000000000000004,
      0.35000000000000003,
      0.4,
      0.45,
      0.5,
      0.55,
      0.6000000000000001,
      0.65,
      0.7000000000000001,
      0.75,
      0.8,
      0.8500000000000001,
      0.9,
      0.9500000000000001,
      1.0
    ],
    "empirical": [
      0.0,
      0.08,
      0.12666666666666668,
      0.16666666666666666,
      0.21333333333333335,
      0.23,
      0.26,
      0.3,
      0.3433333333333333,
      0.38666666666666666,
      0.45666666666666667,
      0.5366666666666666,
      0.6166666666666667,
      0.6866666666666666,
      0.7333333333333333,
      0.7633333333333333,
      0.7933333333333333,
      0.8333333333333334,
      0.86,
      0.9033333333333333,
      1.0
    ]
  }
}