{
  "toy": "hetero3",
  "group": "home_turf",
  "model": "nn_constant",
  "seed": 4,
  "n_samples": 900,
  "k_for_toy": null,
  "status": "ok",
  "seconds": 3.9273984580067918,
  "training_cap": 100,
  "iterations_used": 89,
  "hit_cap": false,
  "convergence_ok": true,
  "mse": 0.1321699172258377,
  "nll": 0.4087670147418976,
  "pit_ece": 0.08838383838383843,
  "picp@90": 0.8518518518518519,
  "mpiw@90": 1.1488312002369154,
  "crps": 0.1945849731253733,
  "winkler@90": 1.7754443640601159,
  "reliability_curve": {
    "target": [
      0.0,
      0.05,
      0.1,
      0.15000000000000002,
      0.2,
      0.25,
      0.30000000000000004,
      0.35000000000000003,
      0.4,
      0.45,
      0.5,
      0.55,
      0.6000000000000001,
      0.65,
      0.7000000000000001,
      0.75,
      0.8,
      0.8500000000000001,
      0.9,
      0.9500000000000001,
      1.0
    ],
    "empirical": [
      0.0,
      0.1037037037037037,
      0.14074074074074075,
      0.17407407407407408,
      0.2037037037037037,
      0.22592592592592592,
      0.23333333333333334,
      0.2814814814814815,
      0.34444444444444444,
      0.46296296296296297,
      0.5925925925925926,
      0.7555555555555555,
      0.837037037037037,
      0.8666666666666667,
      0.8814814814814815,
      0.8814814814814815,
      0.9037037037037037,
      0.9259259259259259,
      0.9407407407407408,
      0.9555555555555556,
      1.0
    ]
  }
}