{
  "toy": "hetero3",
  "group": "home_turf",
  "model": "lightgbm",
  "seed": 1,
  "n_samples": 900,
  "k_for_toy": null,
  "status": "ok",
  "seconds": 0.07082322501810268,
  "training_cap": 300,
  "iterations_used": 64,
  "hit_cap": false,
  "convergence_ok": true,
  "mse": 0.08399322617532905,
  "nll": -0.21684512478653498,
  "pit_ece": 0.03791245791245794,
  "picp@90": 0.825925925925926,
  "mpiw@90": 0.7170683207345091,
  "crps": 0.1276689926775172,
  "winkler@90": 1.2188681769642498,
  "reliability_curve": {
    "target": [
      0.0,
      0.05,
      0.1,
      0.15000000000000002,
      0.2,
      0.25,
      0.30000000000000004,
      0.35000000000000003,
      0.4,
      0.45,
      0.5,
      0.55,
      0.6000000000000001,
      0.65,
      0.7000000000000001,
      0.75,
      0.8,
      0.8500000000000001,
      0.9,
      0.9500000000000001,
      1.0
    ],
    "empirical": [
      0.0,
      0.12222222222222222,
      0.17777777777777778,
      0.21851851851851853,
      0.25925925925925924,
      0.2851851851851852,
      0.31851851851851853,
      0.34814814814814815,
      0.40370370370370373,
      0.45925925925925926,
      0.5407407407407407,
      0.6111111111111112,
      0.662962962962963,
      0.7074074074074074,
      0.7481481481481481,
      0.7925925925925926,
      0.8444444444444444,
      0.8777777777777778,
      0.9148148148148149,
      0.9481481481481482,
      1.0
    ]
  }
}