{
  "toy": "heteroscedastic",
  "group": "home_turf",
  "model": "xgboost",
  "seed": 3,
  "n_samples": 1000,
  "k_for_toy": null,
  "status": "ok",
  "seconds": 0.043617456016363576,
  "training_cap": 300,
  "iterations_used": 35,
  "hit_cap": false,
  "convergence_ok": true,
  "mse": 1.711816430091858,
  "nll": 1.7412149906158447,
  "pit_ece": 0.024878787878787882,
  "picp@90": 0.8333333333333334,
  "mpiw@90": 3.3578567489833384,
  "crps": 0.7118725390506686,
  "winkler@90": 6.168127194598312,
  "reliability_curve": {
    "target": [
      0.0,
      0.05,
      0.1,
      0.15000000000000002,
      0.2,
      0.25,
      0.30000000000000004,
      0.35000000000000003,
      0.4,
      0.45,
      0.5,
      0.55,
      0.6000000000000001,
      0.65,
      0.7000000000000001,
      0.75,
      0.8,
      0.8500000000000001,
      0.9,
      0.9500000000000001,
      1.0
    ],
    "empirical": [
      0.0,
      0.09666666666666666,
      0.15666666666666668,
      0.19,
      0.23666666666666666,
      0.27666666666666667,
      0.31666666666666665,
      0.3466666666666667,
      0.38333333333333336,
      0.43,
      0.49333333333333335,
      0.5433333333333333,
      0.6366666666666667,
      0.6966666666666667,
      0.74,
      0.7566666666666667,
      0.8,
      0.8333333333333334,
      0.8766666666666667,
      0.93,
      1.0
    ]
  }
}