{
  "toy": "heteroscedastic",
  "group": "home_turf",
  "model": "lightgbm",
  "seed": 1,
  "n_samples": 1000,
  "k_for_toy": null,
  "status": "ok",
  "seconds": 0.06355579898809083,
  "training_cap": 300,
  "iterations_used": 47,
  "hit_cap": false,
  "convergence_ok": true,
  "mse": 1.6612042245185321,
  "nll": 1.6660171480055312,
  "pit_ece": 0.021727272727272744,
  "picp@90": 0.85,
  "mpiw@90": 3.646956725976944,
  "crps": 0.6881521177281208,
  "winkler@90": 5.808684049233813,
  "reliability_curve": {
    "target": [
      0.0,
      0.05,
      0.1,
      0.15000000000000002,
      0.2,
      0.25,
      0.30000000000000004,
      0.35000000000000003,
      0.4,
      0.45,
      0.5,
      0.55,
      0.6000000000000001,
      0.65,
      0.7000000000000001,
      0.75,
      0.8,
      0.8500000000000001,
      0.9,
      0.9500000000000001,
      1.0
    ],
    "empirical": [
      0.0,
      0.08333333333333333,
      0.13333333333333333,
      0.16666666666666666,
      0.19666666666666666,
      0.24333333333333335,
      0.28,
      0.32,
      0.38,
      0.47,
      0.5566666666666666,
      0.5966666666666667,
      0.6433333333333333,
      0.6866666666666666,
      0.74,
      0.7766666666666666,
      0.81,
      0.86,
      0.89,
      0.9333333333333333,
      1.0
    ]
  }
}