{
  "toy": "heteroscedastic",
  "group": "home_turf",
  "model": "catboost",
  "seed": 4,
  "n_samples": 1000,
  "k_for_toy": null,
  "status": "ok",
  "seconds": 0.24190776998875663,
  "training_cap": 300,
  "iterations_used": 185,
  "hit_cap": false,
  "convergence_ok": true,
  "mse": 1.9524768995180848,
  "nll": 1.8340238026820066,
  "pit_ece": 0.01903030303030301,
  "picp@90": 0.7866666666666666,
  "mpiw@90": 3.332965362104298,
  "crps": 0.7461700804209189,
  "winkler@90": 6.829378546981743,
  "reliability_curve": {
    "target": [
      0.0,
      0.05,
      0.1,
      0.15000000000000002,
      0.2,
      0.25,
      0.30000000000000004,
      0.35000000000000003,
      0.4,
      0.45,
      0.5,
      0.55,
      0.6000000000000001,
      0.65,
      0.7000000000000001,
      0.75,
      0.8,
      0.8500000000000001,
      0.9,
      0.9500000000000001,
      1.0
    ],
    "empirical": [
      0.0,
      0.09333333333333334,
      0.14,
      0.18333333333333332,
      0.23333333333333334,
      0.26,
      0.31,
      0.3566666666666667,
      0.39666666666666667,
      0.44666666666666666,
      0.5066666666666667,
      0.55,
      0.6133333333333333,
      0.6666666666666666,
      0.71,
      0.7366666666666667,
      0.7866666666666666,
      0.8233333333333334,
      0.8566666666666667,
      0.88,
      1.0
    ]
  }
}