{
  "toy": "heteroscedastic",
  "group": "home_turf",
  "model": "probreg_fixed_k",
  "seed": 3,
  "n_samples": 1000,
  "k_for_toy": 8,
  "status": "ok",
  "seconds": 10.038587552990066,
  "training_cap": 100,
  "iterations_used": 39,
  "hit_cap": false,
  "convergence_ok": true,
  "mse": 1.9707049131393433,
  "nll": 1.5333369970321655,
  "pit_ece": 0.02466666666666667,
  "picp@90": 0.9166666666666666,
  "mpiw@90": 4.275778512057282,
  "crps": 0.7281282943160435,
  "winkler@90": 5.625650299929842,
  "reliability_curve": {
    "target": [
      0.0,
      0.05,
      0.1,
      0.15000000000000002,
      0.2,
      0.25,
      0.30000000000000004,
      0.35000000000000003,
      0.4,
      0.45,
      0.5,
      0.55,
      0.6000000000000001,
      0.65,
      0.7000000000000001,
      0.75,
      0.8,
      0.8500000000000001,
      0.9,
      0.9500000000000001,
      1.0
    ],
    "empirical": [
      0.0,
      0.06333333333333334,
      0.13,
      0.16666666666666666,
      0.20333333333333334,
      0.2633333333333333,
      0.2966666666666667,
      0.32,
      0.37666666666666665,
      0.41333333333333333,
      0.44666666666666666,
      0.5,
      0.5833333333333334,
      0.6533333333333333,
      0.7033333333333334,
      0.7666666666666667,
      0.8133333333333334,
      0.8766666666666667,
      0.9333333333333333,
      0.98,
      1.0
    ]
  }
}