{
  "toy": "hetero3",
  "group": "home_turf",
  "model": "nn_constant",
  "seed": 1,
  "n_samples": 900,
  "k_for_toy": null,
  "status": "ok",
  "seconds": 2.7918740159948356,
  "training_cap": 100,
  "iterations_used": 73,
  "hit_cap": false,
  "convergence_ok": true,
  "mse": 0.1064039021730423,
  "nll": 0.3018457293510437,
  "pit_ece": 0.07494949494949497,
  "picp@90": 0.9222222222222223,
  "mpiw@90": 1.1363978473336247,
  "crps": 0.1737291699228413,
  "winkler@90": 1.5651223000109362,
  "reliability_curve": {
    "target": [
      0.0,
      0.05,
      0.1,
      0.15000000000000002,
      0.2,
      0.25,
      0.30000000000000004,
      0.35000000000000003,
      0.4,
      0.45,
      0.5,
      0.55,
      0.6000000000000001,
      0.65,
      0.7000000000000001,
      0.75,
      0.8,
      0.8500000000000001,
      0.9,
      0.9500000000000001,
      1.0
    ],
    "empirical": [
      0.0,
      0.02962962962962963,
      0.08148148148148149,
      0.12962962962962962,
      0.14444444444444443,
      0.16666666666666666,
      0.18518518518518517,
      0.22592592592592592,
      0.27037037037037037,
      0.37037037037037035,
      0.5222222222222223,
      0.6481481481481481,
      0.7518518518518519,
      0.7888888888888889,
      0.8111111111111111,
      0.8333333333333334,
      0.8592592592592593,
      0.8888888888888888,
      0.9074074074074074,
      0.9518518518518518,
      1.0
    ]
  }
}