{
  "toy": "hetero3",
  "group": "home_turf",
  "model": "catboost",
  "seed": 0,
  "n_samples": 900,
  "k_for_toy": null,
  "status": "ok",
  "seconds": 0.1266524950042367,
  "training_cap": 300,
  "iterations_used": 82,
  "hit_cap": false,
  "convergence_ok": true,
  "mse": 0.1076401334517056,
  "nll": -0.08325959897210411,
  "pit_ece": 0.03616161616161617,
  "picp@90": 0.8444444444444444,
  "mpiw@90": 0.8264106950148611,
  "crps": 0.1529884598117072,
  "winkler@90": 1.3352952471337505,
  "reliability_curve": {
    "target": [
      0.0,
      0.05,
      0.1,
      0.15000000000000002,
      0.2,
      0.25,
      0.30000000000000004,
      0.35000000000000003,
      0.4,
      0.45,
      0.5,
      0.55,
      0.6000000000000001,
      0.65,
      0.7000000000000001,
      0.75,
      0.8,
      0.8500000000000001,
      0.9,
      0.9500000000000001,
      1.0
    ],
    "empirical": [
      0.0,
      0.1037037037037037,
      0.15185185185185185,
      0.17777777777777778,
      0.2111111111111111,
      0.24074074074074073,
      0.2740740740740741,
      0.3037037037037037,
      0.3333333333333333,
      0.3925925925925926,
      0.45925925925925926,
      0.5,
      0.5814814814814815,
      0.6777777777777778,
      0.737037037037037,
      0.7962962962962963,
      0.8666666666666667,
      0.8777777777777778,
      0.9185185185185185,
      0.9481481481481482,
      1.0
    ]
  }
}