{
  "toy": "hetero3",
  "group": "home_turf",
  "model": "probreg_fixed_k",
  "seed": 0,
  "n_samples": 900,
  "k_for_toy": 12,
  "status": "ok",
  "seconds": 4.637856419984018,
  "training_cap": 100,
  "iterations_used": 17,
  "hit_cap": false,
  "convergence_ok": true,
  "mse": 0.14755381643772125,
  "nll": 0.08794454485177994,
  "pit_ece": 0.027003367003366995,
  "picp@90": 0.8555555555555555,
  "mpiw@90": 0.9624483774069281,
  "crps": 0.18184761870241006,
  "winkler@90": 1.4271060505586024,
  "reliability_curve": {
    "target": [
      0.0,
      0.05,
      0.1,
      0.15000000000000002,
      0.2,
      0.25,
      0.30000000000000004,
      0.35000000000000003,
      0.4,
      0.45,
      0.5,
      0.55,
      0.6000000000000001,
      0.65,
      0.7000000000000001,
      0.75,
      0.8,
      0.8500000000000001,
      0.9,
      0.9500000000000001,
      1.0
    ],
    "empirical": [
      0.0,
      0.08148148148148149,
      0.1259259259259259,
      0.15555555555555556,
      0.18518518518518517,
      0.27037037037037037,
      0.3296296296296296,
      0.35555555555555557,
      0.4148148148148148,
      0.4703703703703704,
      0.5074074074074074,
      0.5407407407407407,
      0.562962962962963,
      0.6,
      0.6666666666666666,
      0.7,
      0.7592592592592593,
      0.8148148148148148,
      0.9037037037037037,
      0.937037037037037,
      1.0
    ]
  }
}