{
  "toy": "hetero3",
  "group": "home_turf",
  "model": "xgboost",
  "seed": 1,
  "n_samples": 900,
  "k_for_toy": null,
  "status": "ok",
  "seconds": 0.039938122004969046,
  "training_cap": 300,
  "iterations_used": 35,
  "hit_cap": false,
  "convergence_ok": true,
  "mse": 0.09044084697961807,
  "nll": 0.09410269558429718,
  "pit_ece": 0.09407407407407412,
  "picp@90": 0.7703703703703704,
  "mpiw@90": 0.6704105989670346,
  "crps": 0.13820091451625338,
  "winkler@90": 1.3151864304887655,
  "reliability_curve": {
    "target": [
      0.0,
      0.05,
      0.1,
      0.15000000000000002,
      0.2,
      0.25,
      0.30000000000000004,
      0.35000000000000003,
      0.4,
      0.45,
      0.5,
      0.55,
      0.6000000000000001,
      0.65,
      0.7000000000000001,
      0.75,
      0.8,
      0.8500000000000001,
      0.9,
      0.9500000000000001,
      1.0
    ],
    "empirical": [
      0.0,
      0.1814814814814815,
      0.24814814814814815,
      0.2962962962962963,
      0.32592592592592595,
      0.35185185185185186,
      0.40370370370370373,
      0.45555555555555555,
      0.4888888888888889,
      0.5370370370370371,
      0.5888888888888889,
      0.6555555555555556,
      0.725925925925926,
      0.762962962962963,
      0.8074074074074075,
      0.837037037037037,
      0.8629629629629629,
      0.8962962962962963,
      0.9296296296296296,
      0.9518518518518518,
      1.0
    ]
  }
}