{
  "toy": "heteroscedastic",
  "group": "home_turf",
  "model": "xgboost",
  "seed": 4,
  "n_samples": 1000,
  "k_for_toy": null,
  "status": "ok",
  "seconds": 0.06005319199175574,
  "training_cap": 300,
  "iterations_used": 65,
  "hit_cap": false,
  "convergence_ok": true,
  "mse": 2.0744593143463135,
  "nll": 1.9244873523712158,
  "pit_ece": 0.03615151515151513,
  "picp@90": 0.7666666666666667,
  "mpiw@90": 3.089785606653937,
  "crps": 0.7802265731276696,
  "winkler@90": 7.373160328227004,
  "reliability_curve": {
    "target": [
      0.0,
      0.05,
      0.1,
      0.15000000000000002,
      0.2,
      0.25,
      0.30000000000000004,
      0.35000000000000003,
      0.4,
      0.45,
      0.5,
      0.55,
      0.6000000000000001,
      0.65,
      0.7000000000000001,
      0.75,
      0.8,
      0.8500000000000001,
      0.9,
      0.9500000000000001,
      1.0
    ],
    "empirical": [
      0.0,
      0.10666666666666667,
      0.15666666666666668,
      0.21,
      0.25333333333333335,
      0.29333333333333333,
      0.3233333333333333,
      0.38333333333333336,
      0.4166666666666667,
      0.44333333333333336,
      0.49666666666666665,
      0.5733333333333334,
      0.6066666666666667,
      0.65,
      0.67,
      0.6966666666666667,
      0.7466666666666667,
      0.7866666666666666,
      0.8433333333333334,
      0.8733333333333333,
      1.0
    ]
  }
}