{
  "toy": "hetero3",
  "group": "home_turf",
  "model": "nn_constant",
  "seed": 3,
  "n_samples": 900,
  "k_for_toy": null,
  "status": "ok",
  "seconds": 1.2283514160080813,
  "training_cap": 100,
  "iterations_used": 30,
  "hit_cap": false,
  "convergence_ok": true,
  "mse": 0.11808114498853683,
  "nll": 0.3534573018550873,
  "pit_ece": 0.0661616161616162,
  "picp@90": 0.8703703703703703,
  "mpiw@90": 1.0740473541403224,
  "crps": 0.18507140855945664,
  "winkler@90": 1.5597310101828632,
  "reliability_curve": {
    "target": [
      0.0,
      0.05,
      0.1,
      0.15000000000000002,
      0.2,
      0.25,
      0.30000000000000004,
      0.35000000000000003,
      0.4,
      0.45,
      0.5,
      0.55,
      0.6000000000000001,
      0.65,
      0.7000000000000001,
      0.75,
      0.8,
      0.8500000000000001,
      0.9,
      0.9500000000000001,
      1.0
    ],
    "empirical": [
      0.0,
      0.08888888888888889,
      0.13333333333333333,
      0.1814814814814815,
      0.23333333333333334,
      0.2518518518518518,
      0.2740740740740741,
      0.32222222222222224,
      0.36666666666666664,
      0.45925925925925926,
      0.5777777777777777,
      0.6962962962962963,
      0.8,
      0.837037037037037,
      0.8444444444444444,
      0.8555555555555555,
      0.8666666666666667,
      0.8888888888888888,
      0.9333333333333333,
      0.9592592592592593,
      1.0
    ]
  }
}