{
  "toy": "heteroscedastic",
  "group": "home_turf",
  "model": "nn_constant",
  "seed": 0,
  "n_samples": 1000,
  "k_for_toy": null,
  "status": "ok",
  "seconds": 2.1668962329858914,
  "training_cap": 100,
  "iterations_used": 33,
  "hit_cap": false,
  "convergence_ok": true,
  "mse": 1.436659336090088,
  "nll": 1.6003552675247192,
  "pit_ece": 0.039606060606060645,
  "picp@90": 0.8866666666666667,
  "mpiw@90": 3.8807622112476414,
  "crps": 0.6561639463543659,
  "winkler@90": 5.447543758748061,
  "reliability_curve": {
    "target": [
      0.0,
      0.05,
      0.1,
      0.15000000000000002,
      0.2,
      0.25,
      0.30000000000000004,
      0.35000000000000003,
      0.4,
      0.45,
      0.5,
      0.55,
      0.6000000000000001,
      0.65,
      0.7000000000000001,
      0.75,
      0.8,
      0.8500000000000001,
      0.9,
      0.9500000000000001,
      1.0
    ],
    "empirical": [
      0.0,
      0.056666666666666664,
      0.10666666666666667,
      0.15666666666666668,
      0.2,
      0.24,
      0.26,
      0.3,
      0.36666666666666664,
      0.4533333333333333,
      0.54,
      0.6266666666666667,
      0.6966666666666667,
      0.7466666666666667,
      0.78,
      0.8133333333333334,
      0.85,
      0.8733333333333333,
      0.91,
      0.9433333333333334,
      1.0
    ]
  }
}