{
  "toy": "hetero3",
  "group": "home_turf",
  "model": "catboost",
  "seed": 4,
  "n_samples": 900,
  "k_for_toy": null,
  "status": "ok",
  "seconds": 0.1784801590256393,
  "training_cap": 300,
  "iterations_used": 142,
  "hit_cap": false,
  "convergence_ok": true,
  "mse": 0.1272356781108768,
  "nll": -0.16002149576425706,
  "pit_ece": 0.06111111111111114,
  "picp@90": 0.8111111111111111,
  "mpiw@90": 0.738098603780901,
  "crps": 0.16127379567650338,
  "winkler@90": 1.443499287514496,
  "reliability_curve": {
    "target": [
      0.0,
      0.05,
      0.1,
      0.15000000000000002,
      0.2,
      0.25,
      0.30000000000000004,
      0.35000000000000003,
      0.4,
      0.45,
      0.5,
      0.55,
      0.6000000000000001,
      0.65,
      0.7000000000000001,
      0.75,
      0.8,
      0.8500000000000001,
      0.9,
      0.9500000000000001,
      1.0
    ],
    "empirical": [
      0.0,
      0.12962962962962962,
      0.1962962962962963,
      0.22962962962962963,
      0.26666666666666666,
      0.3074074074074074,
      0.34814814814814815,
      0.3851851851851852,
      0.42962962962962964,
      0.4777777777777778,
      0.5444444444444444,
      0.6074074074074074,
      0.6888888888888889,
      0.7444444444444445,
      0.8037037037037037,
      0.8296296296296296,
      0.8592592592592593,
      0.9,
      0.9259259259259259,
      0.9407407407407408,
      1.0
    ]
  }
}