{
  "toy": "heteroscedastic",
  "group": "home_turf",
  "model": "nn_constant",
  "seed": 2,
  "n_samples": 1000,
  "k_for_toy": null,
  "status": "ok",
  "seconds": 1.2940309139958117,
  "training_cap": 100,
  "iterations_used": 24,
  "hit_cap": false,
  "convergence_ok": true,
  "mse": 1.5910255908966064,
  "nll": 1.6558817625045776,
  "pit_ece": 0.04387878787878789,
  "picp@90": 0.8533333333333334,
  "mpiw@90": 3.87904845603348,
  "crps": 0.6794075286518557,
  "winkler@90": 6.112753722570813,
  "reliability_curve": {
    "target": [
      0.0,
      0.05,
      0.1,
      0.15000000000000002,
      0.2,
      0.25,
      0.30000000000000004,
      0.35000000000000003,
      0.4,
      0.45,
      0.5,
      0.55,
      0.6000000000000001,
      0.65,
      0.7000000000000001,
      0.75,
      0.8,
      0.8500000000000001,
      0.9,
      0.9500000000000001,
      1.0
    ],
    "empirical": [
      0.0,
      0.06333333333333334,
      0.08,
      0.09666666666666666,
      0.11666666666666667,
      0.16,
      0.19666666666666666,
      0.25333333333333335,
      0.31666666666666665,
      0.38333333333333336,
      0.4633333333333333,
      0.5733333333333334,
      0.64,
      0.6866666666666666,
      0.74,
      0.78,
      0.82,
      0.8533333333333334,
      0.88,
      0.9166666666666666,
      1.0
    ]
  }
}