{
  "toy": "heteroscedastic",
  "group": "home_turf",
  "model": "probreg_fixed_k",
  "seed": 2,
  "n_samples": 1000,
  "k_for_toy": 8,
  "status": "ok",
  "seconds": 13.935800316015957,
  "training_cap": 100,
  "iterations_used": 71,
  "hit_cap": false,
  "convergence_ok": true,
  "mse": 1.651703953742981,
  "nll": 1.3536311388015747,
  "pit_ece": 0.055333333333333345,
  "picp@90": 0.8833333333333333,
  "mpiw@90": 3.483010904259274,
  "crps": 0.6451956171241691,
  "winkler@90": 4.742189709456416,
  "reliability_curve": {
    "target": [
      0.0,
      0.05,
      0.1,
      0.15000000000000002,
      0.2,
      0.25,
      0.30000000000000004,
      0.35000000000000003,
      0.4,
      0.45,
      0.5,
      0.55,
      0.6000000000000001,
      0.65,
      0.7000000000000001,
      0.75,
      0.8,
      0.8500000000000001,
      0.9,
      0.9500000000000001,
      1.0
    ],
    "empirical": [
      0.0,
      0.07,
      0.13333333333333333,
      0.19666666666666666,
      0.27666666666666667,
      0.30666666666666664,
      0.38333333333333336,
      0.43,
      0.48333333333333334,
      0.5266666666666666,
      0.5666666666666667,
      0.6366666666666667,
      0.6733333333333333,
      0.7066666666666667,
      0.76,
      0.7933333333333333,
      0.8233333333333334,
      0.8633333333333333,
      0.9033333333333333,
      0.9533333333333334,
      1.0
    ]
  }
}