{
  "toy": "hetero3",
  "group": "home_turf",
  "model": "catboost",
  "seed": 1,
  "n_samples": 900,
  "k_for_toy": null,
  "status": "ok",
  "seconds": 0.15000191199942492,
  "training_cap": 300,
  "iterations_used": 108,
  "hit_cap": false,
  "convergence_ok": true,
  "mse": 0.08461019120293861,
  "nll": -0.24715449141684306,
  "pit_ece": 0.03074074074074078,
  "picp@90": 0.8629629629629629,
  "mpiw@90": 0.7778677535614502,
  "crps": 0.1318842208916584,
  "winkler@90": 1.1774743362219102,
  "reliability_curve": {
    "target": [
      0.0,
      0.05,
      0.1,
      0.15000000000000002,
      0.2,
      0.25,
      0.30000000000000004,
      0.35000000000000003,
      0.4,
      0.45,
      0.5,
      0.55,
      0.6000000000000001,
      0.65,
      0.7000000000000001,
      0.75,
      0.8,
      0.8500000000000001,
      0.9,
      0.9500000000000001,
      1.0
    ],
    "empirical": [
      0.0,
      0.0962962962962963,
      0.15555555555555556,
      0.1814814814814815,
      0.2222222222222222,
      0.26296296296296295,
      0.2962962962962963,
      0.37037037037037035,
      0.40370370370370373,
      0.46296296296296297,
      0.5370370370370371,
      0.5666666666666667,
      0.6407407407407407,
      0.6925925925925925,
      0.7592592592592593,
      0.8,
      0.8407407407407408,
      0.8814814814814815,
      0.9222222222222223,
      0.9592592592592593,
      1.0
    ]
  }
}