{
  "toy": "heteroscedastic",
  "group": "home_turf",
  "model": "lightgbm",
  "seed": 4,
  "n_samples": 1000,
  "k_for_toy": null,
  "status": "ok",
  "seconds": 0.09142424201127142,
  "training_cap": 300,
  "iterations_used": 71,
  "hit_cap": false,
  "convergence_ok": true,
  "mse": 1.9042719308675031,
  "nll": 1.7318710325602702,
  "pit_ece": 0.02215151515151513,
  "picp@90": 0.8033333333333333,
  "mpiw@90": 3.4194731010249653,
  "crps": 0.7394243520139527,
  "winkler@90": 6.35906801847131,
  "reliability_curve": {
    "target": [
      0.0,
      0.05,
      0.1,
      0.15000000000000002,
      0.2,
      0.25,
      0.30000000000000004,
      0.35000000000000003,
      0.4,
      0.45,
      0.5,
      0.55,
      0.6000000000000001,
      0.65,
      0.7000000000000001,
      0.75,
      0.8,
      0.8500000000000001,
      0.9,
      0.9500000000000001,
      1.0
    ],
    "empirical": [
      0.0,
      0.08333333333333333,
      0.13,
      0.18333333333333332,
      0.23333333333333334,
      0.27,
      0.31,
      0.36333333333333334,
      0.39,
      0.43666666666666665,
      0.49666666666666665,
      0.58,
      0.6133333333333333,
      0.6466666666666666,
      0.7033333333333334,
      0.7333333333333333,
      0.7566666666666667,
      0.8,
      0.86,
      0.8866666666666667,
      1.0
    ]
  }
}