{
  "toy": "hetero3",
  "group": "home_turf",
  "model": "xgboost",
  "seed": 2,
  "n_samples": 900,
  "k_for_toy": null,
  "status": "ok",
  "seconds": 0.0390871919807978,
  "training_cap": 300,
  "iterations_used": 35,
  "hit_cap": false,
  "convergence_ok": true,
  "mse": 0.09210361540317535,
  "nll": 0.053471390157938004,
  "pit_ece": 0.12592592592592594,
  "picp@90": 0.7333333333333333,
  "mpiw@90": 0.5984402531938222,
  "crps": 0.14224012700495814,
  "winkler@90": 1.3538038647874664,
  "reliability_curve": {
    "target": [
      0.0,
      0.05,
      0.1,
      0.15000000000000002,
      0.2,
      0.25,
      0.30000000000000004,
      0.35000000000000003,
      0.4,
      0.45,
      0.5,
      0.55,
      0.6000000000000001,
      0.65,
      0.7000000000000001,
      0.75,
      0.8,
      0.8500000000000001,
      0.9,
      0.9500000000000001,
      1.0
    ],
    "empirical": [
      0.0,
      0.21851851851851853,
      0.2777777777777778,
      0.3296296296296296,
      0.362962962962963,
      0.4111111111111111,
      0.44814814814814813,
      0.5,
      0.562962962962963,
      0.6185185185185185,
      0.674074074074074,
      0.7074074074074074,
      0.7296296296296296,
      0.7555555555555555,
      0.774074074074074,
      0.8185185185185185,
      0.8592592592592593,
      0.9074074074074074,
      0.9333333333333333,
      0.9518518518518518,
      1.0
    ]
  }
}