{
  "toy": "heteroscedastic",
  "group": "home_turf",
  "model": "lightgbm",
  "seed": 3,
  "n_samples": 1000,
  "k_for_toy": null,
  "status": "ok",
  "seconds": 0.07109876300091855,
  "training_cap": 300,
  "iterations_used": 41,
  "hit_cap": false,
  "convergence_ok": true,
  "mse": 1.6381209936466958,
  "nll": 1.6497996096103271,
  "pit_ece": 0.02266666666666666,
  "picp@90": 0.8466666666666667,
  "mpiw@90": 3.785473008998993,
  "crps": 0.6971877099404984,
  "winkler@90": 5.759109329374127,
  "reliability_curve": {
    "target": [
      0.0,
      0.05,
      0.1,
      0.15000000000000002,
      0.2,
      0.25,
      0.30000000000000004,
      0.35000000000000003,
      0.4,
      0.45,
      0.5,
      0.55,
      0.6000000000000001,
      0.65,
      0.7000000000000001,
      0.75,
      0.8,
      0.8500000000000001,
      0.9,
      0.9500000000000001,
      1.0
    ],
    "empirical": [
      0.0,
      0.1,
      0.13333333333333333,
      0.16666666666666666,
      0.20666666666666667,
      0.25333333333333335,
      0.2866666666666667,
      0.33,
      0.36666666666666664,
      0.41333333333333333,
      0.47333333333333333,
      0.5633333333333334,
      0.6466666666666666,
      0.7033333333333334,
      0.7366666666666667,
      0.7766666666666666,
      0.81,
      0.8633333333333333,
      0.8966666666666666,
      0.9466666666666667,
      1.0
    ]
  }
}