{
  "toy": "hetero3",
  "group": "home_turf",
  "model": "probreg_fixed_k",
  "seed": 1,
  "n_samples": 900,
  "k_for_toy": 12,
  "status": "ok",
  "seconds": 7.597058932005893,
  "training_cap": 100,
  "iterations_used": 30,
  "hit_cap": false,
  "convergence_ok": true,
  "mse": 0.13754884898662567,
  "nll": -0.17234645783901215,
  "pit_ece": 0.03781144781144785,
  "picp@90": 0.9333333333333333,
  "mpiw@90": 1.0043125910779256,
  "crps": 0.1748820174699582,
  "winkler@90": 1.2406320942352556,
  "reliability_curve": {
    "target": [
      0.0,
      0.05,
      0.1,
      0.15000000000000002,
      0.2,
      0.25,
      0.30000000000000004,
      0.35000000000000003,
      0.4,
      0.45,
      0.5,
      0.55,
      0.6000000000000001,
      0.65,
      0.7000000000000001,
      0.75,
      0.8,
      0.8500000000000001,
      0.9,
      0.9500000000000001,
      1.0
    ],
    "empirical": [
      0.0,
      0.03333333333333333,
      0.08518518518518518,
      0.18518518518518517,
      0.26666666666666666,
      0.337037037037037,
      0.37777777777777777,
      0.4185185185185185,
      0.46296296296296297,
      0.48518518518518516,
      0.5296296296296297,
      0.5925925925925926,
      0.6222222222222222,
      0.662962962962963,
      0.7111111111111111,
      0.7518518518518519,
      0.8037037037037037,
      0.8740740740740741,
      0.9259259259259259,
      0.9666666666666667,
      1.0
    ]
  }
}