{
  "toy": "heteroscedastic",
  "group": "home_turf",
  "model": "probreg_dynamic_k",
  "seed": 3,
  "n_samples": 1000,
  "k_for_toy": null,
  "status": "ok",
  "seconds": 43.438001653994434,
  "training_cap": 100,
  "iterations_used": 29,
  "hit_cap": false,
  "convergence_ok": true,
  "mse": 1.463995099067688,
  "nll": 1.309844732284546,
  "pit_ece": 0.03581818181818179,
  "picp@90": 0.9133333333333333,
  "mpiw@90": 3.6458229772296886,
  "crps": 0.6161611396334058,
  "winkler@90": 4.2534563604420015,
  "reliability_curve": {
    "target": [
      0.0,
      0.05,
      0.1,
      0.15000000000000002,
      0.2,
      0.25,
      0.30000000000000004,
      0.35000000000000003,
      0.4,
      0.45,
      0.5,
      0.55,
      0.6000000000000001,
      0.65,
      0.7000000000000001,
      0.75,
      0.8,
      0.8500000000000001,
      0.9,
      0.9500000000000001,
      1.0
    ],
    "empirical": [
      0.0,
      0.04666666666666667,
      0.10333333333333333,
      0.14,
      0.17,
      0.20666666666666667,
      0.25,
      0.29333333333333333,
      0.3566666666666667,
      0.41,
      0.45,
      0.51,
      0.54,
      0.5866666666666667,
      0.65,
      0.7133333333333334,
      0.7633333333333333,
      0.8433333333333334,
      0.8866666666666667,
      0.96,
      1.0
    ]
  }
}