{
  "toy": "heteroscedastic",
  "group": "home_turf",
  "model": "xgboost",
  "seed": 0,
  "n_samples": 1000,
  "k_for_toy": null,
  "status": "ok",
  "seconds": 0.05628189898561686,
  "training_cap": 300,
  "iterations_used": 51,
  "hit_cap": false,
  "convergence_ok": true,
  "mse": 1.728677749633789,
  "nll": 1.7596073150634766,
  "pit_ece": 0.02272727272727272,
  "picp@90": 0.81,
  "mpiw@90": 3.1197076458936097,
  "crps": 0.698806492200531,
  "winkler@90": 6.332477796650998,
  "reliability_curve": {
    "target": [
      0.0,
      0.05,
      0.1,
      0.15000000000000002,
      0.2,
      0.25,
      0.30000000000000004,
      0.35000000000000003,
      0.4,
      0.45,
      0.5,
      0.55,
      0.6000000000000001,
      0.65,
      0.7000000000000001,
      0.75,
      0.8,
      0.8500000000000001,
      0.9,
      0.9500000000000001,
      1.0
    ],
    "empirical": [
      0.0,
      0.09666666666666666,
      0.14333333333333334,
      0.18,
      0.21,
      0.24666666666666667,
      0.2833333333333333,
      0.33,
      0.3566666666666667,
      0.41,
      0.4866666666666667,
      0.5466666666666666,
      0.6033333333333334,
      0.65,
      0.7033333333333334,
      0.7533333333333333,
      0.78,
      0.8166666666666667,
      0.8466666666666667,
      0.9066666666666666,
      1.0
    ]
  }
}