{
  "toy": "hetero3",
  "group": "home_turf",
  "model": "probreg_dynamic_k",
  "seed": 2,
  "n_samples": 900,
  "k_for_toy": null,
  "status": "ok",
  "seconds": 40.22280374501133,
  "training_cap": 100,
  "iterations_used": 28,
  "hit_cap": false,
  "convergence_ok": true,
  "mse": 0.11713603883981705,
  "nll": -0.16001470386981964,
  "pit_ece": 0.019865319865319843,
  "picp@90": 0.9,
  "mpiw@90": 0.9470525489656603,
  "crps": 0.1634394019888477,
  "winkler@90": 1.1348774753216346,
  "reliability_curve": {
    "target": [
      0.0,
      0.05,
      0.1,
      0.15000000000000002,
      0.2,
      0.25,
      0.30000000000000004,
      0.35000000000000003,
      0.4,
      0.45,
      0.5,
      0.55,
      0.6000000000000001,
      0.65,
      0.7000000000000001,
      0.75,
      0.8,
      0.8500000000000001,
      0.9,
      0.9500000000000001,
      1.0
    ],
    "empirical": [
      0.0,
      0.03333333333333333,
      0.07037037037037037,
      0.10740740740740741,
      0.17777777777777778,
      0.25555555555555554,
      0.2777777777777778,
      0.35185185185185186,
      0.4148148148148148,
      0.45185185185185184,
      0.5,
      0.5481481481481482,
      0.5814814814814815,
      0.6148148148148148,
      0.6481481481481481,
      0.7148148148148148,
      0.774074074074074,
      0.8185185185185185,
      0.8629629629629629,
      0.9333333333333333,
      1.0
    ]
  }
}