{
  "toy": "heteroscedastic",
  "group": "home_turf",
  "model": "probreg_dynamic_k",
  "seed": 1,
  "n_samples": 1000,
  "k_for_toy": null,
  "status": "ok",
  "seconds": 26.96260771798552,
  "training_cap": 100,
  "iterations_used": 11,
  "hit_cap": false,
  "convergence_ok": true,
  "mse": 1.6775333881378174,
  "nll": 1.4950661659240723,
  "pit_ece": 0.0297878787878788,
  "picp@90": 0.8533333333333334,
  "mpiw@90": 3.69890372222696,
  "crps": 0.6698821265468348,
  "winkler@90": 5.3061292800456235,
  "reliability_curve": {
    "target": [
      0.0,
      0.05,
      0.1,
      0.15000000000000002,
      0.2,
      0.25,
      0.30000000000000004,
      0.35000000000000003,
      0.4,
      0.45,
      0.5,
      0.55,
      0.6000000000000001,
      0.65,
      0.7000000000000001,
      0.75,
      0.8,
      0.8500000000000001,
      0.9,
      0.9500000000000001,
      1.0
    ],
    "empirical": [
      0.0,
      0.08333333333333333,
      0.13333333333333333,
      0.18666666666666668,
      0.21,
      0.26,
      0.30666666666666664,
      0.4066666666666667,
      0.47333333333333333,
      0.5066666666666667,
      0.5233333333333333,
      0.5933333333333334,
      0.6233333333333333,
      0.6766666666666666,
      0.73,
      0.7566666666666667,
      0.8066666666666666,
      0.8433333333333334,
      0.88,
      0.9366666666666666,
      1.0
    ]
  }
}