{
  "toy": "heteroscedastic",
  "group": "home_turf",
  "model": "xgboost",
  "seed": 1,
  "n_samples": 1000,
  "k_for_toy": null,
  "status": "ok",
  "seconds": 0.05788361301529221,
  "training_cap": 300,
  "iterations_used": 37,
  "hit_cap": false,
  "convergence_ok": true,
  "mse": 1.8787182569503784,
  "nll": 1.829573154449463,
  "pit_ece": 0.02345454545454546,
  "picp@90": 0.82,
  "mpiw@90": 3.342558937247552,
  "crps": 0.7408296968555025,
  "winkler@90": 6.734874534599615,
  "reliability_curve": {
    "target": [
      0.0,
      0.05,
      0.1,
      0.15000000000000002,
      0.2,
      0.25,
      0.30000000000000004,
      0.35000000000000003,
      0.4,
      0.45,
      0.5,
      0.55,
      0.6000000000000001,
      0.65,
      0.7000000000000001,
      0.75,
      0.8,
      0.8500000000000001,
      0.9,
      0.9500000000000001,
      1.0
    ],
    "empirical": [
      0.0,
      0.09333333333333334,
      0.15,
      0.20666666666666667,
      0.24,
      0.27666666666666667,
      0.31,
      0.3466666666666667,
      0.43,
      0.47333333333333333,
      0.5433333333333333,
      0.5733333333333334,
      0.6266666666666667,
      0.6766666666666666,
      0.7133333333333334,
      0.7566666666666667,
      0.7866666666666666,
      0.83,
      0.8666666666666667,
      0.9133333333333333,
      1.0
    ]
  }
}