{
  "toy": "hetero3",
  "group": "home_turf",
  "model": "xgboost",
  "seed": 0,
  "n_samples": 900,
  "k_for_toy": null,
  "status": "ok",
  "seconds": 0.06408114999067038,
  "training_cap": 300,
  "iterations_used": 49,
  "hit_cap": false,
  "convergence_ok": true,
  "mse": 0.1135346069931984,
  "nll": 0.20185108482837677,
  "pit_ece": 0.036902356902356916,
  "picp@90": 0.8,
  "mpiw@90": 0.731406167970156,
  "crps": 0.1587930067958301,
  "winkler@90": 1.6408458529015906,
  "reliability_curve": {
    "target": [
      0.0,
      0.05,
      0.1,
      0.15000000000000002,
      0.2,
      0.25,
      0.30000000000000004,
      0.35000000000000003,
      0.4,
      0.45,
      0.5,
      0.55,
      0.6000000000000001,
      0.65,
      0.7000000000000001,
      0.75,
      0.8,
      0.8500000000000001,
      0.9,
      0.9500000000000001,
      1.0
    ],
    "empirical": [
      0.0,
      0.12222222222222222,
      0.15925925925925927,
      0.18518518518518517,
      0.22592592592592592,
      0.2518518518518518,
      0.2851851851851852,
      0.3296296296296296,
      0.35555555555555557,
      0.4,
      0.4740740740740741,
      0.5407407407407407,
      0.6370370370370371,
      0.7037037037037037,
      0.7777777777777778,
      0.8333333333333334,
      0.8666666666666667,
      0.8962962962962963,
      0.9111111111111111,
      0.9222222222222223,
      1.0
    ]
  }
}