{
  "toy": "heteroscedastic",
  "group": "home_turf",
  "model": "catboost",
  "seed": 0,
  "n_samples": 1000,
  "k_for_toy": null,
  "status": "ok",
  "seconds": 0.2165612630196847,
  "training_cap": 300,
  "iterations_used": 118,
  "hit_cap": false,
  "convergence_ok": true,
  "mse": 1.4646539033837993,
  "nll": 1.556209214840863,
  "pit_ece": 0.028060606060606046,
  "picp@90": 0.88,
  "mpiw@90": 3.5375650556703735,
  "crps": 0.6484612310798523,
  "winkler@90": 5.213048186248952,
  "reliability_curve": {
    "target": [
      0.0,
      0.05,
      0.1,
      0.15000000000000002,
      0.2,
      0.25,
      0.30000000000000004,
      0.35000000000000003,
      0.4,
      0.45,
      0.5,
      0.55,
      0.6000000000000001,
      0.65,
      0.7000000000000001,
      0.75,
      0.8,
      0.8500000000000001,
      0.9,
      0.9500000000000001,
      1.0
    ],
    "empirical": [
      0.0,
      0.056666666666666664,
      0.12333333333333334,
      0.16666666666666666,
      0.19666666666666666,
      0.23666666666666666,
      0.2633333333333333,
      0.29333333333333333,
      0.34,
      0.39,
      0.45,
      0.5333333333333333,
      0.6166666666666667,
      0.6833333333333333,
      0.7433333333333333,
      0.7733333333333333,
      0.81,
      0.83,
      0.87,
      0.9366666666666666,
      1.0
    ]
  }
}