{
  "toy": "heteroscedastic",
  "group": "home_turf",
  "model": "nn_constant",
  "seed": 1,
  "n_samples": 1000,
  "k_for_toy": null,
  "status": "ok",
  "seconds": 1.1667063150089234,
  "training_cap": 100,
  "iterations_used": 20,
  "hit_cap": false,
  "convergence_ok": true,
  "mse": 1.7395200729370117,
  "nll": 1.6988368034362793,
  "pit_ece": 0.04524242424242425,
  "picp@90": 0.8633333333333333,
  "mpiw@90": 4.108248901953807,
  "crps": 0.7134937016517946,
  "winkler@90": 6.171227230015872,
  "reliability_curve": {
    "target": [
      0.0,
      0.05,
      0.1,
      0.15000000000000002,
      0.2,
      0.25,
      0.30000000000000004,
      0.35000000000000003,
      0.4,
      0.45,
      0.5,
      0.55,
      0.6000000000000001,
      0.65,
      0.7000000000000001,
      0.75,
      0.8,
      0.8500000000000001,
      0.9,
      0.9500000000000001,
      1.0
    ],
    "empirical": [
      0.0,
      0.07666666666666666,
      0.10666666666666667,
      0.14333333333333334,
      0.16666666666666666,
      0.19,
      0.23666666666666666,
      0.27666666666666667,
      0.3233333333333333,
      0.37666666666666665,
      0.44666666666666666,
      0.49666666666666665,
      0.56,
      0.66,
      0.75,
      0.81,
      0.84,
      0.8733333333333333,
      0.91,
      0.94,
      1.0
    ]
  }
}