{
  "toy": "hetero3",
  "group": "home_turf",
  "model": "probreg_dynamic_k",
  "seed": 0,
  "n_samples": 900,
  "k_for_toy": null,
  "status": "ok",
  "seconds": 101.95968613398145,
  "training_cap": 100,
  "iterations_used": 94,
  "hit_cap": false,
  "convergence_ok": true,
  "mse": 0.17930372059345245,
  "nll": 0.1423259824514389,
  "pit_ece": 0.09629629629629625,
  "picp@90": 0.9296296296296296,
  "mpiw@90": 1.2495927648739322,
  "crps": 0.20495869591998644,
  "winkler@90": 1.506157191332224,
  "reliability_curve": {
    "target": [
      0.0,
      0.05,
      0.1,
      0.15000000000000002,
      0.2,
      0.25,
      0.30000000000000004,
      0.35000000000000003,
      0.4,
      0.45,
      0.5,
      0.55,
      0.6000000000000001,
      0.65,
      0.7000000000000001,
      0.75,
      0.8,
      0.8500000000000001,
      0.9,
      0.9500000000000001,
      1.0
    ],
    "empirical": [
      0.0,
      0.003703703703703704,
      0.011111111111111112,
      0.040740740740740744,
      0.06296296296296296,
      0.08888888888888889,
      0.14814814814814814,
      0.21851851851851853,
      0.26296296296296295,
      0.32222222222222224,
      0.3851851851851852,
      0.4740740740740741,
      0.4925925925925926,
      0.5555555555555556,
      0.6296296296296297,
      0.674074074074074,
      0.7148148148148148,
      0.7851851851851852,
      0.8592592592592593,
      0.9333333333333333,
      1.0
    ]
  }
}