{
  "toy": "hetero3",
  "group": "home_turf",
  "model": "xgboost",
  "seed": 4,
  "n_samples": 900,
  "k_for_toy": null,
  "status": "ok",
  "seconds": 0.04679793101968244,
  "training_cap": 300,
  "iterations_used": 46,
  "hit_cap": false,
  "convergence_ok": true,
  "mse": 0.1361660212278366,
  "nll": 0.3642260730266571,
  "pit_ece": 0.1014814814814815,
  "picp@90": 0.7518518518518519,
  "mpiw@90": 0.6605681938252078,
  "crps": 0.1653025247797249,
  "winkler@90": 1.5951532398421489,
  "reliability_curve": {
    "target": [
      0.0,
      0.05,
      0.1,
      0.15000000000000002,
      0.2,
      0.25,
      0.30000000000000004,
      0.35000000000000003,
      0.4,
      0.45,
      0.5,
      0.55,
      0.6000000000000001,
      0.65,
      0.7000000000000001,
      0.75,
      0.8,
      0.8500000000000001,
      0.9,
      0.9500000000000001,
      1.0
    ],
    "empirical": [
      0.0,
      0.2,
      0.2518518518518518,
      0.2851851851851852,
      0.34074074074074073,
      0.3962962962962963,
      0.4185185185185185,
      0.45555555555555555,
      0.5,
      0.5296296296296297,
      0.5888888888888889,
      0.6518518518518519,
      0.7,
      0.7518518518518519,
      0.8074074074074075,
      0.8407407407407408,
      0.8740740740740741,
      0.8851851851851852,
      0.9222222222222223,
      0.9518518518518518,
      1.0
    ]
  }
}