{
  "toy": "hetero3",
  "group": "home_turf",
  "model": "lightgbm",
  "seed": 4,
  "n_samples": 900,
  "k_for_toy": null,
  "status": "ok",
  "seconds": 0.07591775199398398,
  "training_cap": 300,
  "iterations_used": 80,
  "hit_cap": false,
  "convergence_ok": true,
  "mse": 0.1331610883696553,
  "nll": -0.10891872397907519,
  "pit_ece": 0.0503703703703704,
  "picp@90": 0.8148148148148148,
  "mpiw@90": 0.7131217302711879,
  "crps": 0.16098776907397014,
  "winkler@90": 1.502445948717816,
  "reliability_curve": {
    "target": [
      0.0,
      0.05,
      0.1,
      0.15000000000000002,
      0.2,
      0.25,
      0.30000000000000004,
      0.35000000000000003,
      0.4,
      0.45,
      0.5,
      0.55,
      0.6000000000000001,
      0.65,
      0.7000000000000001,
      0.75,
      0.8,
      0.8500000000000001,
      0.9,
      0.9500000000000001,
      1.0
    ],
    "empirical": [
      0.0,
      0.14074074074074075,
      0.16296296296296298,
      0.2222222222222222,
      0.27037037037037037,
      0.29259259259259257,
      0.34074074074074073,
      0.3851851851851852,
      0.4222222222222222,
      0.4703703703703704,
      0.5370370370370371,
      0.6111111111111112,
      0.7,
      0.737037037037037,
      0.7814814814814814,
      0.8185185185185185,
      0.8444444444444444,
      0.8851851851851852,
      0.9185185185185185,
      0.9555555555555556,
      1.0
    ]
  }
}