{
  "toy": "hetero3",
  "group": "home_turf",
  "model": "nn_constant",
  "seed": 0,
  "n_samples": 900,
  "k_for_toy": null,
  "status": "ok",
  "seconds": 1.938213077984983,
  "training_cap": 100,
  "iterations_used": 39,
  "hit_cap": false,
  "convergence_ok": true,
  "mse": 0.13681279122829437,
  "nll": 0.4328778386116028,
  "pit_ece": 0.08794612794612797,
  "picp@90": 0.8481481481481481,
  "mpiw@90": 1.112632729260815,
  "crps": 0.19836734587028057,
  "winkler@90": 1.724564095813489,
  "reliability_curve": {
    "target": [
      0.0,
      0.05,
      0.1,
      0.15000000000000002,
      0.2,
      0.25,
      0.30000000000000004,
      0.35000000000000003,
      0.4,
      0.45,
      0.5,
      0.55,
      0.6000000000000001,
      0.65,
      0.7000000000000001,
      0.75,
      0.8,
      0.8500000000000001,
      0.9,
      0.9500000000000001,
      1.0
    ],
    "empirical": [
      0.0,
      0.05185185185185185,
      0.07407407407407407,
      0.1,
      0.12962962962962962,
      0.14444444444444443,
      0.15925925925925927,
      0.17777777777777778,
      0.2,
      0.24814814814814815,
      0.3,
      0.37407407407407406,
      0.4888888888888889,
      0.6,
      0.6925925925925925,
      0.7592592592592593,
      0.8111111111111111,
      0.8296296296296296,
      0.8555555555555555,
      0.9,
      1.0
    ]
  }
}