{
  "toy": "hetero3",
  "group": "home_turf",
  "model": "probreg_fixed_k",
  "seed": 4,
  "n_samples": 900,
  "k_for_toy": 12,
  "status": "ok",
  "seconds": 18.353342848015018,
  "training_cap": 100,
  "iterations_used": 82,
  "hit_cap": false,
  "convergence_ok": true,
  "mse": 0.16512666642665863,
  "nll": 0.3200373947620392,
  "pit_ece": 0.09252525252525251,
  "picp@90": 0.8037037037037037,
  "mpiw@90": 1.1293828215231487,
  "crps": 0.210194250790625,
  "winkler@90": 1.4450625990851764,
  "reliability_curve": {
    "target": [
      0.0,
      0.05,
      0.1,
      0.15000000000000002,
      0.2,
      0.25,
      0.30000000000000004,
      0.35000000000000003,
      0.4,
      0.45,
      0.5,
      0.55,
      0.6000000000000001,
      0.65,
      0.7000000000000001,
      0.75,
      0.8,
      0.8500000000000001,
      0.9,
      0.9500000000000001,
      1.0
    ],
    "empirical": [
      0.0,
      0.02962962962962963,
      0.08888888888888889,
      0.14814814814814814,
      0.2111111111111111,
      0.2518518518518518,
      0.27037037037037037,
      0.3,
      0.3148148148148148,
      0.34814814814814815,
      0.3851851851851852,
      0.4111111111111111,
      0.4666666666666667,
      0.5074074074074074,
      0.5407407407407407,
      0.6111111111111112,
      0.6518518518518519,
      0.7148148148148148,
      0.7407407407407407,
      0.8333333333333334,
      1.0
    ]
  }
}