{
  "toy": "heteroscedastic",
  "group": "home_turf",
  "model": "xgboost",
  "seed": 2,
  "n_samples": 1000,
  "k_for_toy": null,
  "status": "ok",
  "seconds": 0.052855714020552114,
  "training_cap": 300,
  "iterations_used": 49,
  "hit_cap": false,
  "convergence_ok": true,
  "mse": 1.8327648639678955,
  "nll": 1.8528015613555908,
  "pit_ece": 0.03378787878787879,
  "picp@90": 0.8133333333333334,
  "mpiw@90": 3.132707251101837,
  "crps": 0.7258202680176078,
  "winkler@90": 7.0339761530932385,
  "reliability_curve": {
    "target": [
      0.0,
      0.05,
      0.1,
      0.15000000000000002,
      0.2,
      0.25,
      0.30000000000000004,
      0.35000000000000003,
      0.4,
      0.45,
      0.5,
      0.55,
      0.6000000000000001,
      0.65,
      0.7000000000000001,
      0.75,
      0.8,
      0.8500000000000001,
      0.9,
      0.9500000000000001,
      1.0
    ],
    "empirical": [
      0.0,
      0.10666666666666667,
      0.15,
      0.19666666666666666,
      0.22666666666666666,
      0.2733333333333333,
      0.31,
      0.37666666666666665,
      0.42,
      0.4766666666666667,
      0.54,
      0.6,
      0.6633333333333333,
      0.7166666666666667,
      0.7466666666666667,
      0.7766666666666666,
      0.8033333333333333,
      0.8466666666666667,
      0.8766666666666667,
      0.92,
      1.0
    ]
  }
}