{
  "toy": "heteroscedastic",
  "group": "home_turf",
  "model": "probreg_fixed_k",
  "seed": 4,
  "n_samples": 1000,
  "k_for_toy": 8,
  "status": "ok",
  "seconds": 14.548258274997352,
  "training_cap": 100,
  "iterations_used": 66,
  "hit_cap": false,
  "convergence_ok": true,
  "mse": 2.1136739253997803,
  "nll": 1.5395673513412476,
  "pit_ece": 0.027666666666666628,
  "picp@90": 0.8833333333333333,
  "mpiw@90": 4.211311364995137,
  "crps": 0.7570458958079976,
  "winkler@90": 5.702491951085896,
  "reliability_curve": {
    "target": [
      0.0,
      0.05,
      0.1,
      0.15000000000000002,
      0.2,
      0.25,
      0.30000000000000004,
      0.35000000000000003,
      0.4,
      0.45,
      0.5,
      0.55,
      0.6000000000000001,
      0.65,
      0.7000000000000001,
      0.75,
      0.8,
      0.8500000000000001,
      0.9,
      0.9500000000000001,
      1.0
    ],
    "empirical": [
      0.0,
      0.06333333333333334,
      0.09666666666666666,
      0.15,
      0.17666666666666667,
      0.20333333333333334,
      0.25,
      0.29,
      0.3466666666666667,
      0.3933333333333333,
      0.44666666666666666,
      0.5033333333333333,
      0.5666666666666667,
      0.6366666666666667,
      0.7,
      0.7433333333333333,
      0.7866666666666666,
      0.8266666666666667,
      0.8766666666666667,
      0.9466666666666667,
      1.0
    ]
  }
}