{
  "toy": "hetero3",
  "group": "home_turf",
  "model": "probreg_fixed_k",
  "seed": 2,
  "n_samples": 900,
  "k_for_toy": 12,
  "status": "ok",
  "seconds": 21.179378316999646,
  "training_cap": 100,
  "iterations_used": 88,
  "hit_cap": false,
  "convergence_ok": true,
  "mse": 0.13010205328464508,
  "nll": 0.023288533091545105,
  "pit_ece": 0.14925925925925929,
  "picp@90": 0.8481481481481481,
  "mpiw@90": 0.9493395403840302,
  "crps": 0.1784203308886701,
  "winkler@90": 1.2151004813547124,
  "reliability_curve": {
    "target": [
      0.0,
      0.05,
      0.1,
      0.15000000000000002,
      0.2,
      0.25,
      0.30000000000000004,
      0.35000000000000003,
      0.4,
      0.45,
      0.5,
      0.55,
      0.6000000000000001,
      0.65,
      0.7000000000000001,
      0.75,
      0.8,
      0.8500000000000001,
      0.9,
      0.9500000000000001,
      1.0
    ],
    "empirical": [
      0.0,
      0.12222222222222222,
      0.23333333333333334,
      0.32592592592592595,
      0.40370370370370373,
      0.4888888888888889,
      0.5296296296296297,
      0.5518518518518518,
      0.6074074074074074,
      0.6481481481481481,
      0.6814814814814815,
      0.7148148148148148,
      0.7592592592592593,
      0.7888888888888889,
      0.8185185185185185,
      0.8481481481481481,
      0.8777777777777778,
      0.9111111111111111,
      0.9444444444444444,
      0.9703703703703703,
      1.0
    ]
  }
}