{
  "toy": "heteroscedastic",
  "group": "home_turf",
  "model": "probreg_fixed_k",
  "seed": 0,
  "n_samples": 1000,
  "k_for_toy": 8,
  "status": "ok",
  "seconds": 14.60018042701995,
  "training_cap": 100,
  "iterations_used": 72,
  "hit_cap": false,
  "convergence_ok": true,
  "mse": 1.9476460218429565,
  "nll": 1.539126992225647,
  "pit_ece": 0.030393939393939418,
  "picp@90": 0.91,
  "mpiw@90": 4.368440787851408,
  "crps": 0.7248549998945453,
  "winkler@90": 5.386090103216698,
  "reliability_curve": {
    "target": [
      0.0,
      0.05,
      0.1,
      0.15000000000000002,
      0.2,
      0.25,
      0.30000000000000004,
      0.35000000000000003,
      0.4,
      0.45,
      0.5,
      0.55,
      0.6000000000000001,
      0.65,
      0.7000000000000001,
      0.75,
      0.8,
      0.8500000000000001,
      0.9,
      0.9500000000000001,
      1.0
    ],
    "empirical": [
      0.0,
      0.06666666666666667,
      0.12666666666666668,
      0.19333333333333333,
      0.22333333333333333,
      0.25333333333333335,
      0.30666666666666664,
      0.36333333333333334,
      0.4,
      0.45666666666666667,
      0.5166666666666667,
      0.57,
      0.64,
      0.71,
      0.76,
      0.8066666666666666,
      0.86,
      0.9033333333333333,
      0.9433333333333334,
      0.9766666666666667,
      1.0
    ]
  }
}