{
  "toy": "hetero3",
  "group": "home_turf",
  "model": "probreg_dynamic_k",
  "seed": 4,
  "n_samples": 900,
  "k_for_toy": null,
  "status": "ok",
  "seconds": 63.104902503982885,
  "training_cap": 100,
  "iterations_used": 39,
  "hit_cap": false,
  "convergence_ok": true,
  "mse": 0.1289575695991516,
  "nll": -0.2918773591518402,
  "pit_ece": 0.04222222222222219,
  "picp@90": 0.9148148148148149,
  "mpiw@90": 1.0706519290996543,
  "crps": 0.1613966226093862,
  "winkler@90": 1.199850983817499,
  "reliability_curve": {
    "target": [
      0.0,
      0.05,
      0.1,
      0.15000000000000002,
      0.2,
      0.25,
      0.30000000000000004,
      0.35000000000000003,
      0.4,
      0.45,
      0.5,
      0.55,
      0.6000000000000001,
      0.65,
      0.7000000000000001,
      0.75,
      0.8,
      0.8500000000000001,
      0.9,
      0.9500000000000001,
      1.0
    ],
    "empirical": [
      0.0,
      0.022222222222222223,
      0.044444444444444446,
      0.08148148148148149,
      0.14444444444444443,
      0.18518518518518517,
      0.24444444444444444,
      0.3074074074074074,
      0.37407407407407406,
      0.4111111111111111,
      0.45925925925925926,
      0.5074074074074074,
      0.5555555555555556,
      0.6111111111111112,
      0.6703703703703704,
      0.7222222222222222,
      0.7666666666666667,
      0.8333333333333334,
      0.8925925925925926,
      0.937037037037037,
      1.0
    ]
  }
}