{
  "toy": "hetero3",
  "group": "home_turf",
  "model": "lightgbm",
  "seed": 3,
  "n_samples": 900,
  "k_for_toy": null,
  "status": "ok",
  "seconds": 0.10181944601936266,
  "training_cap": 300,
  "iterations_used": 66,
  "hit_cap": false,
  "convergence_ok": true,
  "mse": 0.09001280977904053,
  "nll": -0.4379019245310834,
  "pit_ece": 0.05814814814814819,
  "picp@90": 0.825925925925926,
  "mpiw@90": 0.6543538696897133,
  "crps": 0.12931982113284662,
  "winkler@90": 1.0648809004632929,
  "reliability_curve": {
    "target": [
      0.0,
      0.05,
      0.1,
      0.15000000000000002,
      0.2,
      0.25,
      0.30000000000000004,
      0.35000000000000003,
      0.4,
      0.45,
      0.5,
      0.55,
      0.6000000000000001,
      0.65,
      0.7000000000000001,
      0.75,
      0.8,
      0.8500000000000001,
      0.9,
      0.9500000000000001,
      1.0
    ],
    "empirical": [
      0.0,
      0.1111111111111111,
      0.1814814814814815,
      0.24814814814814815,
      0.29259259259259257,
      0.31851851851851853,
      0.37407407407407406,
      0.40370370370370373,
      0.43703703703703706,
      0.4888888888888889,
      0.5518518518518518,
      0.6148148148148148,
      0.6814814814814815,
      0.7296296296296296,
      0.7592592592592593,
      0.8111111111111111,
      0.8444444444444444,
      0.8888888888888888,
      0.9074074074074074,
      0.937037037037037,
      1.0
    ]
  }
}