{
  "toy": "hetero3",
  "group": "home_turf",
  "model": "probreg_dynamic_k",
  "seed": 3,
  "n_samples": 900,
  "k_for_toy": null,
  "status": "ok",
  "seconds": 38.073702952999156,
  "training_cap": 100,
  "iterations_used": 30,
  "hit_cap": false,
  "convergence_ok": true,
  "mse": 0.13793912529945374,
  "nll": -0.23127305507659912,
  "pit_ece": 0.12777777777777785,
  "picp@90": 0.9259259259259259,
  "mpiw@90": 0.9669861290869403,
  "crps": 0.16892663405980118,
  "winkler@90": 1.152364906932901,
  "reliability_curve": {
    "target": [
      0.0,
      0.05,
      0.1,
      0.15000000000000002,
      0.2,
      0.25,
      0.30000000000000004,
      0.35000000000000003,
      0.4,
      0.45,
      0.5,
      0.55,
      0.6000000000000001,
      0.65,
      0.7000000000000001,
      0.75,
      0.8,
      0.8500000000000001,
      0.9,
      0.9500000000000001,
      1.0
    ],
    "empirical": [
      0.0,
      0.06296296296296296,
      0.13333333333333333,
      0.22962962962962963,
      0.31851851851851853,
      0.4185185185185185,
      0.4703703703703704,
      0.5481481481481482,
      0.5962962962962963,
      0.6407407407407407,
      0.6777777777777778,
      0.7222222222222222,
      0.7407407407407407,
      0.7666666666666667,
      0.8148148148148148,
      0.8592592592592593,
      0.9111111111111111,
      0.9296296296296296,
      0.9703703703703703,
      0.9888888888888889,
      1.0
    ]
  }
}