{
  "toy": "hetero3",
  "group": "home_turf",
  "model": "probreg_dynamic_k",
  "seed": 1,
  "n_samples": 900,
  "k_for_toy": null,
  "status": "ok",
  "seconds": 16.492909729015082,
  "training_cap": 100,
  "iterations_used": 10,
  "hit_cap": false,
  "convergence_ok": true,
  "mse": 0.13510292768478394,
  "nll": -0.017878292128443718,
  "pit_ece": 0.046296296296296266,
  "picp@90": 0.9148148148148149,
  "mpiw@90": 1.0753173239703153,
  "crps": 0.1779202493584208,
  "winkler@90": 1.3253680487162907,
  "reliability_curve": {
    "target": [
      0.0,
      0.05,
      0.1,
      0.15000000000000002,
      0.2,
      0.25,
      0.30000000000000004,
      0.35000000000000003,
      0.4,
      0.45,
      0.5,
      0.55,
      0.6000000000000001,
      0.65,
      0.7000000000000001,
      0.75,
      0.8,
      0.8500000000000001,
      0.9,
      0.9500000000000001,
      1.0
    ],
    "empirical": [
      0.0,
      0.014814814814814815,
      0.03333333333333333,
      0.09259259259259259,
      0.17037037037037037,
      0.18518518518518517,
      0.23703703703703705,
      0.2777777777777778,
      0.3333333333333333,
      0.3814814814814815,
      0.45555555555555555,
      0.5,
      0.562962962962963,
      0.6185185185185185,
      0.662962962962963,
      0.7185185185185186,
      0.7888888888888889,
      0.8333333333333334,
      0.8777777777777778,
      0.9296296296296296,
      1.0
    ]
  }
}