{
  "toy": "heteroscedastic",
  "group": "home_turf",
  "model": "catboost",
  "seed": 2,
  "n_samples": 1000,
  "k_for_toy": null,
  "status": "ok",
  "seconds": 0.15254481899319217,
  "training_cap": 300,
  "iterations_used": 110,
  "hit_cap": false,
  "convergence_ok": true,
  "mse": 1.6057393559783415,
  "nll": 1.612705454804449,
  "pit_ece": 0.03175757575757578,
  "picp@90": 0.8566666666666667,
  "mpiw@90": 3.6062743708796474,
  "crps": 0.6705814318006649,
  "winkler@90": 5.853184030683495,
  "reliability_curve": {
    "target": [
      0.0,
      0.05,
      0.1,
      0.15000000000000002,
      0.2,
      0.25,
      0.30000000000000004,
      0.35000000000000003,
      0.4,
      0.45,
      0.5,
      0.55,
      0.6000000000000001,
      0.65,
      0.7000000000000001,
      0.75,
      0.8,
      0.8500000000000001,
      0.9,
      0.9500000000000001,
      1.0
    ],
    "empirical": [
      0.0,
      0.07,
      0.11666666666666667,
      0.15,
      0.20333333333333334,
      0.23,
      0.2966666666666667,
      0.3333333333333333,
      0.4,
      0.4633333333333333,
      0.53,
      0.6233333333333333,
      0.6833333333333333,
      0.7266666666666667,
      0.76,
      0.8066666666666666,
      0.8366666666666667,
      0.8666666666666667,
      0.9033333333333333,
      0.9266666666666666,
      1.0
    ]
  }
}