{
  "toy": "exponential",
  "protocol_seed": 999,
  "k_grid": [
    5,
    8,
    10,
    12
  ],
  "val_nll_by_k": {
    "5": 1.0687298774719238,
    "8": 1.2019985914230347,
    "10": 1.003322958946228,
    "12": 0.9939843416213989
  },
  "selected_k": 12,
  "n_samples": 800,
  "n_epochs_cap": 100
}