{
  "toy": "hetero3",
  "protocol_seed": 999,
  "k_grid": [
    5,
    8,
    10,
    12
  ],
  "val_nll_by_k": {
    "5": -0.03752376511693001,
    "8": -0.07024268060922623,
    "10": -0.05825790762901306,
    "12": -0.2364775389432907
  },
  "selected_k": 12,
  "n_samples": 900,
  "n_epochs_cap": 100
}