{
  "toy": "heteroscedastic",
  "protocol_seed": 999,
  "k_grid": [
    5,
    8,
    10,
    12
  ],
  "val_nll_by_k": {
    "5": 1.5566246509552002,
    "8": 1.5229238271713257,
    "10": 1.5780630111694336,
    "12": 1.539370059967041
  },
  "selected_k": 8,
  "n_samples": 1000,
  "n_epochs_cap": 100
}