{
  "toy": "multimodal",
  "protocol_seed": 999,
  "k_grid": [
    5,
    8,
    10,
    12
  ],
  "val_nll_by_k": {
    "5": 1.843205213546753,
    "8": 1.838254451751709,
    "10": 1.8284047842025757,
    "12": 1.854448676109314
  },
  "selected_k": 10,
  "n_samples": 1000,
  "n_epochs_cap": 100
}