{
  "toy": "piecewise",
  "protocol_seed": 999,
  "k_grid": [
    5,
    8,
    10,
    12
  ],
  "val_nll_by_k": {
    "5": 0.7150640487670898,
    "8": 0.6227862238883972,
    "10": 0.6199447512626648,
    "12": 0.7576690912246704
  },
  "selected_k": 10,
  "n_samples": 800,
  "n_epochs_cap": 100
}