{
  "toy": "multimodal",
  "group": "home_turf",
  "model": "nn_constant",
  "seed": 4,
  "n_samples": 1000,
  "k_for_toy": null,
  "status": "ok",
  "seconds": 0.6029318950022571,
  "training_cap": 100,
  "iterations_used": 8,
  "hit_cap": false,
  "convergence_ok": true,
  "mse": 2.2887532711029053,
  "nll": 1.832952618598938,
  "pit_ece": 0.12230303030303027,
  "picp@90": 1.0,
  "mpiw@90": 4.992998365002662,
  "crps": 0.9052804001062683,
  "winkler@90": 4.992998365002662,
  "reliability_curve": {
    "target": [
      0.0,
      0.05,
      0.1,
      0.15000000000000002,
      0.2,
      0.25,
      0.30000000000000004,
      0.35000000000000003,
      0.4,
      0.45,
      0.5,
      0.55,
      0.6000000000000001,
      0.65,
      0.7000000000000001,
      0.75,
      0.8,
      0.8500000000000001,
      0.9,
      0.9500000000000001,
      1.0
    ],
    "empirical": [
      0.0,
      0.0,
      0.0,
      0.08666666666666667,
      0.2733333333333333,
      0.4266666666666667,
      0.5133333333333333,
      0.5166666666666667,
      0.5166666666666667,
      0.5166666666666667,
      0.5166666666666667,
      0.5166666666666667,
      0.5166666666666667,
      0.5166666666666667,
      0.5166666666666667,
      0.5166666666666667,
      0.52,
      0.7166666666666667,
      0.93,
      1.0,
      1.0
    ]
  }
}