{
  "toy": "multimodal",
  "group": "home_turf",
  "model": "probreg_fixed_k",
  "seed": 0,
  "n_samples": 1000,
  "k_for_toy": 10,
  "status": "ok",
  "seconds": 9.715416043996811,
  "training_cap": 100,
  "iterations_used": 36,
  "hit_cap": false,
  "convergence_ok": true,
  "mse": 2.35575795173645,
  "nll": 1.8493931293487549,
  "pit_ece": 0.12333333333333334,
  "picp@90": 1.0,
  "mpiw@90": 5.105871892654945,
  "crps": 0.9192539404988753,
  "winkler@90": 5.105871892654945,
  "reliability_curve": {
    "target": [
      0.0,
      0.05,
      0.1,
      0.15000000000000002,
      0.2,
      0.25,
      0.30000000000000004,
      0.35000000000000003,
      0.4,
      0.45,
      0.5,
      0.55,
      0.6000000000000001,
      0.65,
      0.7000000000000001,
      0.75,
      0.8,
      0.8500000000000001,
      0.9,
      0.9500000000000001,
      1.0
    ],
    "empirical": [
      0.0,
      0.0,
      0.04,
      0.34,
      0.4533333333333333,
      0.47,
      0.47,
      0.47,
      0.47,
      0.47,
      0.47,
      0.47,
      0.47,
      0.47,
      0.47333333333333333,
      0.5133333333333333,
      0.7133333333333334,
      0.97,
      1.0,
      1.0,
      1.0
    ]
  }
}