{
  "toy": "multimodal",
  "group": "home_turf",
  "model": "probreg_fixed_k",
  "seed": 1,
  "n_samples": 1000,
  "k_for_toy": 10,
  "status": "ok",
  "seconds": 5.944267515005777,
  "training_cap": 100,
  "iterations_used": 18,
  "hit_cap": false,
  "convergence_ok": true,
  "mse": 2.275568723678589,
  "nll": 1.830626368522644,
  "pit_ece": 0.13996969696969697,
  "picp@90": 1.0,
  "mpiw@90": 4.932372557932064,
  "crps": 0.9069078257437176,
  "winkler@90": 4.932372557932064,
  "reliability_curve": {
    "target": [
      0.0,
      0.05,
      0.1,
      0.15000000000000002,
      0.2,
      0.25,
      0.30000000000000004,
      0.35000000000000003,
      0.4,
      0.45,
      0.5,
      0.55,
      0.6000000000000001,
      0.65,
      0.7000000000000001,
      0.75,
      0.8,
      0.8500000000000001,
      0.9,
      0.9500000000000001,
      1.0
    ],
    "empirical": [
      0.0,
      0.0,
      0.0033333333333333335,
      0.19666666666666666,
      0.44,
      0.49333333333333335,
      0.5033333333333333,
      0.5066666666666667,
      0.5066666666666667,
      0.5066666666666667,
      0.5066666666666667,
      0.5066666666666667,
      0.5066666666666667,
      0.5066666666666667,
      0.5066666666666667,
      0.5066666666666667,
      0.5366666666666666,
      0.8366666666666667,
      0.98,
      1.0,
      1.0
    ]
  }
}