{
  "toy": "multimodal",
  "group": "home_turf",
  "model": "xgboost",
  "seed": 2,
  "n_samples": 1000,
  "k_for_toy": null,
  "status": "ok",
  "seconds": 0.05847681799787097,
  "training_cap": 300,
  "iterations_used": 64,
  "hit_cap": false,
  "convergence_ok": true,
  "mse": 2.6491007804870605,
  "nll": 1.987714409828186,
  "pit_ece": 0.12660606060606056,
  "picp@90": 0.84,
  "mpiw@90": 4.161608260116775,
  "crps": 0.9990144634814381,
  "winkler@90": 5.449588259437592,
  "reliability_curve": {
    "target": [
      0.0,
      0.05,
      0.1,
      0.15000000000000002,
      0.2,
      0.25,
      0.30000000000000004,
      0.35000000000000003,
      0.4,
      0.45,
      0.5,
      0.55,
      0.6000000000000001,
      0.65,
      0.7000000000000001,
      0.75,
      0.8,
      0.8500000000000001,
      0.9,
      0.9500000000000001,
      1.0
    ],
    "empirical": [
      0.0,
      0.06333333333333334,
      0.18666666666666668,
      0.27,
      0.3433333333333333,
      0.42,
      0.45,
      0.47333333333333333,
      0.48333333333333334,
      0.49,
      0.49333333333333335,
      0.49333333333333335,
      0.49333333333333335,
      0.5066666666666667,
      0.52,
      0.5333333333333333,
      0.5666666666666667,
      0.6666666666666666,
      0.77,
      0.9033333333333333,
      1.0
    ]
  }
}