{
  "toy": "multimodal",
  "group": "home_turf",
  "model": "xgboost",
  "seed": 3,
  "n_samples": 1000,
  "k_for_toy": null,
  "status": "ok",
  "seconds": 0.06498325598658994,
  "training_cap": 300,
  "iterations_used": 52,
  "hit_cap": false,
  "convergence_ok": true,
  "mse": 2.3916449546813965,
  "nll": 1.9156782627105713,
  "pit_ece": 0.13027272727272726,
  "picp@90": 0.9133333333333333,
  "mpiw@90": 4.12757348287768,
  "crps": 0.9523126396095798,
  "winkler@90": 4.658179930141243,
  "reliability_curve": {
    "target": [
      0.0,
      0.05,
      0.1,
      0.15000000000000002,
      0.2,
      0.25,
      0.30000000000000004,
      0.35000000000000003,
      0.4,
      0.45,
      0.5,
      0.55,
      0.6000000000000001,
      0.65,
      0.7000000000000001,
      0.75,
      0.8,
      0.8500000000000001,
      0.9,
      0.9500000000000001,
      1.0
    ],
    "empirical": [
      0.0,
      0.04666666666666667,
      0.19666666666666666,
      0.31666666666666665,
      0.37333333333333335,
      0.42,
      0.46,
      0.47333333333333333,
      0.4866666666666667,
      0.49,
      0.49,
      0.49,
      0.49,
      0.49666666666666665,
      0.5166666666666667,
      0.54,
      0.5733333333333334,
      0.65,
      0.7733333333333333,
      0.96,
      1.0
    ]
  }
}