{
  "toy": "multimodal",
  "group": "home_turf",
  "model": "nn_constant",
  "seed": 1,
  "n_samples": 1000,
  "k_for_toy": null,
  "status": "ok",
  "seconds": 0.5099632870114874,
  "training_cap": 100,
  "iterations_used": 7,
  "hit_cap": false,
  "convergence_ok": true,
  "mse": 2.316338300704956,
  "nll": 1.8392333984375,
  "pit_ece": 0.14263636363636362,
  "picp@90": 1.0,
  "mpiw@90": 4.921158687617811,
  "crps": 0.9166638082691007,
  "winkler@90": 4.921158687617811,
  "reliability_curve": {
    "target": [
      0.0,
      0.05,
      0.1,
      0.15000000000000002,
      0.2,
      0.25,
      0.30000000000000004,
      0.35000000000000003,
      0.4,
      0.45,
      0.5,
      0.55,
      0.6000000000000001,
      0.65,
      0.7000000000000001,
      0.75,
      0.8,
      0.8500000000000001,
      0.9,
      0.9500000000000001,
      1.0
    ],
    "empirical": [
      0.0,
      0.0,
      0.02666666666666667,
      0.3466666666666667,
      0.5066666666666667,
      0.5066666666666667,
      0.5066666666666667,
      0.5066666666666667,
      0.5066666666666667,
      0.5066666666666667,
      0.5066666666666667,
      0.5066666666666667,
      0.5066666666666667,
      0.5066666666666667,
      0.5066666666666667,
      0.51,
      0.59,
      0.9333333333333333,
      1.0,
      1.0,
      1.0
    ]
  }
}