{
  "toy": "multimodal",
  "group": "home_turf",
  "model": "lightgbm",
  "seed": 0,
  "n_samples": 1000,
  "k_for_toy": null,
  "status": "ok",
  "seconds": 0.07375500001944602,
  "training_cap": 300,
  "iterations_used": 65,
  "hit_cap": false,
  "convergence_ok": true,
  "mse": 2.3272875674566182,
  "nll": 1.8499078159259716,
  "pit_ece": 0.12678787878787878,
  "picp@90": 0.9866666666666667,
  "mpiw@90": 4.610840776363168,
  "crps": 0.9231387972688174,
  "winkler@90": 4.636319794716645,
  "reliability_curve": {
    "target": [
      0.0,
      0.05,
      0.1,
      0.15000000000000002,
      0.2,
      0.25,
      0.30000000000000004,
      0.35000000000000003,
      0.4,
      0.45,
      0.5,
      0.55,
      0.6000000000000001,
      0.65,
      0.7000000000000001,
      0.75,
      0.8,
      0.8500000000000001,
      0.9,
      0.9500000000000001,
      1.0
    ],
    "empirical": [
      0.0,
      0.013333333333333334,
      0.13,
      0.2833333333333333,
      0.41,
      0.46,
      0.47,
      0.47,
      0.47,
      0.47,
      0.47,
      0.47,
      0.47,
      0.47,
      0.4766666666666667,
      0.5033333333333333,
      0.6033333333333334,
      0.7533333333333333,
      0.95,
      1.0,
      1.0
    ]
  }
}