{
  "toy": "multimodal",
  "group": "home_turf",
  "model": "probreg_dynamic_k",
  "seed": 0,
  "n_samples": 1000,
  "k_for_toy": null,
  "status": "ok",
  "seconds": 29.830604043992935,
  "training_cap": 100,
  "iterations_used": 19,
  "hit_cap": false,
  "convergence_ok": true,
  "mse": 2.325965166091919,
  "nll": 1.8417706489562988,
  "pit_ece": 0.12533333333333335,
  "picp@90": 1.0,
  "mpiw@90": 4.899078652366434,
  "crps": 0.9154183924483992,
  "winkler@90": 4.899078652366434,
  "reliability_curve": {
    "target": [
      0.0,
      0.05,
      0.1,
      0.15000000000000002,
      0.2,
      0.25,
      0.30000000000000004,
      0.35000000000000003,
      0.4,
      0.45,
      0.5,
      0.55,
      0.6000000000000001,
      0.65,
      0.7000000000000001,
      0.75,
      0.8,
      0.8500000000000001,
      0.9,
      0.9500000000000001,
      1.0
    ],
    "empirical": [
      0.0,
      0.0,
      0.12666666666666668,
      0.43,
      0.47,
      0.47,
      0.47,
      0.47,
      0.47,
      0.47,
      0.47,
      0.47,
      0.47,
      0.47,
      0.47,
      0.5066666666666667,
      0.7166666666666667,
      0.9933333333333333,
      1.0,
      1.0,
      1.0
    ]
  }
}