{
  "toy": "multimodal",
  "group": "home_turf",
  "model": "catboost",
  "seed": 0,
  "n_samples": 1000,
  "k_for_toy": null,
  "status": "ok",
  "seconds": 0.10121217797859572,
  "training_cap": 300,
  "iterations_used": 67,
  "hit_cap": false,
  "convergence_ok": true,
  "mse": 2.3070569853481455,
  "nll": 1.8380579097489045,
  "pit_ece": 0.1373030303030303,
  "picp@90": 1.0,
  "mpiw@90": 4.8436945836391185,
  "crps": 0.9160704716026127,
  "winkler@90": 4.8436945836391185,
  "reliability_curve": {
    "target": [
      0.0,
      0.05,
      0.1,
      0.15000000000000002,
      0.2,
      0.25,
      0.30000000000000004,
      0.35000000000000003,
      0.4,
      0.45,
      0.5,
      0.55,
      0.6000000000000001,
      0.65,
      0.7000000000000001,
      0.75,
      0.8,
      0.8500000000000001,
      0.9,
      0.9500000000000001,
      1.0
    ],
    "empirical": [
      0.0,
      0.0,
      0.043333333333333335,
      0.29,
      0.44333333333333336,
      0.47,
      0.47,
      0.47,
      0.47,
      0.47,
      0.47,
      0.47,
      0.47,
      0.47,
      0.47,
      0.47333333333333333,
      0.5566666666666666,
      0.8533333333333334,
      0.9966666666666667,
      1.0,
      1.0
    ]
  }
}