{
  "toy": "multimodal",
  "group": "home_turf",
  "model": "catboost",
  "seed": 2,
  "n_samples": 1000,
  "k_for_toy": null,
  "status": "ok",
  "seconds": 0.144206098979339,
  "training_cap": 300,
  "iterations_used": 108,
  "hit_cap": false,
  "convergence_ok": true,
  "mse": 2.3188925390537696,
  "nll": 1.8429264555441462,
  "pit_ece": 0.1346363636363636,
  "picp@90": 1.0,
  "mpiw@90": 4.783392828432121,
  "crps": 0.919685384316421,
  "winkler@90": 4.783392828432121,
  "reliability_curve": {
    "target": [
      0.0,
      0.05,
      0.1,
      0.15000000000000002,
      0.2,
      0.25,
      0.30000000000000004,
      0.35000000000000003,
      0.4,
      0.45,
      0.5,
      0.55,
      0.6000000000000001,
      0.65,
      0.7000000000000001,
      0.75,
      0.8,
      0.8500000000000001,
      0.9,
      0.9500000000000001,
      1.0
    ],
    "empirical": [
      0.0,
      0.0,
      0.006666666666666667,
      0.19333333333333333,
      0.39666666666666667,
      0.48333333333333334,
      0.49333333333333335,
      0.49333333333333335,
      0.49333333333333335,
      0.49333333333333335,
      0.49333333333333335,
      0.49333333333333335,
      0.49333333333333335,
      0.49333333333333335,
      0.49333333333333335,
      0.49333333333333335,
      0.5366666666666666,
      0.7033333333333334,
      0.94,
      1.0,
      1.0
    ]
  }
}