{
  "toy": "multimodal",
  "group": "home_turf",
  "model": "lightgbm",
  "seed": 1,
  "n_samples": 1000,
  "k_for_toy": null,
  "status": "ok",
  "seconds": 0.07671529400977306,
  "training_cap": 300,
  "iterations_used": 40,
  "hit_cap": false,
  "convergence_ok": true,
  "mse": 2.3887644403898336,
  "nll": 1.8679816900302035,
  "pit_ece": 0.1086060606060606,
  "picp@90": 0.9633333333333334,
  "mpiw@90": 4.553090780741764,
  "crps": 0.9330838830456696,
  "winkler@90": 4.651443670513072,
  "reliability_curve": {
    "target": [
      0.0,
      0.05,
      0.1,
      0.15000000000000002,
      0.2,
      0.25,
      0.30000000000000004,
      0.35000000000000003,
      0.4,
      0.45,
      0.5,
      0.55,
      0.6000000000000001,
      0.65,
      0.7000000000000001,
      0.75,
      0.8,
      0.8500000000000001,
      0.9,
      0.9500000000000001,
      1.0
    ],
    "empirical": [
      0.0,
      0.02666666666666667,
      0.11666666666666667,
      0.2733333333333333,
      0.3433333333333333,
      0.42,
      0.46,
      0.5,
      0.5066666666666667,
      0.5066666666666667,
      0.5066666666666667,
      0.5066666666666667,
      0.5066666666666667,
      0.5166666666666667,
      0.5233333333333333,
      0.54,
      0.58,
      0.7233333333333334,
      0.85,
      0.99,
      1.0
    ]
  }
}