{
  "toy": "multimodal",
  "group": "home_turf",
  "model": "probreg_dynamic_k",
  "seed": 1,
  "n_samples": 1000,
  "k_for_toy": null,
  "status": "ok",
  "seconds": 16.57816422902397,
  "training_cap": 100,
  "iterations_used": 7,
  "hit_cap": false,
  "convergence_ok": true,
  "mse": 2.2953603267669678,
  "nll": 1.8371492624282837,
  "pit_ece": 0.11933333333333333,
  "picp@90": 1.0,
  "mpiw@90": 5.05388322885401,
  "crps": 0.9070415800062404,
  "winkler@90": 5.05388322885401,
  "reliability_curve": {
    "target": [
      0.0,
      0.05,
      0.1,
      0.15000000000000002,
      0.2,
      0.25,
      0.30000000000000004,
      0.35000000000000003,
      0.4,
      0.45,
      0.5,
      0.55,
      0.6000000000000001,
      0.65,
      0.7000000000000001,
      0.75,
      0.8,
      0.8500000000000001,
      0.9,
      0.9500000000000001,
      1.0
    ],
    "empirical": [
      0.0,
      0.0,
      0.0,
      0.03333333333333333,
      0.2633333333333333,
      0.44333333333333336,
      0.5066666666666667,
      0.5066666666666667,
      0.5066666666666667,
      0.5066666666666667,
      0.5066666666666667,
      0.5066666666666667,
      0.5066666666666667,
      0.5066666666666667,
      0.5066666666666667,
      0.5066666666666667,
      0.5266666666666666,
      0.6766666666666666,
      0.9066666666666666,
      1.0,
      1.0
    ]
  }
}