{
  "toy": "multimodal",
  "group": "home_turf",
  "model": "xgboost",
  "seed": 0,
  "n_samples": 1000,
  "k_for_toy": null,
  "status": "ok",
  "seconds": 0.05687041499186307,
  "training_cap": 300,
  "iterations_used": 64,
  "hit_cap": false,
  "convergence_ok": true,
  "mse": 2.6251590251922607,
  "nll": 1.9948152303695679,
  "pit_ece": 0.13060606060606056,
  "picp@90": 0.81,
  "mpiw@90": 4.126247717399483,
  "crps": 1.0030658238888572,
  "winkler@90": 5.356560405769826,
  "reliability_curve": {
    "target": [
      0.0,
      0.05,
      0.1,
      0.15000000000000002,
      0.2,
      0.25,
      0.30000000000000004,
      0.35000000000000003,
      0.4,
      0.45,
      0.5,
      0.55,
      0.6000000000000001,
      0.65,
      0.7000000000000001,
      0.75,
      0.8,
      0.8500000000000001,
      0.9,
      0.9500000000000001,
      1.0
    ],
    "empirical": [
      0.0,
      0.10333333333333333,
      0.21333333333333335,
      0.33,
      0.4266666666666667,
      0.45,
      0.4666666666666667,
      0.47,
      0.47,
      0.47,
      0.47,
      0.47,
      0.47,
      0.49,
      0.5266666666666666,
      0.5533333333333333,
      0.61,
      0.6733333333333333,
      0.8,
      0.9133333333333333,
      1.0
    ]
  }
}