{
  "toy": "multimodal",
  "group": "home_turf",
  "model": "lightgbm",
  "seed": 4,
  "n_samples": 1000,
  "k_for_toy": null,
  "status": "ok",
  "seconds": 0.06046180700650439,
  "training_cap": 300,
  "iterations_used": 39,
  "hit_cap": false,
  "convergence_ok": true,
  "mse": 2.38449237223354,
  "nll": 1.8587679547478724,
  "pit_ece": 0.1101212121212121,
  "picp@90": 1.0,
  "mpiw@90": 4.736703004471992,
  "crps": 0.9297333387720251,
  "winkler@90": 4.736703004471992,
  "reliability_curve": {
    "target": [
      0.0,
      0.05,
      0.1,
      0.15000000000000002,
      0.2,
      0.25,
      0.30000000000000004,
      0.35000000000000003,
      0.4,
      0.45,
      0.5,
      0.55,
      0.6000000000000001,
      0.65,
      0.7000000000000001,
      0.75,
      0.8,
      0.8500000000000001,
      0.9,
      0.9500000000000001,
      1.0
    ],
    "empirical": [
      0.0,
      0.0,
      0.12666666666666668,
      0.3233333333333333,
      0.42,
      0.49,
      0.51,
      0.5166666666666667,
      0.5166666666666667,
      0.5166666666666667,
      0.5166666666666667,
      0.5166666666666667,
      0.5166666666666667,
      0.5166666666666667,
      0.5333333333333333,
      0.58,
      0.6766666666666666,
      0.8,
      0.9166666666666666,
      1.0,
      1.0
    ]
  }
}