{
  "toy": "multimodal",
  "group": "home_turf",
  "model": "nn_constant",
  "seed": 3,
  "n_samples": 1000,
  "k_for_toy": null,
  "status": "ok",
  "seconds": 1.111144721013261,
  "training_cap": 100,
  "iterations_used": 21,
  "hit_cap": false,
  "convergence_ok": true,
  "mse": 2.278435707092285,
  "nll": 1.8309988975524902,
  "pit_ece": 0.13363636363636364,
  "picp@90": 1.0,
  "mpiw@90": 4.878642263923691,
  "crps": 0.9080445348604148,
  "winkler@90": 4.878642263923691,
  "reliability_curve": {
    "target": [
      0.0,
      0.05,
      0.1,
      0.15000000000000002,
      0.2,
      0.25,
      0.30000000000000004,
      0.35000000000000003,
      0.4,
      0.45,
      0.5,
      0.55,
      0.6000000000000001,
      0.65,
      0.7000000000000001,
      0.75,
      0.8,
      0.8500000000000001,
      0.9,
      0.9500000000000001,
      1.0
    ],
    "empirical": [
      0.0,
      0.0,
      0.03666666666666667,
      0.35333333333333333,
      0.49,
      0.49,
      0.49,
      0.49,
      0.49,
      0.49,
      0.49,
      0.49,
      0.49,
      0.49,
      0.49,
      0.5066666666666667,
      0.6266666666666667,
      0.93,
      1.0,
      1.0,
      1.0
    ]
  }
}