{
  "toy": "multimodal",
  "group": "home_turf",
  "model": "probreg_fixed_k",
  "seed": 4,
  "n_samples": 1000,
  "k_for_toy": 10,
  "status": "ok",
  "seconds": 3.987879891996272,
  "training_cap": 100,
  "iterations_used": 14,
  "hit_cap": false,
  "convergence_ok": true,
  "mse": 2.311450242996216,
  "nll": 1.8410212993621826,
  "pit_ece": 0.12596969696969698,
  "picp@90": 1.0,
  "mpiw@90": 5.082764359843732,
  "crps": 0.9109328916682629,
  "winkler@90": 5.082764359843732,
  "reliability_curve": {
    "target": [
      0.0,
      0.05,
      0.1,
      0.15000000000000002,
      0.2,
      0.25,
      0.30000000000000004,
      0.35000000000000003,
      0.4,
      0.45,
      0.5,
      0.55,
      0.6000000000000001,
      0.65,
      0.7000000000000001,
      0.75,
      0.8,
      0.8500000000000001,
      0.9,
      0.9500000000000001,
      1.0
    ],
    "empirical": [
      0.0,
      0.0,
      0.05333333333333334,
      0.26,
      0.5133333333333333,
      0.5166666666666667,
      0.5166666666666667,
      0.5166666666666667,
      0.5166666666666667,
      0.5166666666666667,
      0.5166666666666667,
      0.5166666666666667,
      0.5166666666666667,
      0.5166666666666667,
      0.5233333333333333,
      0.5833333333333334,
      0.7233333333333334,
      0.9333333333333333,
      1.0,
      1.0,
      1.0
    ]
  }
}