{
  "toy": "multimodal",
  "group": "home_turf",
  "model": "lightgbm",
  "seed": 3,
  "n_samples": 1000,
  "k_for_toy": null,
  "status": "ok",
  "seconds": 0.11627896301797591,
  "training_cap": 300,
  "iterations_used": 50,
  "hit_cap": false,
  "convergence_ok": true,
  "mse": 2.3276243448961744,
  "nll": 1.8486093854155023,
  "pit_ece": 0.13196969696969693,
  "picp@90": 1.0,
  "mpiw@90": 4.619836105292017,
  "crps": 0.924912375692771,
  "winkler@90": 4.619836105292017,
  "reliability_curve": {
    "target": [
      0.0,
      0.05,
      0.1,
      0.15000000000000002,
      0.2,
      0.25,
      0.30000000000000004,
      0.35000000000000003,
      0.4,
      0.45,
      0.5,
      0.55,
      0.6000000000000001,
      0.65,
      0.7000000000000001,
      0.75,
      0.8,
      0.8500000000000001,
      0.9,
      0.9500000000000001,
      1.0
    ],
    "empirical": [
      0.0,
      0.0,
      0.08,
      0.31666666666666665,
      0.43666666666666665,
      0.48,
      0.4866666666666667,
      0.49,
      0.49,
      0.49,
      0.49,
      0.49,
      0.49,
      0.49,
      0.49,
      0.5166666666666667,
      0.59,
      0.7333333333333333,
      0.9366666666666666,
      1.0,
      1.0
    ]
  }
}