{
  "toy": "multimodal",
  "group": "home_turf",
  "model": "catboost",
  "seed": 4,
  "n_samples": 1000,
  "k_for_toy": null,
  "status": "ok",
  "seconds": 0.10756377800134942,
  "training_cap": 300,
  "iterations_used": 58,
  "hit_cap": false,
  "convergence_ok": true,
  "mse": 2.2881678415690674,
  "nll": 1.8331677873518053,
  "pit_ece": 0.13563636363636364,
  "picp@90": 1.0,
  "mpiw@90": 4.899349801747359,
  "crps": 0.9099154560770999,
  "winkler@90": 4.899349801747359,
  "reliability_curve": {
    "target": [
      0.0,
      0.05,
      0.1,
      0.15000000000000002,
      0.2,
      0.25,
      0.30000000000000004,
      0.35000000000000003,
      0.4,
      0.45,
      0.5,
      0.55,
      0.6000000000000001,
      0.65,
      0.7000000000000001,
      0.75,
      0.8,
      0.8500000000000001,
      0.9,
      0.9500000000000001,
      1.0
    ],
    "empirical": [
      0.0,
      0.0,
      0.02,
      0.25,
      0.47333333333333333,
      0.5166666666666667,
      0.5166666666666667,
      0.5166666666666667,
      0.5166666666666667,
      0.5166666666666667,
      0.5166666666666667,
      0.5166666666666667,
      0.5166666666666667,
      0.5166666666666667,
      0.5166666666666667,
      0.54,
      0.6133333333333333,
      0.8166666666666667,
      0.9933333333333333,
      1.0,
      1.0
    ]
  }
}