{
  "toy": "multimodal",
  "group": "home_turf",
  "model": "catboost",
  "seed": 3,
  "n_samples": 1000,
  "k_for_toy": null,
  "status": "ok",
  "seconds": 0.10734140599379316,
  "training_cap": 300,
  "iterations_used": 55,
  "hit_cap": false,
  "convergence_ok": true,
  "mse": 2.3057776021949183,
  "nll": 1.8379215599681704,
  "pit_ece": 0.14663636363636362,
  "picp@90": 1.0,
  "mpiw@90": 4.819275657518339,
  "crps": 0.9173416691685446,
  "winkler@90": 4.819275657518339,
  "reliability_curve": {
    "target": [
      0.0,
      0.05,
      0.1,
      0.15000000000000002,
      0.2,
      0.25,
      0.30000000000000004,
      0.35000000000000003,
      0.4,
      0.45,
      0.5,
      0.55,
      0.6000000000000001,
      0.65,
      0.7000000000000001,
      0.75,
      0.8,
      0.8500000000000001,
      0.9,
      0.9500000000000001,
      1.0
    ],
    "empirical": [
      0.0,
      0.0,
      0.016666666666666666,
      0.27,
      0.4766666666666667,
      0.49,
      0.49,
      0.49,
      0.49,
      0.49,
      0.49,
      0.49,
      0.49,
      0.49,
      0.49,
      0.49,
      0.54,
      0.8166666666666667,
      1.0,
      1.0,
      1.0
    ]
  }
}