{
  "toy": "multimodal",
  "group": "home_turf",
  "model": "probreg_dynamic_k",
  "seed": 3,
  "n_samples": 1000,
  "k_for_toy": null,
  "status": "ok",
  "seconds": 32.87591136500123,
  "training_cap": 100,
  "iterations_used": 20,
  "hit_cap": false,
  "convergence_ok": true,
  "mse": 2.271772861480713,
  "nll": 1.8311647176742554,
  "pit_ece": 0.12030303030303031,
  "picp@90": 1.0,
  "mpiw@90": 4.7979221161730115,
  "crps": 0.906439047562255,
  "winkler@90": 4.797922116173011,
  "reliability_curve": {
    "target": [
      0.0,
      0.05,
      0.1,
      0.15000000000000002,
      0.2,
      0.25,
      0.30000000000000004,
      0.35000000000000003,
      0.4,
      0.45,
      0.5,
      0.55,
      0.6000000000000001,
      0.65,
      0.7000000000000001,
      0.75,
      0.8,
      0.8500000000000001,
      0.9,
      0.9500000000000001,
      1.0
    ],
    "empirical": [
      0.0,
      0.0,
      0.1,
      0.32,
      0.4533333333333333,
      0.49,
      0.49,
      0.49,
      0.49,
      0.49,
      0.49,
      0.49,
      0.49,
      0.49,
      0.49,
      0.5133333333333333,
      0.6566666666666666,
      0.8933333333333333,
      0.9933333333333333,
      1.0,
      1.0
    ]
  }
}