{
  "toy": "multimodal",
  "group": "home_turf",
  "model": "catboost",
  "seed": 1,
  "n_samples": 1000,
  "k_for_toy": null,
  "status": "ok",
  "seconds": 0.09885762701742351,
  "training_cap": 300,
  "iterations_used": 56,
  "hit_cap": false,
  "convergence_ok": true,
  "mse": 2.28388234906188,
  "nll": 1.833357665699469,
  "pit_ece": 0.1326363636363636,
  "picp@90": 1.0,
  "mpiw@90": 4.804856219524992,
  "crps": 0.9108185994225181,
  "winkler@90": 4.804856219524992,
  "reliability_curve": {
    "target": [
      0.0,
      0.05,
      0.1,
      0.15000000000000002,
      0.2,
      0.25,
      0.30000000000000004,
      0.35000000000000003,
      0.4,
      0.45,
      0.5,
      0.55,
      0.6000000000000001,
      0.65,
      0.7000000000000001,
      0.75,
      0.8,
      0.8500000000000001,
      0.9,
      0.9500000000000001,
      1.0
    ],
    "empirical": [
      0.0,
      0.0,
      0.006666666666666667,
      0.19333333333333333,
      0.3933333333333333,
      0.4866666666666667,
      0.49666666666666665,
      0.5066666666666667,
      0.5066666666666667,
      0.5066666666666667,
      0.5066666666666667,
      0.5066666666666667,
      0.5066666666666667,
      0.5066666666666667,
      0.5066666666666667,
      0.51,
      0.5366666666666666,
      0.7133333333333334,
      0.96,
      1.0,
      1.0
    ]
  }
}