{
  "toy": "multimodal",
  "group": "home_turf",
  "model": "probreg_fixed_k",
  "seed": 3,
  "n_samples": 1000,
  "k_for_toy": 10,
  "status": "ok",
  "seconds": 4.38762590000988,
  "training_cap": 100,
  "iterations_used": 9,
  "hit_cap": false,
  "convergence_ok": true,
  "mse": 2.3263192176818848,
  "nll": 1.8429858684539795,
  "pit_ece": 0.13496969696969696,
  "picp@90": 1.0,
  "mpiw@90": 5.011685055124173,
  "crps": 0.9167518664071885,
  "winkler@90": 5.011685055124173,
  "reliability_curve": {
    "target": [
      0.0,
      0.05,
      0.1,
      0.15000000000000002,
      0.2,
      0.25,
      0.30000000000000004,
      0.35000000000000003,
      0.4,
      0.45,
      0.5,
      0.55,
      0.6000000000000001,
      0.65,
      0.7000000000000001,
      0.75,
      0.8,
      0.8500000000000001,
      0.9,
      0.9500000000000001,
      1.0
    ],
    "empirical": [
      0.0,
      0.0,
      0.02,
      0.19333333333333333,
      0.38,
      0.4766666666666667,
      0.49,
      0.49,
      0.49,
      0.49,
      0.49,
      0.49,
      0.49,
      0.49,
      0.49,
      0.49,
      0.5566666666666666,
      0.8166666666666667,
      0.9966666666666667,
      1.0,
      1.0
    ]
  }
}