{
  "toy": "multimodal",
  "group": "home_turf",
  "model": "probreg_fixed_k",
  "seed": 2,
  "n_samples": 1000,
  "k_for_toy": 10,
  "status": "ok",
  "seconds": 3.2543741799890995,
  "training_cap": 100,
  "iterations_used": 11,
  "hit_cap": false,
  "convergence_ok": true,
  "mse": 2.417685031890869,
  "nll": 1.86378014087677,
  "pit_ece": 0.11733333333333333,
  "picp@90": 0.9966666666666667,
  "mpiw@90": 5.0554746590707085,
  "crps": 0.9321350419543202,
  "winkler@90": 5.059424124536827,
  "reliability_curve": {
    "target": [
      0.0,
      0.05,
      0.1,
      0.15000000000000002,
      0.2,
      0.25,
      0.30000000000000004,
      0.35000000000000003,
      0.4,
      0.45,
      0.5,
      0.55,
      0.6000000000000001,
      0.65,
      0.7000000000000001,
      0.75,
      0.8,
      0.8500000000000001,
      0.9,
      0.9500000000000001,
      1.0
    ],
    "empirical": [
      0.0,
      0.0,
      0.0,
      0.07666666666666666,
      0.21,
      0.4166666666666667,
      0.4866666666666667,
      0.49333333333333335,
      0.49333333333333335,
      0.49333333333333335,
      0.49333333333333335,
      0.49333333333333335,
      0.49333333333333335,
      0.49333333333333335,
      0.49333333333333335,
      0.49333333333333335,
      0.5033333333333333,
      0.6433333333333333,
      0.9133333333333333,
      0.9966666666666667,
      1.0
    ]
  }
}