{
  "toy": "multimodal",
  "group": "home_turf",
  "model": "xgboost",
  "seed": 1,
  "n_samples": 1000,
  "k_for_toy": null,
  "status": "ok",
  "seconds": 0.04068827201263048,
  "training_cap": 300,
  "iterations_used": 33,
  "hit_cap": false,
  "convergence_ok": true,
  "mse": 2.443906545639038,
  "nll": 1.916803002357483,
  "pit_ece": 0.10860606060606057,
  "picp@90": 0.8733333333333333,
  "mpiw@90": 4.223558644409666,
  "crps": 0.9493777988153214,
  "winkler@90": 5.07761550093849,
  "reliability_curve": {
    "target": [
      0.0,
      0.05,
      0.1,
      0.15000000000000002,
      0.2,
      0.25,
      0.30000000000000004,
      0.35000000000000003,
      0.4,
      0.45,
      0.5,
      0.55,
      0.6000000000000001,
      0.65,
      0.7000000000000001,
      0.75,
      0.8,
      0.8500000000000001,
      0.9,
      0.9500000000000001,
      1.0
    ],
    "empirical": [
      0.0,
      0.06333333333333334,
      0.15666666666666668,
      0.27,
      0.33666666666666667,
      0.4066666666666667,
      0.44333333333333336,
      0.4666666666666667,
      0.49,
      0.49666666666666665,
      0.5,
      0.51,
      0.5266666666666666,
      0.53,
      0.5333333333333333,
      0.5466666666666666,
      0.6,
      0.6933333333333334,
      0.78,
      0.9366666666666666,
      1.0
    ]
  }
}