{
  "toy": "multimodal",
  "group": "home_turf",
  "model": "nn_constant",
  "seed": 2,
  "n_samples": 1000,
  "k_for_toy": null,
  "status": "ok",
  "seconds": 1.4585005609842483,
  "training_cap": 100,
  "iterations_used": 11,
  "hit_cap": false,
  "convergence_ok": true,
  "mse": 2.3428568840026855,
  "nll": 1.844825029373169,
  "pit_ece": 0.10130303030303027,
  "picp@90": 1.0,
  "mpiw@90": 5.1075830974980745,
  "crps": 0.9101070856904478,
  "winkler@90": 5.107583097498075,
  "reliability_curve": {
    "target": [
      0.0,
      0.05,
      0.1,
      0.15000000000000002,
      0.2,
      0.25,
      0.30000000000000004,
      0.35000000000000003,
      0.4,
      0.45,
      0.5,
      0.55,
      0.6000000000000001,
      0.65,
      0.7000000000000001,
      0.75,
      0.8,
      0.8500000000000001,
      0.9,
      0.9500000000000001,
      1.0
    ],
    "empirical": [
      0.0,
      0.0,
      0.03,
      0.23,
      0.27,
      0.3566666666666667,
      0.49,
      0.49333333333333335,
      0.49333333333333335,
      0.49333333333333335,
      0.49333333333333335,
      0.49333333333333335,
      0.49333333333333335,
      0.49333333333333335,
      0.49333333333333335,
      0.53,
      0.7466666666666667,
      0.79,
      0.91,
      1.0,
      1.0
    ]
  }
}