{
  "toy": "multimodal",
  "group": "home_turf",
  "model": "nn_constant",
  "seed": 0,
  "n_samples": 1000,
  "k_for_toy": null,
  "status": "ok",
  "seconds": 0.37245055398670956,
  "training_cap": 100,
  "iterations_used": 2,
  "hit_cap": false,
  "convergence_ok": true,
  "mse": 2.3878276348114014,
  "nll": 1.8547662496566772,
  "pit_ece": 0.12430303030303028,
  "picp@90": 1.0,
  "mpiw@90": 4.957939325553963,
  "crps": 0.9285235238508922,
  "winkler@90": 4.957939325553963,
  "reliability_curve": {
    "target": [
      0.0,
      0.05,
      0.1,
      0.15000000000000002,
      0.2,
      0.25,
      0.30000000000000004,
      0.35000000000000003,
      0.4,
      0.45,
      0.5,
      0.55,
      0.6000000000000001,
      0.65,
      0.7000000000000001,
      0.75,
      0.8,
      0.8500000000000001,
      0.9,
      0.9500000000000001,
      1.0
    ],
    "empirical": [
      0.0,
      0.0,
      0.0033333333333333335,
      0.13666666666666666,
      0.27,
      0.42333333333333334,
      0.47,
      0.47,
      0.47,
      0.47,
      0.47,
      0.47,
      0.47,
      0.47,
      0.47,
      0.47,
      0.5066666666666667,
      0.6566666666666666,
      0.9233333333333333,
      1.0,
      1.0
    ]
  }
}