{
  "toy": "multimodal",
  "group": "home_turf",
  "model": "probreg_dynamic_k",
  "seed": 2,
  "n_samples": 1000,
  "k_for_toy": null,
  "status": "ok",
  "seconds": 41.28070967498934,
  "training_cap": 100,
  "iterations_used": 27,
  "hit_cap": false,
  "convergence_ok": true,
  "mse": 2.3092238903045654,
  "nll": 1.8378198146820068,
  "pit_ece": 0.1356363636363636,
  "picp@90": 1.0,
  "mpiw@90": 4.900404229606072,
  "crps": 0.9144223829803925,
  "winkler@90": 4.900404229606072,
  "reliability_curve": {
    "target": [
      0.0,
      0.05,
      0.1,
      0.15000000000000002,
      0.2,
      0.25,
      0.30000000000000004,
      0.35000000000000003,
      0.4,
      0.45,
      0.5,
      0.55,
      0.6000000000000001,
      0.65,
      0.7000000000000001,
      0.75,
      0.8,
      0.8500000000000001,
      0.9,
      0.9500000000000001,
      1.0
    ],
    "empirical": [
      0.0,
      0.0,
      0.02666666666666667,
      0.37666666666666665,
      0.49333333333333335,
      0.49333333333333335,
      0.49333333333333335,
      0.49333333333333335,
      0.49333333333333335,
      0.49333333333333335,
      0.49333333333333335,
      0.49333333333333335,
      0.49333333333333335,
      0.49333333333333335,
      0.49333333333333335,
      0.5266666666666666,
      0.6466666666666666,
      0.9433333333333334,
      1.0,
      1.0,
      1.0
    ]
  }
}