{
  "toy": "multimodal",
  "group": "home_turf",
  "model": "xgboost",
  "seed": 4,
  "n_samples": 1000,
  "k_for_toy": null,
  "status": "ok",
  "seconds": 0.03925892399274744,
  "training_cap": 300,
  "iterations_used": 35,
  "hit_cap": false,
  "convergence_ok": true,
  "mse": 2.4394359588623047,
  "nll": 1.900579810142517,
  "pit_ece": 0.12578787878787878,
  "picp@90": 0.9366666666666666,
  "mpiw@90": 4.33700513886243,
  "crps": 0.9517940964746398,
  "winkler@90": 4.730737916169138,
  "reliability_curve": {
    "target": [
      0.0,
      0.05,
      0.1,
      0.15000000000000002,
      0.2,
      0.25,
      0.30000000000000004,
      0.35000000000000003,
      0.4,
      0.45,
      0.5,
      0.55,
      0.6000000000000001,
      0.65,
      0.7000000000000001,
      0.75,
      0.8,
      0.8500000000000001,
      0.9,
      0.9500000000000001,
      1.0
    ],
    "empirical": [
      0.0,
      0.03666666666666667,
      0.25,
      0.3466666666666667,
      0.44,
      0.4633333333333333,
      0.48333333333333334,
      0.5033333333333333,
      0.5133333333333333,
      0.5133333333333333,
      0.52,
      0.52,
      0.52,
      0.52,
      0.53,
      0.5666666666666667,
      0.6566666666666666,
      0.7433333333333333,
      0.8933333333333333,
      0.9733333333333334,
      1.0
    ]
  }
}