{
  "toy": "multimodal",
  "group": "home_turf",
  "model": "lightgbm",
  "seed": 2,
  "n_samples": 1000,
  "k_for_toy": null,
  "status": "ok",
  "seconds": 0.11504814299405552,
  "training_cap": 300,
  "iterations_used": 95,
  "hit_cap": false,
  "convergence_ok": true,
  "mse": 2.4383355349463196,
  "nll": 1.887861666638521,
  "pit_ece": 0.1086060606060606,
  "picp@90": 0.9466666666666667,
  "mpiw@90": 4.550987528825971,
  "crps": 0.9473198897250006,
  "winkler@90": 4.784896540690879,
  "reliability_curve": {
    "target": [
      0.0,
      0.05,
      0.1,
      0.15000000000000002,
      0.2,
      0.25,
      0.30000000000000004,
      0.35000000000000003,
      0.4,
      0.45,
      0.5,
      0.55,
      0.6000000000000001,
      0.65,
      0.7000000000000001,
      0.75,
      0.8,
      0.8500000000000001,
      0.9,
      0.9500000000000001,
      1.0
    ],
    "empirical": [
      0.0,
      0.023333333333333334,
      0.13,
      0.22666666666666666,
      0.33666666666666667,
      0.44,
      0.4633333333333333,
      0.48,
      0.49333333333333335,
      0.49333333333333335,
      0.49333333333333335,
      0.49333333333333335,
      0.49333333333333335,
      0.49333333333333335,
      0.49333333333333335,
      0.5133333333333333,
      0.5766666666666667,
      0.6866666666666666,
      0.8633333333333333,
      0.97,
      1.0
    ]
  }
}