{
  "toy": "multimodal",
  "group": "home_turf",
  "model": "probreg_dynamic_k",
  "seed": 4,
  "n_samples": 1000,
  "k_for_toy": null,
  "status": "ok",
  "seconds": 14.85519985499559,
  "training_cap": 100,
  "iterations_used": 6,
  "hit_cap": false,
  "convergence_ok": true,
  "mse": 2.2464616298675537,
  "nll": 1.8238102197647095,
  "pit_ece": 0.14296969696969697,
  "picp@90": 1.0,
  "mpiw@90": 4.904853206117069,
  "crps": 0.9022694479826175,
  "winkler@90": 4.904853206117069,
  "reliability_curve": {
    "target": [
      0.0,
      0.05,
      0.1,
      0.15000000000000002,
      0.2,
      0.25,
      0.30000000000000004,
      0.35000000000000003,
      0.4,
      0.45,
      0.5,
      0.55,
      0.6000000000000001,
      0.65,
      0.7000000000000001,
      0.75,
      0.8,
      0.8500000000000001,
      0.9,
      0.9500000000000001,
      1.0
    ],
    "empirical": [
      0.0,
      0.0,
      0.0,
      0.22,
      0.49666666666666665,
      0.5166666666666667,
      0.5166666666666667,
      0.5166666666666667,
      0.5166666666666667,
      0.5166666666666667,
      0.5166666666666667,
      0.5166666666666667,
      0.5166666666666667,
      0.5166666666666667,
      0.5166666666666667,
      0.5166666666666667,
      0.54,
      0.8366666666666667,
      1.0,
      1.0,
      1.0
    ]
  }
}