{
  "toy": "piecewise",
  "group": "standard",
  "model": "lightgbm",
  "seed": 0,
  "n_samples": 800,
  "k_for_toy": null,
  "status": "ok",
  "seconds": 0.3907361519814003,
  "training_cap": 300,
  "iterations_used": 300,
  "hit_cap": true,
  "convergence_ok": false,
  "mse": 0.15747750754238074,
  "nll": 0.4809332919132385,
  "pit_ece": 0.04859848484848483,
  "picp@90": 0.725,
  "mpiw@90": 0.881053302827236,
  "crps": 0.21474873200655395,
  "winkler@90": 1.7206605579598178,
  "reliability_curve": {
    "target": [
      0.0,
      0.05,
      0.1,
      0.15000000000000002,
      0.2,
      0.25,
      0.30000000000000004,
      0.35000000000000003,
      0.4,
      0.45,
      0.5,
      0.55,
      0.6000000000000001,
      0.65,
      0.7000000000000001,
      0.75,
      0.8,
      0.8500000000000001,
      0.9,
      0.9500000000000001,
      1.0
    ],
    "empirical": [
      0.0,
      0.15,
      0.2,
      0.24583333333333332,
      0.2833333333333333,
      0.3333333333333333,
      0.36666666666666664,
      0.4041666666666667,
      0.4375,
      0.4791666666666667,
      0.5375,
      0.5708333333333333,
      0.5958333333333333,
      0.6333333333333333,
      0.6875,
      0.7208333333333333,
      0.75,
      0.7916666666666666,
      0.8291666666666667,
      0.875,
      1.0
    ]
  }
}