{
  "toy": "piecewise",
  "group": "standard",
  "model": "catboost",
  "seed": 2,
  "n_samples": 800,
  "k_for_toy": null,
  "status": "ok",
  "seconds": 0.3908499270037282,
  "training_cap": 300,
  "iterations_used": 300,
  "hit_cap": true,
  "convergence_ok": false,
  "mse": 0.09141864383817769,
  "nll": 0.20568482440969588,
  "pit_ece": 0.03109848484848482,
  "picp@90": 0.8291666666666667,
  "mpiw@90": 0.7985520836533697,
  "crps": 0.16660296053307094,
  "winkler@90": 1.279018106593455,
  "reliability_curve": {
    "target": [
      0.0,
      0.05,
      0.1,
      0.15000000000000002,
      0.2,
      0.25,
      0.30000000000000004,
      0.35000000000000003,
      0.4,
      0.45,
      0.5,
      0.55,
      0.6000000000000001,
      0.65,
      0.7000000000000001,
      0.75,
      0.8,
      0.8500000000000001,
      0.9,
      0.9500000000000001,
      1.0
    ],
    "empirical": [
      0.0,
      0.06666666666666667,
      0.12083333333333333,
      0.16666666666666666,
      0.23333333333333334,
      0.275,
      0.32083333333333336,
      0.3625,
      0.4083333333333333,
      0.44583333333333336,
      0.475,
      0.5208333333333334,
      0.5666666666666667,
      0.6375,
      0.6625,
      0.7,
      0.7333333333333333,
      0.7833333333333333,
      0.8416666666666667,
      0.8958333333333334,
      1.0
    ]
  }
}