{
  "toy": "piecewise",
  "group": "standard",
  "model": "probreg_fixed_k",
  "seed": 3,
  "n_samples": 800,
  "k_for_toy": 10,
  "status": "ok",
  "seconds": 9.654135355987819,
  "training_cap": 100,
  "iterations_used": 36,
  "hit_cap": false,
  "convergence_ok": true,
  "mse": 0.2978568971157074,
  "nll": 0.6523083448410034,
  "pit_ece": 0.0695833333333333,
  "picp@90": 0.9083333333333333,
  "mpiw@90": 1.7282139441052777,
  "crps": 0.28909200677599317,
  "winkler@90": 1.9758455541492987,
  "reliability_curve": {
    "target": [
      0.0,
      0.05,
      0.1,
      0.15000000000000002,
      0.2,
      0.25,
      0.30000000000000004,
      0.35000000000000003,
      0.4,
      0.45,
      0.5,
      0.55,
      0.6000000000000001,
      0.65,
      0.7000000000000001,
      0.75,
      0.8,
      0.8500000000000001,
      0.9,
      0.9500000000000001,
      1.0
    ],
    "empirical": [
      0.0,
      0.0125,
      0.04583333333333333,
      0.08333333333333333,
      0.125,
      0.17083333333333334,
      0.22916666666666666,
      0.3,
      0.325,
      0.375,
      0.4125,
      0.4583333333333333,
      0.525,
      0.5666666666666667,
      0.6166666666666667,
      0.6708333333333333,
      0.7208333333333333,
      0.8041666666666667,
      0.8333333333333334,
      0.9208333333333333,
      1.0
    ]
  }
}