{
  "toy": "piecewise",
  "group": "standard",
  "model": "xgboost",
  "seed": 0,
  "n_samples": 800,
  "k_for_toy": null,
  "status": "ok",
  "seconds": 0.15312702397932298,
  "training_cap": 300,
  "iterations_used": 106,
  "hit_cap": false,
  "convergence_ok": true,
  "mse": 0.09102746844291687,
  "nll": 0.3667161166667938,
  "pit_ece": 0.06609848484848482,
  "picp@90": 0.7,
  "mpiw@90": 0.6091200437518908,
  "crps": 0.16794155688556714,
  "winkler@90": 1.4518064116600817,
  "reliability_curve": {
    "target": [
      0.0,
      0.05,
      0.1,
      0.15000000000000002,
      0.2,
      0.25,
      0.30000000000000004,
      0.35000000000000003,
      0.4,
      0.45,
      0.5,
      0.55,
      0.6000000000000001,
      0.65,
      0.7000000000000001,
      0.75,
      0.8,
      0.8500000000000001,
      0.9,
      0.9500000000000001,
      1.0
    ],
    "empirical": [
      0.0,
      0.1375,
      0.18333333333333332,
      0.2375,
      0.2833333333333333,
      0.3458333333333333,
      0.37916666666666665,
      0.425,
      0.4583333333333333,
      0.4875,
      0.5333333333333333,
      0.5666666666666667,
      0.5875,
      0.6125,
      0.6416666666666667,
      0.6666666666666666,
      0.7166666666666667,
      0.7458333333333333,
      0.7958333333333333,
      0.8375,
      1.0
    ]
  }
}