{
  "toy": "piecewise",
  "group": "standard",
  "model": "probreg_dynamic_k",
  "seed": 3,
  "n_samples": 800,
  "k_for_toy": null,
  "status": "ok",
  "seconds": 34.35681767898495,
  "training_cap": 100,
  "iterations_used": 17,
  "hit_cap": false,
  "convergence_ok": true,
  "mse": 0.34129878878593445,
  "nll": 0.5334781408309937,
  "pit_ece": 0.0616666666666667,
  "picp@90": 0.9208333333333333,
  "mpiw@90": 1.7052583796978307,
  "crps": 0.29181927153196857,
  "winkler@90": 1.970285069841338,
  "reliability_curve": {
    "target": [
      0.0,
      0.05,
      0.1,
      0.15000000000000002,
      0.2,
      0.25,
      0.30000000000000004,
      0.35000000000000003,
      0.4,
      0.45,
      0.5,
      0.55,
      0.6000000000000001,
      0.65,
      0.7000000000000001,
      0.75,
      0.8,
      0.8500000000000001,
      0.9,
      0.9500000000000001,
      1.0
    ],
    "empirical": [
      0.0,
      0.0625,
      0.15416666666666667,
      0.225,
      0.275,
      0.32916666666666666,
      0.4041666666666667,
      0.42083333333333334,
      0.48333333333333334,
      0.5166666666666667,
      0.5416666666666666,
      0.575,
      0.65,
      0.7125,
      0.7541666666666667,
      0.8166666666666667,
      0.8875,
      0.925,
      0.9625,
      0.9833333333333333,
      1.0
    ]
  }
}