{
  "toy": "piecewise",
  "group": "standard",
  "model": "nn_constant",
  "seed": 1,
  "n_samples": 800,
  "k_for_toy": null,
  "status": "ok",
  "seconds": 0.7898172209970653,
  "training_cap": 100,
  "iterations_used": 17,
  "hit_cap": false,
  "convergence_ok": true,
  "mse": 0.3245145380496979,
  "nll": 0.8601566553115845,
  "pit_ece": 0.05166666666666667,
  "picp@90": 0.85,
  "mpiw@90": 1.7623988029507087,
  "crps": 0.3231413511496012,
  "winkler@90": 2.3313288757131856,
  "reliability_curve": {
    "target": [
      0.0,
      0.05,
      0.1,
      0.15000000000000002,
      0.2,
      0.25,
      0.30000000000000004,
      0.35000000000000003,
      0.4,
      0.45,
      0.5,
      0.55,
      0.6000000000000001,
      0.65,
      0.7000000000000001,
      0.75,
      0.8,
      0.8500000000000001,
      0.9,
      0.9500000000000001,
      1.0
    ],
    "empirical": [
      0.0,
      0.12083333333333333,
      0.15833333333333333,
      0.18333333333333332,
      0.2125,
      0.24583333333333332,
      0.2625,
      0.2916666666666667,
      0.3416666666666667,
      0.35833333333333334,
      0.3958333333333333,
      0.43333333333333335,
      0.49166666666666664,
      0.5666666666666667,
      0.6416666666666667,
      0.725,
      0.8208333333333333,
      0.8541666666666666,
      0.9,
      0.9708333333333333,
      1.0
    ]
  }
}