{
  "toy": "piecewise",
  "group": "standard",
  "model": "nn_constant",
  "seed": 0,
  "n_samples": 800,
  "k_for_toy": null,
  "status": "ok",
  "seconds": 1.0354974399961066,
  "training_cap": 100,
  "iterations_used": 27,
  "hit_cap": false,
  "convergence_ok": true,
  "mse": 0.31679362058639526,
  "nll": 0.8542776107788086,
  "pit_ece": 0.042878787878787905,
  "picp@90": 0.85,
  "mpiw@90": 1.6800848262489156,
  "crps": 0.31343903939851026,
  "winkler@90": 2.5371015715360477,
  "reliability_curve": {
    "target": [
      0.0,
      0.05,
      0.1,
      0.15000000000000002,
      0.2,
      0.25,
      0.30000000000000004,
      0.35000000000000003,
      0.4,
      0.45,
      0.5,
      0.55,
      0.6000000000000001,
      0.65,
      0.7000000000000001,
      0.75,
      0.8,
      0.8500000000000001,
      0.9,
      0.9500000000000001,
      1.0
    ],
    "empirical": [
      0.0,
      0.125,
      0.175,
      0.19583333333333333,
      0.22916666666666666,
      0.2625,
      0.2916666666666667,
      0.3625,
      0.4125,
      0.4791666666666667,
      0.5416666666666666,
      0.6208333333333333,
      0.6958333333333333,
      0.7416666666666667,
      0.775,
      0.8125,
      0.8375,
      0.8833333333333333,
      0.9166666666666666,
      0.975,
      1.0
    ]
  }
}