{
  "toy": "piecewise",
  "group": "standard",
  "model": "nn_constant",
  "seed": 2,
  "n_samples": 800,
  "k_for_toy": null,
  "status": "ok",
  "seconds": 1.423712796997279,
  "training_cap": 100,
  "iterations_used": 38,
  "hit_cap": false,
  "convergence_ok": true,
  "mse": 0.4746282696723938,
  "nll": 1.098914384841919,
  "pit_ece": 0.12458333333333335,
  "picp@90": 0.8083333333333333,
  "mpiw@90": 1.831500981875042,
  "crps": 0.3740284816272878,
  "winkler@90": 3.6045298791879095,
  "reliability_curve": {
    "target": [
      0.0,
      0.05,
      0.1,
      0.15000000000000002,
      0.2,
      0.25,
      0.30000000000000004,
      0.35000000000000003,
      0.4,
      0.45,
      0.5,
      0.55,
      0.6000000000000001,
      0.65,
      0.7000000000000001,
      0.75,
      0.8,
      0.8500000000000001,
      0.9,
      0.9500000000000001,
      1.0
    ],
    "empirical": [
      0.0,
      0.18333333333333332,
      0.2125,
      0.2375,
      0.2875,
      0.325,
      0.3625,
      0.42083333333333334,
      0.5,
      0.5791666666666667,
      0.6416666666666667,
      0.7291666666666666,
      0.7875,
      0.8625,
      0.9041666666666667,
      0.9166666666666666,
      0.9375,
      0.9458333333333333,
      0.9666666666666667,
      0.9916666666666667,
      1.0
    ]
  }
}