{
  "toy": "piecewise",
  "group": "standard",
  "model": "catboost",
  "seed": 1,
  "n_samples": 800,
  "k_for_toy": null,
  "status": "ok",
  "seconds": 0.3108182529977057,
  "training_cap": 300,
  "iterations_used": 299,
  "hit_cap": false,
  "convergence_ok": true,
  "mse": 0.08492388456787762,
  "nll": 0.20623151168411577,
  "pit_ece": 0.03401515151515151,
  "picp@90": 0.825,
  "mpiw@90": 0.7343035132562417,
  "crps": 0.16098903329793196,
  "winkler@90": 1.2857133331326935,
  "reliability_curve": {
    "target": [
      0.0,
      0.05,
      0.1,
      0.15000000000000002,
      0.2,
      0.25,
      0.30000000000000004,
      0.35000000000000003,
      0.4,
      0.45,
      0.5,
      0.55,
      0.6000000000000001,
      0.65,
      0.7000000000000001,
      0.75,
      0.8,
      0.8500000000000001,
      0.9,
      0.9500000000000001,
      1.0
    ],
    "empirical": [
      0.0,
      0.10416666666666667,
      0.15,
      0.21666666666666667,
      0.275,
      0.2916666666666667,
      0.3416666666666667,
      0.37916666666666665,
      0.4375,
      0.4791666666666667,
      0.5291666666666667,
      0.5583333333333333,
      0.6125,
      0.6375,
      0.7,
      0.725,
      0.7791666666666667,
      0.8333333333333334,
      0.8666666666666667,
      0.9291666666666667,
      1.0
    ]
  }
}