{
  "toy": "piecewise",
  "group": "standard",
  "model": "lightgbm",
  "seed": 4,
  "n_samples": 800,
  "k_for_toy": null,
  "status": "ok",
  "seconds": 0.34378986901720054,
  "training_cap": 300,
  "iterations_used": 299,
  "hit_cap": false,
  "convergence_ok": true,
  "mse": 0.09253543931366291,
  "nll": 0.22641075446965575,
  "pit_ece": 0.043181818181818155,
  "picp@90": 0.825,
  "mpiw@90": 0.8327142881344618,
  "crps": 0.1715719714918332,
  "winkler@90": 1.2165132100828528,
  "reliability_curve": {
    "target": [
      0.0,
      0.05,
      0.1,
      0.15000000000000002,
      0.2,
      0.25,
      0.30000000000000004,
      0.35000000000000003,
      0.4,
      0.45,
      0.5,
      0.55,
      0.6000000000000001,
      0.65,
      0.7000000000000001,
      0.75,
      0.8,
      0.8500000000000001,
      0.9,
      0.9500000000000001,
      1.0
    ],
    "empirical": [
      0.0,
      0.075,
      0.14166666666666666,
      0.19166666666666668,
      0.24583333333333332,
      0.30833333333333335,
      0.3333333333333333,
      0.37916666666666665,
      0.4041666666666667,
      0.43333333333333335,
      0.4791666666666667,
      0.5416666666666666,
      0.5666666666666667,
      0.5916666666666667,
      0.6333333333333333,
      0.6916666666666667,
      0.7416666666666667,
      0.7625,
      0.8458333333333333,
      0.9,
      1.0
    ]
  }
}