{
  "toy": "piecewise",
  "group": "standard",
  "model": "probreg_dynamic_k",
  "seed": 4,
  "n_samples": 800,
  "k_for_toy": null,
  "status": "ok",
  "seconds": 109.45195164400502,
  "training_cap": 100,
  "iterations_used": 81,
  "hit_cap": false,
  "convergence_ok": true,
  "mse": 0.25642043352127075,
  "nll": 0.41048577427864075,
  "pit_ece": 0.0441666666666667,
  "picp@90": 0.9166666666666666,
  "mpiw@90": 1.4617466489971542,
  "crps": 0.2515329304629015,
  "winkler@90": 1.6238701512696385,
  "reliability_curve": {
    "target": [
      0.0,
      0.05,
      0.1,
      0.15000000000000002,
      0.2,
      0.25,
      0.30000000000000004,
      0.35000000000000003,
      0.4,
      0.45,
      0.5,
      0.55,
      0.6000000000000001,
      0.65,
      0.7000000000000001,
      0.75,
      0.8,
      0.8500000000000001,
      0.9,
      0.9500000000000001,
      1.0
    ],
    "empirical": [
      0.0,
      0.058333333333333334,
      0.14166666666666666,
      0.21666666666666667,
      0.2625,
      0.31666666666666665,
      0.35,
      0.4,
      0.44583333333333336,
      0.4791666666666667,
      0.5375,
      0.6041666666666666,
      0.6458333333333334,
      0.7083333333333334,
      0.7416666666666667,
      0.7791666666666667,
      0.8291666666666667,
      0.8625,
      0.925,
      0.975,
      1.0
    ]
  }
}