{
  "toy": "piecewise",
  "group": "standard",
  "model": "probreg_fixed_k",
  "seed": 2,
  "n_samples": 800,
  "k_for_toy": 10,
  "status": "ok",
  "seconds": 3.8925809569773264,
  "training_cap": 100,
  "iterations_used": 18,
  "hit_cap": false,
  "convergence_ok": true,
  "mse": 0.31943175196647644,
  "nll": 0.6145790815353394,
  "pit_ece": 0.08708333333333332,
  "picp@90": 0.9291666666666667,
  "mpiw@90": 1.692386004678354,
  "crps": 0.2951974515006866,
  "winkler@90": 1.8713909028347748,
  "reliability_curve": {
    "target": [
      0.0,
      0.05,
      0.1,
      0.15000000000000002,
      0.2,
      0.25,
      0.30000000000000004,
      0.35000000000000003,
      0.4,
      0.45,
      0.5,
      0.55,
      0.6000000000000001,
      0.65,
      0.7000000000000001,
      0.75,
      0.8,
      0.8500000000000001,
      0.9,
      0.9500000000000001,
      1.0
    ],
    "empirical": [
      0.0,
      0.016666666666666666,
      0.0625,
      0.1,
      0.16666666666666666,
      0.19583333333333333,
      0.2375,
      0.2791666666666667,
      0.325,
      0.37083333333333335,
      0.4,
      0.44166666666666665,
      0.4583333333333333,
      0.4791666666666667,
      0.5583333333333333,
      0.6125,
      0.6625,
      0.7541666666666667,
      0.8291666666666667,
      0.9458333333333333,
      1.0
    ]
  }
}