{
  "toy": "piecewise",
  "group": "standard",
  "model": "probreg_dynamic_k",
  "seed": 2,
  "n_samples": 800,
  "k_for_toy": null,
  "status": "ok",
  "seconds": 67.81548144901171,
  "training_cap": 100,
  "iterations_used": 52,
  "hit_cap": false,
  "convergence_ok": true,
  "mse": 0.2895106077194214,
  "nll": 0.560279905796051,
  "pit_ece": 0.052954545454545435,
  "picp@90": 0.8875,
  "mpiw@90": 1.4695579991449554,
  "crps": 0.2763999477798347,
  "winkler@90": 1.7714226639680741,
  "reliability_curve": {
    "target": [
      0.0,
      0.05,
      0.1,
      0.15000000000000002,
      0.2,
      0.25,
      0.30000000000000004,
      0.35000000000000003,
      0.4,
      0.45,
      0.5,
      0.55,
      0.6000000000000001,
      0.65,
      0.7000000000000001,
      0.75,
      0.8,
      0.8500000000000001,
      0.9,
      0.9500000000000001,
      1.0
    ],
    "empirical": [
      0.0,
      0.029166666666666667,
      0.058333333333333334,
      0.12916666666666668,
      0.19166666666666668,
      0.25416666666666665,
      0.3,
      0.35,
      0.38333333333333336,
      0.425,
      0.4666666666666667,
      0.49583333333333335,
      0.5333333333333333,
      0.5583333333333333,
      0.5875,
      0.6291666666666667,
      0.6791666666666667,
      0.7416666666666667,
      0.8166666666666667,
      0.9166666666666666,
      1.0
    ]
  }
}