{
  "toy": "piecewise",
  "group": "standard",
  "model": "xgboost",
  "seed": 1,
  "n_samples": 800,
  "k_for_toy": null,
  "status": "ok",
  "seconds": 0.07899684002040885,
  "training_cap": 300,
  "iterations_used": 95,
  "hit_cap": false,
  "convergence_ok": true,
  "mse": 0.0780894011259079,
  "nll": 0.5085583925247192,
  "pit_ece": 0.07102272727272725,
  "picp@90": 0.7041666666666667,
  "mpiw@90": 0.5507727878842829,
  "crps": 0.15895850835428138,
  "winkler@90": 1.4599387168046676,
  "reliability_curve": {
    "target": [
      0.0,
      0.05,
      0.1,
      0.15000000000000002,
      0.2,
      0.25,
      0.30000000000000004,
      0.35000000000000003,
      0.4,
      0.45,
      0.5,
      0.55,
      0.6000000000000001,
      0.65,
      0.7000000000000001,
      0.75,
      0.8,
      0.8500000000000001,
      0.9,
      0.9500000000000001,
      1.0
    ],
    "empirical": [
      0.0,
      0.15833333333333333,
      0.20833333333333334,
      0.25416666666666665,
      0.30416666666666664,
      0.3375,
      0.3875,
      0.42083333333333334,
      0.4375,
      0.4666666666666667,
      0.49166666666666664,
      0.525,
      0.5583333333333333,
      0.6,
      0.6166666666666667,
      0.675,
      0.725,
      0.7708333333333334,
      0.7958333333333333,
      0.8625,
      1.0
    ]
  }
}