{
  "toy": "piecewise",
  "group": "standard",
  "model": "lightgbm",
  "seed": 1,
  "n_samples": 800,
  "k_for_toy": null,
  "status": "ok",
  "seconds": 0.35129076801240444,
  "training_cap": 300,
  "iterations_used": 300,
  "hit_cap": true,
  "convergence_ok": false,
  "mse": 0.1157348264748795,
  "nll": 0.3210514037595645,
  "pit_ece": 0.040984848484848506,
  "picp@90": 0.8166666666666667,
  "mpiw@90": 0.8870410876891616,
  "crps": 0.18601991382492644,
  "winkler@90": 1.466859271097625,
  "reliability_curve": {
    "target": [
      0.0,
      0.05,
      0.1,
      0.15000000000000002,
      0.2,
      0.25,
      0.30000000000000004,
      0.35000000000000003,
      0.4,
      0.45,
      0.5,
      0.55,
      0.6000000000000001,
      0.65,
      0.7000000000000001,
      0.75,
      0.8,
      0.8500000000000001,
      0.9,
      0.9500000000000001,
      1.0
    ],
    "empirical": [
      0.0,
      0.11666666666666667,
      0.19166666666666668,
      0.23333333333333334,
      0.29583333333333334,
      0.3416666666666667,
      0.38333333333333336,
      0.425,
      0.42916666666666664,
      0.4791666666666667,
      0.525,
      0.5666666666666667,
      0.6291666666666667,
      0.6541666666666667,
      0.7,
      0.7375,
      0.8125,
      0.85,
      0.8958333333333334,
      0.9333333333333333,
      1.0
    ]
  }
}