{
  "toy": "piecewise",
  "group": "standard",
  "model": "lightgbm",
  "seed": 3,
  "n_samples": 800,
  "k_for_toy": null,
  "status": "ok",
  "seconds": 0.4699484360171482,
  "training_cap": 300,
  "iterations_used": 300,
  "hit_cap": true,
  "convergence_ok": false,
  "mse": 0.11151881299412328,
  "nll": 0.23250855557093902,
  "pit_ece": 0.031401515151515146,
  "picp@90": 0.8541666666666666,
  "mpiw@90": 0.8992349208054686,
  "crps": 0.18002518952549398,
  "winkler@90": 1.3273913123649048,
  "reliability_curve": {
    "target": [
      0.0,
      0.05,
      0.1,
      0.15000000000000002,
      0.2,
      0.25,
      0.30000000000000004,
      0.35000000000000003,
      0.4,
      0.45,
      0.5,
      0.55,
      0.6000000000000001,
      0.65,
      0.7000000000000001,
      0.75,
      0.8,
      0.8500000000000001,
      0.9,
      0.9500000000000001,
      1.0
    ],
    "empirical": [
      0.0,
      0.1,
      0.1625,
      0.21666666666666667,
      0.2708333333333333,
      0.32083333333333336,
      0.35,
      0.3958333333333333,
      0.4375,
      0.4791666666666667,
      0.5,
      0.5375,
      0.5791666666666667,
      0.6208333333333333,
      0.6916666666666667,
      0.7375,
      0.8041666666666667,
      0.85,
      0.8916666666666667,
      0.9541666666666667,
      1.0
    ]
  }
}