{
  "toy": "piecewise",
  "group": "standard",
  "model": "xgboost",
  "seed": 3,
  "n_samples": 800,
  "k_for_toy": null,
  "status": "ok",
  "seconds": 0.11360311901080422,
  "training_cap": 300,
  "iterations_used": 147,
  "hit_cap": false,
  "convergence_ok": true,
  "mse": 0.08102861046791077,
  "nll": 0.32804399728775024,
  "pit_ece": 0.07310606060606059,
  "picp@90": 0.7208333333333333,
  "mpiw@90": 0.6081166644208269,
  "crps": 0.16401874775423758,
  "winkler@90": 1.3518446017442802,
  "reliability_curve": {
    "target": [
      0.0,
      0.05,
      0.1,
      0.15000000000000002,
      0.2,
      0.25,
      0.30000000000000004,
      0.35000000000000003,
      0.4,
      0.45,
      0.5,
      0.55,
      0.6000000000000001,
      0.65,
      0.7000000000000001,
      0.75,
      0.8,
      0.8500000000000001,
      0.9,
      0.9500000000000001,
      1.0
    ],
    "empirical": [
      0.0,
      0.14583333333333334,
      0.22916666666666666,
      0.275,
      0.30833333333333335,
      0.3375,
      0.37083333333333335,
      0.4166666666666667,
      0.44583333333333336,
      0.4666666666666667,
      0.475,
      0.49166666666666664,
      0.5291666666666667,
      0.5791666666666667,
      0.6208333333333333,
      0.675,
      0.7291666666666666,
      0.775,
      0.825,
      0.8666666666666667,
      1.0
    ]
  }
}