{
  "toy": "piecewise",
  "group": "standard",
  "model": "nn_constant",
  "seed": 4,
  "n_samples": 800,
  "k_for_toy": null,
  "status": "ok",
  "seconds": 1.5137472180067562,
  "training_cap": 100,
  "iterations_used": 20,
  "hit_cap": false,
  "convergence_ok": true,
  "mse": 0.2925568222999573,
  "nll": 0.809292733669281,
  "pit_ece": 0.06155303030303033,
  "picp@90": 0.8958333333333334,
  "mpiw@90": 1.9115988417083616,
  "crps": 0.3015764516309093,
  "winkler@90": 2.312598072184396,
  "reliability_curve": {
    "target": [
      0.0,
      0.05,
      0.1,
      0.15000000000000002,
      0.2,
      0.25,
      0.30000000000000004,
      0.35000000000000003,
      0.4,
      0.45,
      0.5,
      0.55,
      0.6000000000000001,
      0.65,
      0.7000000000000001,
      0.75,
      0.8,
      0.8500000000000001,
      0.9,
      0.9500000000000001,
      1.0
    ],
    "empirical": [
      0.0,
      0.09166666666666666,
      0.1625,
      0.17083333333333334,
      0.17916666666666667,
      0.22083333333333333,
      0.25833333333333336,
      0.30833333333333335,
      0.3958333333333333,
      0.4666666666666667,
      0.5708333333333333,
      0.6708333333333333,
      0.7333333333333333,
      0.7833333333333333,
      0.8208333333333333,
      0.8666666666666667,
      0.8833333333333333,
      0.9041666666666667,
      0.9166666666666666,
      0.9875,
      1.0
    ]
  }
}