{
  "toy": "piecewise",
  "group": "standard",
  "model": "probreg_fixed_k",
  "seed": 1,
  "n_samples": 800,
  "k_for_toy": 10,
  "status": "ok",
  "seconds": 4.861051212006714,
  "training_cap": 100,
  "iterations_used": 22,
  "hit_cap": false,
  "convergence_ok": true,
  "mse": 0.29188835620880127,
  "nll": 0.5096098780632019,
  "pit_ece": 0.03583333333333337,
  "picp@90": 0.9416666666666667,
  "mpiw@90": 1.73878425836368,
  "crps": 0.2737217412179293,
  "winkler@90": 1.834789646993577,
  "reliability_curve": {
    "target": [
      0.0,
      0.05,
      0.1,
      0.15000000000000002,
      0.2,
      0.25,
      0.30000000000000004,
      0.35000000000000003,
      0.4,
      0.45,
      0.5,
      0.55,
      0.6000000000000001,
      0.65,
      0.7000000000000001,
      0.75,
      0.8,
      0.8500000000000001,
      0.9,
      0.9500000000000001,
      1.0
    ],
    "empirical": [
      0.0,
      0.041666666666666664,
      0.11666666666666667,
      0.175,
      0.23333333333333334,
      0.2916666666666667,
      0.32916666666666666,
      0.375,
      0.4375,
      0.4791666666666667,
      0.5166666666666667,
      0.6,
      0.6416666666666667,
      0.6791666666666667,
      0.7458333333333333,
      0.8041666666666667,
      0.8583333333333333,
      0.9083333333333333,
      0.9583333333333334,
      0.9833333333333333,
      1.0
    ]
  }
}