{
  "toy": "piecewise",
  "group": "standard",
  "model": "probreg_dynamic_k",
  "seed": 0,
  "n_samples": 800,
  "k_for_toy": null,
  "status": "ok",
  "seconds": 100.46211032799329,
  "training_cap": 100,
  "iterations_used": 82,
  "hit_cap": false,
  "convergence_ok": true,
  "mse": 0.3042663037776947,
  "nll": 0.5094896554946899,
  "pit_ece": 0.025075757575757574,
  "picp@90": 0.9125,
  "mpiw@90": 1.543690549427274,
  "crps": 0.28034513615854106,
  "winkler@90": 1.7169455454430396,
  "reliability_curve": {
    "target": [
      0.0,
      0.05,
      0.1,
      0.15000000000000002,
      0.2,
      0.25,
      0.30000000000000004,
      0.35000000000000003,
      0.4,
      0.45,
      0.5,
      0.55,
      0.6000000000000001,
      0.65,
      0.7000000000000001,
      0.75,
      0.8,
      0.8500000000000001,
      0.9,
      0.9500000000000001,
      1.0
    ],
    "empirical": [
      0.0,
      0.041666666666666664,
      0.12083333333333333,
      0.19583333333333333,
      0.2625,
      0.30416666666666664,
      0.3541666666666667,
      0.3875,
      0.4041666666666667,
      0.4583333333333333,
      0.5333333333333333,
      0.5708333333333333,
      0.6166666666666667,
      0.6666666666666666,
      0.7,
      0.7458333333333333,
      0.775,
      0.8208333333333333,
      0.9041666666666667,
      0.9541666666666667,
      1.0
    ]
  }
}