{
  "toy": "piecewise",
  "group": "standard",
  "model": "nn_constant",
  "seed": 3,
  "n_samples": 800,
  "k_for_toy": null,
  "status": "ok",
  "seconds": 0.4039166419825051,
  "training_cap": 100,
  "iterations_used": 6,
  "hit_cap": false,
  "convergence_ok": true,
  "mse": 0.2981937825679779,
  "nll": 0.814309298992157,
  "pit_ece": 0.04787878787878787,
  "picp@90": 0.8541666666666666,
  "mpiw@90": 1.762107033184269,
  "crps": 0.30197624251213473,
  "winkler@90": 2.467438094518165,
  "reliability_curve": {
    "target": [
      0.0,
      0.05,
      0.1,
      0.15000000000000002,
      0.2,
      0.25,
      0.30000000000000004,
      0.35000000000000003,
      0.4,
      0.45,
      0.5,
      0.55,
      0.6000000000000001,
      0.65,
      0.7000000000000001,
      0.75,
      0.8,
      0.8500000000000001,
      0.9,
      0.9500000000000001,
      1.0
    ],
    "empirical": [
      0.0,
      0.0375,
      0.07916666666666666,
      0.1125,
      0.15416666666666667,
      0.1625,
      0.19166666666666668,
      0.2375,
      0.3,
      0.3458333333333333,
      0.425,
      0.49166666666666664,
      0.5458333333333333,
      0.6583333333333333,
      0.7291666666666666,
      0.7708333333333334,
      0.8041666666666667,
      0.8333333333333334,
      0.8708333333333333,
      0.8916666666666667,
      1.0
    ]
  }
}