{
  "toy": "piecewise",
  "group": "standard",
  "model": "xgboost",
  "seed": 2,
  "n_samples": 800,
  "k_for_toy": null,
  "status": "ok",
  "seconds": 0.1316210140066687,
  "training_cap": 300,
  "iterations_used": 92,
  "hit_cap": false,
  "convergence_ok": true,
  "mse": 0.07895048707723618,
  "nll": 0.29450222849845886,
  "pit_ece": 0.05984848484848483,
  "picp@90": 0.7291666666666666,
  "mpiw@90": 0.6152738812868388,
  "crps": 0.1577556008654368,
  "winkler@90": 1.3333085458438083,
  "reliability_curve": {
    "target": [
      0.0,
      0.05,
      0.1,
      0.15000000000000002,
      0.2,
      0.25,
      0.30000000000000004,
      0.35000000000000003,
      0.4,
      0.45,
      0.5,
      0.55,
      0.6000000000000001,
      0.65,
      0.7000000000000001,
      0.75,
      0.8,
      0.8500000000000001,
      0.9,
      0.9500000000000001,
      1.0
    ],
    "empirical": [
      0.0,
      0.12083333333333333,
      0.1625,
      0.21666666666666667,
      0.25833333333333336,
      0.2916666666666667,
      0.3375,
      0.3541666666666667,
      0.39166666666666666,
      0.42916666666666664,
      0.4625,
      0.48333333333333334,
      0.5333333333333333,
      0.5791666666666667,
      0.6291666666666667,
      0.6625,
      0.7041666666666667,
      0.7458333333333333,
      0.8083333333333333,
      0.85,
      1.0
    ]
  }
}