{
  "toy": "piecewise",
  "group": "standard",
  "model": "catboost",
  "seed": 0,
  "n_samples": 800,
  "k_for_toy": null,
  "status": "ok",
  "seconds": 0.3037936210166663,
  "training_cap": 300,
  "iterations_used": 299,
  "hit_cap": false,
  "convergence_ok": true,
  "mse": 0.09970023300678571,
  "nll": 0.23925196396606435,
  "pit_ece": 0.04045454545454547,
  "picp@90": 0.8083333333333333,
  "mpiw@90": 0.7733042953443856,
  "crps": 0.17157191328284052,
  "winkler@90": 1.3692969960269155,
  "reliability_curve": {
    "target": [
      0.0,
      0.05,
      0.1,
      0.15000000000000002,
      0.2,
      0.25,
      0.30000000000000004,
      0.35000000000000003,
      0.4,
      0.45,
      0.5,
      0.55,
      0.6000000000000001,
      0.65,
      0.7000000000000001,
      0.75,
      0.8,
      0.8500000000000001,
      0.9,
      0.9500000000000001,
      1.0
    ],
    "empirical": [
      0.0,
      0.11666666666666667,
      0.17916666666666667,
      0.20416666666666666,
      0.2791666666666667,
      0.32916666666666666,
      0.35833333333333334,
      0.42083333333333334,
      0.45,
      0.4708333333333333,
      0.5166666666666667,
      0.5708333333333333,
      0.625,
      0.6625,
      0.7166666666666667,
      0.7541666666666667,
      0.7791666666666667,
      0.8166666666666667,
      0.8708333333333333,
      0.925,
      1.0
    ]
  }
}