{
  "toy": "piecewise",
  "group": "standard",
  "model": "probreg_fixed_k",
  "seed": 0,
  "n_samples": 800,
  "k_for_toy": 10,
  "status": "ok",
  "seconds": 6.549397404014599,
  "training_cap": 100,
  "iterations_used": 31,
  "hit_cap": false,
  "convergence_ok": true,
  "mse": 0.3222283124923706,
  "nll": 0.5842454433441162,
  "pit_ece": 0.05583333333333337,
  "picp@90": 0.9041666666666667,
  "mpiw@90": 1.700086277736197,
  "crps": 0.29251392872542276,
  "winkler@90": 1.9029931790817705,
  "reliability_curve": {
    "target": [
      0.0,
      0.05,
      0.1,
      0.15000000000000002,
      0.2,
      0.25,
      0.30000000000000004,
      0.35000000000000003,
      0.4,
      0.45,
      0.5,
      0.55,
      0.6000000000000001,
      0.65,
      0.7000000000000001,
      0.75,
      0.8,
      0.8500000000000001,
      0.9,
      0.9500000000000001,
      1.0
    ],
    "empirical": [
      0.0,
      0.07083333333333333,
      0.15,
      0.2375,
      0.2833333333333333,
      0.3416666666666667,
      0.39166666666666666,
      0.4375,
      0.4791666666666667,
      0.525,
      0.5708333333333333,
      0.6,
      0.6541666666666667,
      0.6791666666666667,
      0.7,
      0.7666666666666667,
      0.825,
      0.8791666666666667,
      0.9208333333333333,
      0.975,
      1.0
    ]
  }
}