{
  "toy": "piecewise",
  "group": "standard",
  "model": "lightgbm",
  "seed": 2,
  "n_samples": 800,
  "k_for_toy": null,
  "status": "ok",
  "seconds": 0.379141976009123,
  "training_cap": 300,
  "iterations_used": 300,
  "hit_cap": true,
  "convergence_ok": false,
  "mse": 0.14432776465695946,
  "nll": 0.38808906673710364,
  "pit_ece": 0.05352272727272724,
  "picp@90": 0.8125,
  "mpiw@90": 0.8931705950309258,
  "crps": 0.20395261379058108,
  "winkler@90": 1.4972594629089437,
  "reliability_curve": {
    "target": [
      0.0,
      0.05,
      0.1,
      0.15000000000000002,
      0.2,
      0.25,
      0.30000000000000004,
      0.35000000000000003,
      0.4,
      0.45,
      0.5,
      0.55,
      0.6000000000000001,
      0.65,
      0.7000000000000001,
      0.75,
      0.8,
      0.8500000000000001,
      0.9,
      0.9500000000000001,
      1.0
    ],
    "empirical": [
      0.0,
      0.0875,
      0.175,
      0.22916666666666666,
      0.275,
      0.325,
      0.3458333333333333,
      0.4,
      0.425,
      0.4625,
      0.4875,
      0.525,
      0.575,
      0.6166666666666667,
      0.6416666666666667,
      0.6791666666666667,
      0.7333333333333333,
      0.7833333333333333,
      0.825,
      0.9,
      1.0
    ]
  }
}