{
  "toy": "piecewise",
  "group": "standard",
  "model": "probreg_dynamic_k",
  "seed": 1,
  "n_samples": 800,
  "k_for_toy": null,
  "status": "ok",
  "seconds": 32.901010036002845,
  "training_cap": 100,
  "iterations_used": 20,
  "hit_cap": false,
  "convergence_ok": true,
  "mse": 0.2855460047721863,
  "nll": 0.5696272253990173,
  "pit_ece": 0.03818181818181817,
  "picp@90": 0.8875,
  "mpiw@90": 1.4241967368932815,
  "crps": 0.2727649033046589,
  "winkler@90": 1.7748889658590323,
  "reliability_curve": {
    "target": [
      0.0,
      0.05,
      0.1,
      0.15000000000000002,
      0.2,
      0.25,
      0.30000000000000004,
      0.35000000000000003,
      0.4,
      0.45,
      0.5,
      0.55,
      0.6000000000000001,
      0.65,
      0.7000000000000001,
      0.75,
      0.8,
      0.8500000000000001,
      0.9,
      0.9500000000000001,
      1.0
    ],
    "empirical": [
      0.0,
      0.075,
      0.15416666666666667,
      0.22083333333333333,
      0.25833333333333336,
      0.30833333333333335,
      0.35,
      0.3875,
      0.4375,
      0.475,
      0.5458333333333333,
      0.5833333333333334,
      0.6041666666666666,
      0.625,
      0.6583333333333333,
      0.7,
      0.7458333333333333,
      0.8166666666666667,
      0.8875,
      0.9625,
      1.0
    ]
  }
}