{
  "toy": "piecewise",
  "group": "standard",
  "model": "probreg_fixed_k",
  "seed": 4,
  "n_samples": 800,
  "k_for_toy": 10,
  "status": "ok",
  "seconds": 13.0561899819877,
  "training_cap": 100,
  "iterations_used": 72,
  "hit_cap": false,
  "convergence_ok": true,
  "mse": 0.29032495617866516,
  "nll": 0.4879264235496521,
  "pit_ece": 0.040454545454545465,
  "picp@90": 0.8875,
  "mpiw@90": 1.569744153066555,
  "crps": 0.26931174167991195,
  "winkler@90": 1.7570700949879188,
  "reliability_curve": {
    "target": [
      0.0,
      0.05,
      0.1,
      0.15000000000000002,
      0.2,
      0.25,
      0.30000000000000004,
      0.35000000000000003,
      0.4,
      0.45,
      0.5,
      0.55,
      0.6000000000000001,
      0.65,
      0.7000000000000001,
      0.75,
      0.8,
      0.8500000000000001,
      0.9,
      0.9500000000000001,
      1.0
    ],
    "empirical": [
      0.0,
      0.07083333333333333,
      0.10416666666666667,
      0.15833333333333333,
      0.2375,
      0.325,
      0.37916666666666665,
      0.42083333333333334,
      0.4791666666666667,
      0.5166666666666667,
      0.575,
      0.6166666666666667,
      0.6541666666666667,
      0.6916666666666667,
      0.7416666666666667,
      0.7833333333333333,
      0.8083333333333333,
      0.8458333333333333,
      0.8875,
      0.9583333333333334,
      1.0
    ]
  }
}