{
  "toy": "piecewise",
  "group": "standard",
  "model": "catboost",
  "seed": 3,
  "n_samples": 800,
  "k_for_toy": null,
  "status": "ok",
  "seconds": 0.3254466889775358,
  "training_cap": 300,
  "iterations_used": 300,
  "hit_cap": true,
  "convergence_ok": false,
  "mse": 0.10151024118650717,
  "nll": 0.264412471546302,
  "pit_ece": 0.04852272727272725,
  "picp@90": 0.7958333333333333,
  "mpiw@90": 0.7889344109714206,
  "crps": 0.17736169549282224,
  "winkler@90": 1.3646544184787421,
  "reliability_curve": {
    "target": [
      0.0,
      0.05,
      0.1,
      0.15000000000000002,
      0.2,
      0.25,
      0.30000000000000004,
      0.35000000000000003,
      0.4,
      0.45,
      0.5,
      0.55,
      0.6000000000000001,
      0.65,
      0.7000000000000001,
      0.75,
      0.8,
      0.8500000000000001,
      0.9,
      0.9500000000000001,
      1.0
    ],
    "empirical": [
      0.0,
      0.125,
      0.175,
      0.225,
      0.2916666666666667,
      0.3125,
      0.3541666666666667,
      0.39166666666666666,
      0.45,
      0.48333333333333334,
      0.49583333333333335,
      0.5333333333333333,
      0.5583333333333333,
      0.6083333333333333,
      0.6458333333333334,
      0.7125,
      0.7708333333333334,
      0.8208333333333333,
      0.8875,
      0.9208333333333333,
      1.0
    ]
  }
}