{
  "toy": "piecewise",
  "group": "standard",
  "model": "catboost",
  "seed": 4,
  "n_samples": 800,
  "k_for_toy": null,
  "status": "ok",
  "seconds": 0.3272458119899966,
  "training_cap": 300,
  "iterations_used": 300,
  "hit_cap": true,
  "convergence_ok": false,
  "mse": 0.07402687727431884,
  "nll": 0.12222333769843406,
  "pit_ece": 0.03602272727272726,
  "picp@90": 0.8416666666666667,
  "mpiw@90": 0.734611358705873,
  "crps": 0.1533825563219257,
  "winkler@90": 1.1301936758440467,
  "reliability_curve": {
    "target": [
      0.0,
      0.05,
      0.1,
      0.15000000000000002,
      0.2,
      0.25,
      0.30000000000000004,
      0.35000000000000003,
      0.4,
      0.45,
      0.5,
      0.55,
      0.6000000000000001,
      0.65,
      0.7000000000000001,
      0.75,
      0.8,
      0.8500000000000001,
      0.9,
      0.9500000000000001,
      1.0
    ],
    "empirical": [
      0.0,
      0.075,
      0.15416666666666667,
      0.2,
      0.22083333333333333,
      0.275,
      0.32083333333333336,
      0.37083333333333335,
      0.42083333333333334,
      0.4666666666666667,
      0.5125,
      0.5333333333333333,
      0.5666666666666667,
      0.6166666666666667,
      0.6541666666666667,
      0.6791666666666667,
      0.7208333333333333,
      0.7958333333333333,
      0.8583333333333333,
      0.9166666666666666,
      1.0
    ]
  }
}