{
  "toy": "piecewise",
  "group": "standard",
  "model": "xgboost",
  "seed": 4,
  "n_samples": 800,
  "k_for_toy": null,
  "status": "ok",
  "seconds": 0.08853199298027903,
  "training_cap": 300,
  "iterations_used": 105,
  "hit_cap": false,
  "convergence_ok": true,
  "mse": 0.07484661787748337,
  "nll": 0.3709264099597931,
  "pit_ece": 0.05518939393939391,
  "picp@90": 0.7208333333333333,
  "mpiw@90": 0.5749543937772077,
  "crps": 0.15282032414908475,
  "winkler@90": 1.3920540187987887,
  "reliability_curve": {
    "target": [
      0.0,
      0.05,
      0.1,
      0.15000000000000002,
      0.2,
      0.25,
      0.30000000000000004,
      0.35000000000000003,
      0.4,
      0.45,
      0.5,
      0.55,
      0.6000000000000001,
      0.65,
      0.7000000000000001,
      0.75,
      0.8,
      0.8500000000000001,
      0.9,
      0.9500000000000001,
      1.0
    ],
    "empirical": [
      0.0,
      0.14166666666666666,
      0.19166666666666668,
      0.22083333333333333,
      0.24166666666666667,
      0.2791666666666667,
      0.3458333333333333,
      0.37083333333333335,
      0.42083333333333334,
      0.4583333333333333,
      0.5,
      0.5208333333333334,
      0.5583333333333333,
      0.5833333333333334,
      0.6166666666666667,
      0.6666666666666666,
      0.7041666666666667,
      0.7708333333333334,
      0.825,
      0.8625,
      1.0
    ]
  }
}