{
    "accuracy": 0.29080675422138835,
    "precision": 0.3143036475053635,
    "recall": 0.29080675422138835,
    "f1_score": 0.25945833242602945,
    "roc_auc": 0.45986527696132784,
    "log_loss": 2.4682660619295285
}