{
    "mae": 0.7972187283978518,
    "rmse": 0.9948468186602945,
    "r2_score": 0.010279807401490926,
    "mape": 407.9111839882193,
    "median_ape": 97.78903865268788,
    "nll": 1.6269015347462021,
    "picp": 1.0,
    "ece": 0.2847321336033983
}