{
  "config": {
    "k_max": 6,
    "alpha0": 0.1,
    "sigma": 0.3,
    "sep": [
      0.3,
      4.0
    ],
    "n_tr": 1500,
    "n_te": 4000,
    "epochs": 1000,
    "seeds": [
      0,
      1,
      2
    ],
    "x_star": 0.45945945945945943
  },
  "conditions": [
    {
      "label": "two-peak data",
      "grid": [
        0.0,
        0.025641025975346565,
        0.05128205195069313,
        0.07692307978868484,
        0.10256410390138626,
        0.12820513546466827,
        0.1538461595773697,
        0.1794871836900711,
        0.20512820780277252,
        0.23076923191547394,
        0.25641027092933655,
        0.28205129504203796,
        0.3076923191547394,
        0.3333333432674408,
        0.3589743673801422,
        0.38461539149284363,
        0.41025641560554504,
        0.43589743971824646,
        0.4615384638309479,
        0.4871794879436493,
        0.5128205418586731,
        0.5384615659713745,
        0.5641025900840759,
        0.5897436141967773,
        0.6153846383094788,
        0.6410256624221802,
        0.6666666865348816,
        0.692307710647583,
        0.7179487347602844,
        0.7435897588729858,
        0.7692307829856873,
        0.7948718070983887,
        0.8205128312110901,
        0.8461538553237915,
        0.8717948794364929,
        0.8974359035491943,
        0.9230769276618958,
        0.9487179517745972,
        0.9743589758872986,
        1.0
      ],
      "bin_centers": [
        0.020833333333333332,
        0.0625,
        0.10416666666666666,
        0.14583333333333331,
        0.1875,
        0.22916666666666666,
        0.2708333333333333,
        0.3125,
        0.35416666666666663,
        0.3958333333333333,
        0.4375,
        0.47916666666666663,
        0.5208333333333333,
        0.5625,
        0.6041666666666666,
        0.6458333333333333,
        0.6875,
        0.7291666666666666,
        0.7708333333333333,
        0.8125,
        0.8541666666666666,
        0.8958333333333333,
        0.9375,
        0.9791666666666666
      ],
      "binned_delta_mean": [
        -0.012458127069597444,
        -0.004930308476711313,
        -0.005877088600148757,
        -0.0048160424921661615,
        -0.0012651551320838432,
        0.0036012124231395624,
        -0.0006535563540334502,
        -0.009579171116153399,
        -0.01571581217770775,
        0.001644381428680693,
        -0.0031912796354542174,
        -0.003142812328102688,
        -0.005970290241142114,
        2.5431470324595768e-05,
        -0.00924104250346621,
        0.01890951270858447,
        0.009555274931093058,
        0.0413727176686128,
        0.021355627415080864,
        0.03648782459398111,
        0.05173397002120813,
        0.059667954221367836,
        0.051883639767766,
        0.042274052277207375
      ],
      "binned_delta_std": [
        0.009018277030076974,
        0.004117562991155581,
        0.005123019403117134,
        0.003044898323696527,
        0.003143112739616188,
        0.006944057415282009,
        0.0176601141664515,
        0.0025344084998621284,
        0.013221711686187269,
        0.0031576539740340035,
        0.0030136586632008534,
        0.0033748535988853533,
        0.013876652924153136,
        0.012180069231808931,
        0.005582043080208203,
        0.002248341257945173,
        0.010833140286910875,
        0.005738633757562739,
        0.024758077675965412,
        0.012031269162927915,
        0.02060690175312545,
        0.02822271697017894,
        0.030112448717620515,
        0.018713947881630742
      ],
      "gold_delta_mean": [
        -0.014153438775489727,
        -0.007980722157905499,
        -0.003556599219640096,
        -0.004602582708078747,
        -0.00487696072862794,
        -0.005000604500916476,
        -0.0035611413089403263,
        -0.001960090361535549,
        9.659877105150372e-05,
        0.00381311335756133,
        0.004209600743100357,
        -0.004108193485687177,
        -0.004550809195886056,
        -0.01749808411113918,
        -0.007785632507875562,
        0.0009540937996158997,
        0.0005785118167599043,
        -0.003501558016675214,
        -0.004760088593078156,
        -0.004602069772469501,
        -0.008109039394184947,
        -0.00021551448541382948,
        0.008738245582208037,
        0.009284261303643385,
        0.018063187288741272,
        0.01863282484312852,
        0.025565126910805702,
        0.03347920378049215,
        0.04180664196610451,
        0.029566257260739803,
        0.04594748715559641,
        0.04741154362758001,
        0.05290362611413002,
        0.06305825461943944,
        0.05766201764345169,
        0.05713299413522085,
        0.06639239192008972,
        0.07911678403615952,
        0.07783332963784535,
        0.05957134688893954
      ],
      "gold_delta_std": [
        0.013397488388271317,
        0.004734500018121037,
        0.0010629537021969078,
        0.003396664439068832,
        0.004678878686477393,
        0.0038776154091240654,
        0.0023776560040153537,
        0.0013423662435219906,
        0.00026295401463890427,
        0.006412199302244697,
        0.009427093484393315,
        0.007542885422018358,
        0.00138476614706898,
        0.01951208988128146,
        0.007381577996552265,
        0.0035824026900042566,
        0.003658436678249064,
        0.0015892493564085095,
        0.005596908937621598,
        0.009978390352526024,
        0.011461967966834491,
        0.006848751688000371,
        0.009619909080177043,
        0.006399449423513123,
        0.00862491543662082,
        0.004029393955717879,
        0.0008773005428296917,
        0.0032640055350005867,
        0.0035712700821473025,
        0.013376721666285481,
        0.0026824670702332563,
        0.002399873497048232,
        0.005204577934022138,
        0.015618698178927325,
        0.015803185917279285,
        0.01275914585897411,
        0.0036964178629685417,
        0.006414968019149083,
        0.00693117405556325,
        0.002234685794784898
      ],
      "eff_count_mean": [
        1.0093614260355632,
        1.013350248336792,
        1.0191237131754558,
        1.0277901490529378,
        1.0411683320999146,
        1.0629914204279582,
        1.1050421794255574,
        1.1884328126907349,
        1.3624536991119385,
        1.5790603558222454,
        1.7027344703674316,
        1.8230383396148682,
        1.9347557226816814,
        1.9845141569773357,
        1.953034520149231,
        1.931400219599406,
        1.927632729212443,
        1.926520824432373,
        1.9254682461420696,
        1.9240927298863728,
        1.9223102728525798,
        1.920341690381368,
        1.918257435162862,
        1.915765364964803
      ],
      "eff_count_std": [
        0.008516708229835392,
        0.012784627539425834,
        0.018939869651848983,
        0.027909820253772727,
        0.04029030319904829,
        0.05449688641715955,
        0.06890930929258574,
        0.08181777776928872,
        0.15583498043857472,
        0.27739867274563557,
        0.23880873794753027,
        0.15391716506131983,
        0.06439860353634055,
        0.0038716889083567777,
        0.02269532191288947,
        0.027012884809213284,
        0.02525659894691418,
        0.02143551339340577,
        0.018725522599184106,
        0.017460514860114393,
        0.01806437998677605,
        0.020536687940938773,
        0.02440070128180162,
        0.029223490062732782
      ]
    },
    {
      "label": "single-peak twin (variance-matched)",