feature,importance
Size (sq ft),0.5133201980434688
Size_per_Bedroom,0.20551270736786884
Floor,0.08877067509905623
is Pan Peninsula,0.0742718631979514
Parking Spaces,0.05111730087537082
is Wardian,0.04009435051399596
Floor^2,0.014899441214124403
E14 Index Delta (Jan 2023),0.012013463688163474
