{
    "intercept": 7.100635710939538,
    "coefficients": {
        "Floor": 0.004812063857076391,
        "Parking Spaces": 0.06701596744256427,
        "Size (sq ft)": 0.0013174636776660744,
        "is Pan Peninsula": -0.0972407294754565,
        "is Wardian": 0.09350437882250318,
        "E14 Index Delta (Jan 2023)": 0.013405737200799161,
        "Size_per_Bedroom": 0.010312847284270924,
        "Floor^2": 1.579183948686078e-05
    }
}