{
    "mae": 0.32266898006576744,
    "rmse": 0.38983232328870426,
    "r2_score": 0.8480307597193312,
    "mape": 69.17896200553143,
    "median_ape": 38.77411881637713,
    "nll": 0.47689996061002965,
    "picp": 0.961038961038961,
    "ece": 0.27095136942922776
}