{
  "toy": "hetero",
  "seed": 0,
  "width": 9,
  "arm": "ported",
  "held_out_mse": 0.07031344622373581,
  "train_mse": 0.06766782701015472,
  "held_out_trajectory": [
    [
      1,
      0.15445572137832642
    ],
    [
      2,
      0.24080614745616913
    ],
    [
      3,
      0.10343628376722336
    ],
    [
      4,
      0.10675689578056335
    ],
    [
      5,
      0.07844024896621704
    ],
    [
      6,
      0.07357998192310333
    ],
    [
      7,
      0.06772244721651077
    ],
    [
      8,
      0.06623899936676025
    ],
    [
      9,
      0.06367533653974533
    ],
    [
      10,
      0.06587596982717514
    ],
    [
      11,
      0.06300203502178192
    ],
    [
      12,
      0.06437458097934723
    ],
    [
      13,
      0.06352365761995316
    ],
    [
      14,
      0.0643571987748146
    ],
    [
      15,
      0.06296868622303009
    ],
    [
      16,
      0.06254922598600388
    ],
    [
      17,
      0.06241469085216522
    ],
    [
      18,
      0.0625414028763771
    ],
    [
      19,
      0.06401019543409348
    ],
    [
      20,
      0.06240083649754524
    ],
    [
      21,
      0.0648941770195961
    ],
    [
      22,
      0.06272856891155243
    ],
    [
      23,
      0.06236059218645096
    ],
    [
      24,
      0.06255414336919785
    ],
    [
      25,
      0.062489889562129974
    ],
    [
      26,
      0.06454700231552124
    ],
    [
      27,
      0.06258287280797958
    ],
    [
      28,
      0.062341589480638504
    ],
    [
      29,
      0.06279721856117249
    ],
    [
      30,
      0.06285058706998825
    ],
    [
      31,
      0.06258366256952286
    ],
    [
      32,
      0.06279926002025604
    ],
    [
      33,
      0.062465306371450424
    ],
    [
      34,
      0.06415844708681107
    ],
    [
      35,
      0.06307534128427505
    ],
    [
      36,
      0.06963781267404556
    ],
    [
      37,
      0.062345486134290695
    ],
    [
      38,
      0.06532297283411026
    ],
    [
      39,
      0.06234900280833244
    ],
    [
      40,
      0.06411787122488022
    ],
    [
      41,
      0.06233630329370499
    ],
    [
      42,
      0.06793150305747986
    ],
    [
      43,
      0.06465090066194534
    ],
    [
      44,
      0.06579422950744629
    ],
    [
      45,
      0.07059845328330994
    ],
    [
      46,
      0.062381040304899216
    ],
    [
      47,
      0.06327447295188904
    ],
    [
      48,
      0.06505315005779266
    ],
    [
      49,
      0.06621432304382324
    ],
    [
      50,
      0.0623883381485939
    ],
    [
      51,
      0.06246078014373779
    ],
    [
      52,
      0.06241900101304054
    ],
    [
      53,
      0.06286250799894333
    ],
    [
      54,
      0.06705150753259659
    ],
    [
      55,
      0.062473785132169724
    ],
    [
      56,
      0.06443552672863007
    ],
    [
      57,
      0.06572955846786499
    ],
    [
      58,
      0.06356397271156311
    ],
    [
      59,
      0.06243352219462395
    ],
    [
      60,
      0.062392011284828186
    ],
    [
      61,
      0.062454402446746826
    ],
    [
      62,
      0.06378615647554398
    ],
    [
      63,
      0.06275618076324463
    ],
    [
      64,
      0.06282100081443787
    ],
    [
      65,
      0.062426306307315826
    ],
    [
      66,
      0.0628843754529953
    ],
    [
      67,
      0.06251610070466995
    ],
    [
      68,
      0.06267805397510529
    ],
    [
      69,
      0.06267151236534119
    ],
    [
      70,
      0.06238329038023949
    ],
    [
      71,
      0.06266351044178009
    ],
    [
      72,
      0.06304538995027542
    ],
    [
      73,
      0.06254255771636963
    ],
    [
      74,
      0.06259128451347351
    ],
    [
      75,
      0.06586802750825882
    ],
    [
      76,
      0.0704200491309166
    ],
    [
      77,
      0.06313014775514603
    ],
    [
      78,
      0.06376034021377563
    ],
    [
      79,
      0.06247032806277275
    ],
    [
      80,
      0.06283484399318695
    ],
    [
      81,
      0.06247131526470184
    ],
    [
      82,
      0.0630149394273758
    ],
    [
      83,
      0.06372831761837006
    ],
    [
      84,
      0.0624794140458107
    ],
    [
      85,
      0.062416922301054
    ],
    [
      86,
      0.06266649812459946
    ],
    [
      87,
      0.06251780688762665
    ],
    [
      88,
      0.06256438791751862
    ],
    [
      89,
      0.06245185062289238
    ],
    [
      90,
      0.06427688896656036
    ],
    [
      91,
      0.064369335770607
    ],
    [
      92,
      0.06368380784988403
    ],
    [
      93,
      0.06252998858690262
    ],
    [
      94,
      0.06318478286266327
    ],
    [
      95,
      0.06396408379077911
    ],
    [
      96,
      0.06572887301445007
    ],
    [
      97,
      0.06240313872694969
    ],
    [
      98,
      0.06309093534946442
    ],
    [
      99,
      0.06250425428152084
    ],
    [
      100,
      0.06283889710903168
    ],
    [
      101,
      0.06632447242736816
    ]
  ],
  "trustworthy": true,
  "hit_cap": false,
  "config": {
    "widths": [
      9
    ],
    "n_train": 1500,
    "n_test": 500,
    "lr": 0.01,
    "batch_size": 64,
    "max_epochs_cap": 1500,
    "patience": 60,
    "min_delta": 0.0001,
    "escalation": {
      "grad_clip_norm": 0.0,
      "warmup_epochs": 0,
      "init_scheme": "default",
      "normalize_inputs": false
    }
  },
  "provenance": {
    "driver": "automl_package/examples/width_wsel4.py",
    "class": "FlexibleWidthNN (automl_package/models/flexnn/width/model.py, SharedTrunkPerWidthHeadNet port)"
  }
}