{
  "toy": "hetero",
  "seed": 1,
  "width": 3,
  "arm": "ported",
  "held_out_mse": 0.055899444967508316,
  "train_mse": 0.059109028428792953,
  "held_out_trajectory": [
    [
      1,
      0.18332409858703613
    ],
    [
      2,
      0.09924845397472382
    ],
    [
      3,
      0.09085220843553543
    ],
    [
      4,
      0.08281518518924713
    ],
    [
      5,
      0.07393881678581238
    ],
    [
      6,
      0.0680159479379654
    ],
    [
      7,
      0.06442543864250183
    ],
    [
      8,
      0.06204209104180336
    ],
    [
      9,
      0.06029617413878441
    ],
    [
      10,
      0.059392236173152924
    ],
    [
      11,
      0.058465976268053055
    ],
    [
      12,
      0.05798983946442604
    ],
    [
      13,
      0.057462528347969055
    ],
    [
      14,
      0.05719202756881714
    ],
    [
      15,
      0.05687721073627472
    ],
    [
      16,
      0.05677061155438423
    ],
    [
      17,
      0.05659937486052513
    ],
    [
      18,
      0.0567748062312603
    ],
    [
      19,
      0.056486424058675766
    ],
    [
      20,
      0.05624468997120857
    ],
    [
      21,
      0.0562594048678875
    ],
    [
      22,
      0.056191712617874146
    ],
    [
      23,
      0.05598193034529686
    ],
    [
      24,
      0.055936750024557114
    ],
    [
      25,
      0.05592215806245804
    ],
    [
      26,
      0.056149475276470184
    ],
    [
      27,
      0.05611714720726013
    ],
    [
      28,
      0.0558074451982975
    ],
    [
      29,
      0.05595311522483826
    ],
    [
      30,
      0.05568498745560646
    ],
    [
      31,
      0.05589417740702629
    ],
    [
      32,
      0.05606939271092415
    ],
    [
      33,
      0.05556279420852661
    ],
    [
      34,
      0.05549073591828346
    ],
    [
      35,
      0.055376891046762466
    ],
    [
      36,
      0.05562301725149155
    ],
    [
      37,
      0.055443376302719116
    ],
    [
      38,
      0.055261604487895966
    ],
    [
      39,
      0.055380046367645264
    ],
    [
      40,
      0.05548134446144104
    ],
    [
      41,
      0.05550048127770424
    ],
    [
      42,
      0.05534208193421364
    ],
    [
      43,
      0.05503363162279129
    ],
    [
      44,
      0.05511185899376869
    ],
    [
      45,
      0.05528523027896881
    ],
    [
      46,
      0.054967619478702545
    ],
    [
      47,
      0.05494387447834015
    ],
    [
      48,
      0.05495113506913185
    ],
    [
      49,
      0.05513683333992958
    ],
    [
      50,
      0.05509183183312416
    ],
    [
      51,
      0.05503319948911667
    ],
    [
      52,
      0.055027782917022705
    ],
    [
      53,
      0.05495821684598923
    ],
    [
      54,
      0.0550306960940361
    ],
    [
      55,
      0.05490301921963692
    ],
    [
      56,
      0.05483449250459671
    ],
    [
      57,
      0.05498901382088661
    ],
    [
      58,
      0.05490852892398834
    ],
    [
      59,
      0.055010274052619934
    ],
    [
      60,
      0.05476241558790207
    ],
    [
      61,
      0.054867103695869446
    ],
    [
      62,
      0.05579474940896034
    ],
    [
      63,
      0.054984550923109055
    ],
    [
      64,
      0.054998353123664856
    ],
    [
      65,
      0.05474330857396126
    ],
    [
      66,
      0.05537160858511925
    ],
    [
      67,
      0.055066872388124466
    ],
    [
      68,
      0.05486304685473442
    ],
    [
      69,
      0.054985180497169495
    ],
    [
      70,
      0.05512456223368645
    ],
    [
      71,
      0.05504536256194115
    ],
    [
      72,
      0.05508315935730934
    ],
    [
      73,
      0.05473373457789421
    ],
    [
      74,
      0.055288709700107574
    ],
    [
      75,
      0.055528029799461365
    ],
    [
      76,
      0.05487644672393799
    ],
    [
      77,
      0.054893091320991516
    ],
    [
      78,
      0.05602528899908066
    ],
    [
      79,
      0.055225919932127
    ],
    [
      80,
      0.054814890027046204
    ],
    [
      81,
      0.05481141433119774
    ],
    [
      82,
      0.05571042373776436
    ],
    [
      83,
      0.05531536042690277
    ],
    [
      84,
      0.05519048869609833
    ],
    [
      85,
      0.05574212223291397
    ],
    [
      86,
      0.05500548705458641
    ],
    [
      87,
      0.05474862456321716
    ],
    [
      88,
      0.05531501770019531
    ],
    [
      89,
      0.05473046004772186
    ],
    [
      90,
      0.05477110669016838
    ],
    [
      91,
      0.0552317351102829
    ],
    [
      92,
      0.0546940341591835
    ],
    [
      93,
      0.05486069992184639
    ],
    [
      94,
      0.05471383407711983
    ],
    [
      95,
      0.05544997379183769
    ],
    [
      96,
      0.055371709167957306
    ],
    [
      97,
      0.054797109216451645
    ],
    [
      98,
      0.05508238449692726
    ],
    [
      99,
      0.05473907291889191
    ],
    [
      100,
      0.054642125964164734
    ],
    [
      101,
      0.05483844876289368
    ],
    [
      102,
      0.05489763244986534
    ],
    [
      103,
      0.05499202013015747
    ],
    [
      104,
      0.05472840741276741
    ],
    [
      105,
      0.054888878017663956
    ],
    [
      106,
      0.05509452894330025
    ],
    [
      107,
      0.05456468090415001
    ],
    [
      108,
      0.05461227521300316
    ],
    [
      109,
      0.055043067783117294
    ],
    [
      110,
      0.05450983718037605
    ],
    [
      111,
      0.05473361909389496
    ],
    [
      112,
      0.05502920225262642
    ],
    [
      113,
      0.05460302531719208
    ],
    [
      114,
      0.05549515411257744
    ],
    [
      115,
      0.05448375642299652
    ],
    [
      116,
      0.0547056719660759
    ],
    [
      117,
      0.05490607023239136
    ],
    [
      118,
      0.05472838133573532
    ],
    [
      119,
      0.05498499423265457
    ],
    [
      120,
      0.055290158838033676
    ],
    [
      121,
      0.054794277995824814
    ],
    [
      122,
      0.05461186170578003
    ],
    [
      123,
      0.054739177227020264
    ],
    [
      124,
      0.05447554215788841
    ],
    [
      125,
      0.05477829650044441
    ],
    [
      126,
      0.05487096309661865
    ],
    [
      127,
      0.05456328019499779
    ],
    [
      128,
      0.054764341562986374
    ],
    [
      129,
      0.05446210131049156
    ],
    [
      130,
      0.05451550707221031
    ],
    [
      131,
      0.05442396178841591
    ],
    [
      132,
      0.05481180176138878
    ],
    [
      133,
      0.054592933505773544
    ],
    [
      134,
      0.05436934158205986
    ],
    [
      135,
      0.055002473294734955
    ],
    [
      136,
      0.0551910474896431
    ],
    [
      137,
      0.05449092760682106
    ],
    [
      138,
      0.05459429323673248
    ],
    [
      139,
      0.054656390100717545
    ],
    [
      140,
      0.05508275330066681
    ],
    [
      141,
      0.05459144711494446
    ],
    [
      142,
      0.05442657321691513
    ],
    [
      143,
      0.05429167300462723
    ],
    [
      144,
      0.05452517047524452
    ],
    [
      145,
      0.054544053971767426
    ],
    [
      146,
      0.05433603748679161
    ],
    [
      147,
      0.05437137559056282
    ],
    [
      148,
      0.054753538221120834
    ],
    [
      149,
      0.05473649874329567
    ],
    [
      150,
      0.05433867126703262
    ],
    [
      151,
      0.05464499071240425
    ],
    [
      152,
      0.05480559542775154
    ],
    [
      153,
      0.05419311672449112
    ],
    [
      154,
      0.05482347309589386
    ],
    [
      155,
      0.054899971932172775
    ],
    [
      156,
      0.05434195697307587
    ],
    [
      157,
      0.05421498790383339
    ],
    [
      158,
      0.05504994839429855
    ],
    [
