{
  "toy": "hetero",
  "seed": 0,
  "width": 6,
  "arm": "ported",
  "held_out_mse": 0.0646626278758049,
  "train_mse": 0.06277939677238464,
  "held_out_trajectory": [
    [
      1,
      0.1144910529255867
    ],
    [
      2,
      0.13332171738147736
    ],
    [
      3,
      0.0977550745010376
    ],
    [
      4,
      0.09719628095626831
    ],
    [
      5,
      0.08374322950839996
    ],
    [
      6,
      0.07914282381534576
    ],
    [
      7,
      0.07615146040916443
    ],
    [
      8,
      0.07352806627750397
    ],
    [
      9,
      0.07146475464105606
    ],
    [
      10,
      0.07026965171098709
    ],
    [
      11,
      0.06926744431257248
    ],
    [
      12,
      0.0684877410531044
    ],
    [
      13,
      0.06742462515830994
    ],
    [
      14,
      0.06680026650428772
    ],
    [
      15,
      0.06648222357034683
    ],
    [
      16,
      0.06587518006563187
    ],
    [
      17,
      0.06535296887159348
    ],
    [
      18,
      0.06546558439731598
    ],
    [
      19,
      0.0653107762336731
    ],
    [
      20,
      0.06464190781116486
    ],
    [
      21,
      0.06444087624549866
    ],
    [
      22,
      0.06427586823701859
    ],
    [
      23,
      0.06413954496383667
    ],
    [
      24,
      0.0639449879527092
    ],
    [
      25,
      0.06383390724658966
    ],
    [
      26,
      0.0635932981967926
    ],
    [
      27,
      0.06352721899747849
    ],
    [
      28,
      0.06365076452493668
    ],
    [
      29,
      0.06337378919124603
    ],
    [
      30,
      0.06340796500444412
    ],
    [
      31,
      0.06325110048055649
    ],
    [
      32,
      0.06340514123439789
    ],
    [
      33,
      0.06326916068792343
    ],
    [
      34,
      0.06314605474472046
    ],
    [
      35,
      0.06297090649604797
    ],
    [
      36,
      0.06332334876060486
    ],
    [
      37,
      0.06313188374042511
    ],
    [
      38,
      0.06301584839820862
    ],
    [
      39,
      0.06281966716051102
    ],
    [
      40,
      0.06296436488628387
    ],
    [
      41,
      0.0627678632736206
    ],
    [
      42,
      0.06282505393028259
    ],
    [
      43,
      0.06279405206441879
    ],
    [
      44,
      0.06274161487817764
    ],
    [
      45,
      0.06277413666248322
    ],
    [
      46,
      0.06267564743757248
    ],
    [
      47,
      0.06264089792966843
    ],
    [
      48,
      0.06263275444507599
    ],
    [
      49,
      0.06259706616401672
    ],
    [
      50,
      0.06277188658714294
    ],
    [
      51,
      0.0625552088022232
    ],
    [
      52,
      0.06281514465808868
    ],
    [
      53,
      0.06271528452634811
    ],
    [
      54,
      0.06262128055095673
    ],
    [
      55,
      0.06336274743080139
    ],
    [
      56,
      0.06264984607696533
    ],
    [
      57,
      0.06272431463003159
    ],
    [
      58,
      0.06257346272468567
    ],
    [
      59,
      0.06260320544242859
    ],
    [
      60,
      0.06253770738840103
    ],
    [
      61,
      0.06268102675676346
    ],
    [
      62,
      0.06325336545705795
    ],
    [
      63,
      0.06252031028270721
    ],
    [
      64,
      0.06274249404668808
    ],
    [
      65,
      0.06281047314405441
    ],
    [
      66,
      0.06256140768527985
    ],
    [
      67,
      0.06272716075181961
    ],
    [
      68,
      0.062493253499269485
    ],
    [
      69,
      0.06270731985569
    ],
    [
      70,
      0.0637059286236763
    ],
    [
      71,
      0.06344487518072128
    ],
    [
      72,
      0.06531098484992981
    ],
    [
      73,
      0.06388147920370102
    ],
    [
      74,
      0.06333417445421219
    ],
    [
      75,
      0.062450479716062546
    ],
    [
      76,
      0.062422554939985275
    ],
    [
      77,
      0.06259683519601822
    ],
    [
      78,
      0.06237315386533737
    ],
    [
      79,
      0.0624629482626915
    ],
    [
      80,
      0.06247873231768608
    ],
    [
      81,
      0.06278287619352341
    ],
    [
      82,
      0.06303196400403976
    ],
    [
      83,
      0.062344085425138474
    ],
    [
      84,
      0.0625639334321022
    ],
    [
      85,
      0.0626855194568634
    ],
    [
      86,
      0.06268439441919327
    ],
    [
      87,
      0.06328326463699341
    ],
    [
      88,
      0.06250882148742676
    ],
    [
      89,
      0.06237221509218216
    ],
    [
      90,
      0.0627976730465889
    ],
    [
      91,
      0.06409361958503723
    ],
    [
      92,
      0.06488329917192459
    ],
    [
      93,
      0.06305812299251556
    ],
    [
      94,
      0.06268229335546494
    ],
    [
      95,
      0.06228846684098244
    ],
    [
      96,
      0.06243528425693512
    ],
    [
      97,
      0.06259384751319885
    ],
    [
      98,
      0.06311334669589996
    ],
    [
      99,
      0.06286073476076126
    ],
    [
      100,
      0.06230901554226875
    ],
    [
      101,
      0.062392476946115494
    ],
    [
      102,
      0.062456220388412476
    ],
    [
      103,
      0.06251940131187439
    ],
    [
      104,
      0.062489788979291916
    ],
    [
      105,
      0.06237199157476425
    ],
    [
      106,
      0.06234368681907654
    ],
    [
      107,
      0.06230827420949936
    ],
    [
      108,
      0.06264699250459671
    ],
    [
      109,
      0.06232145428657532
    ],
    [
      110,
      0.0628029927611351
    ],
    [
      111,
      0.062325604259967804
    ],
    [
      112,
      0.06357324868440628
    ],
    [
      113,
      0.06501217186450958
    ],
    [
      114,
      0.06299427151679993
    ],
    [
      115,
      0.06295759230852127
    ],
    [
      116,
      0.06255418062210083
    ],
    [
      117,
      0.06235695630311966
    ],
    [
      118,
      0.06279869377613068
    ],
    [
      119,
      0.06249333173036575
    ],
    [
      120,
      0.062215983867645264
    ],
    [
      121,
      0.06261927634477615
    ],
    [
      122,
      0.06245844438672066
    ],
    [
      123,
      0.062213800847530365
    ],
    [
      124,
      0.062256649136543274
    ],
    [
      125,
      0.06268887221813202
    ],
    [
      126,
      0.06233788654208183
    ],
    [
      127,
      0.06233798339962959
    ],
    [
      128,
      0.06222917512059212
    ],
    [
      129,
      0.06221345439553261
    ],
    [
      130,
      0.06229228898882866
    ],
    [
      131,
      0.062185369431972504
    ],
    [
      132,
      0.062195129692554474
    ],
    [
      133,
      0.062195975333452225
    ],
    [
      134,
      0.06218867003917694
    ],
    [
      135,
      0.062186792492866516
    ],
    [
      136,
      0.06251221895217896
    ],
    [
      137,
      0.06318733096122742
    ],
    [
      138,
      0.06270207464694977
    ],
    [
      139,
      0.06228772550821304
    ],
    [
      140,
      0.06243635714054108
    ],
    [
      141,
      0.06307794898748398
    ],
    [
      142,
      0.06233900040388107
    ],
    [
      143,
      0.06229967251420021
    ],
    [
      144,
      0.06227526813745499
    ],
    [
      145,
      0.06228795275092125
    ],
    [
      146,
      0.06224830448627472
    ],
    [
      147,
      0.06224807724356651
    ],
    [
      148,
      0.06245085969567299
    ],
    [
      149,
      0.06238975375890732
    ],
    [
      150,
      0.06322169303894043
    ],
    [
      151,
      0.06217728182673454
    ],
    [
      152,
      0.06262668967247009
    ],
    [
      153,
      0.06256430596113205
    ],
    [
      154,
      0.06242654100060463
    ],
    [
      155,
      0.06280099600553513
    ],
    [
      156,
      0.06324341148138046
    ],
    [
      157,
      0.06345073878765106
    ],
    [
      158,
      0.06217622011899948
    ],
    [
      159,
