{
  "toy": "hetero",
  "seed": 2,
  "width": 4,
  "arm": "ported",
  "held_out_mse": 0.06101369112730026,
  "train_mse": 0.05951020494103432,
  "held_out_trajectory": [
    [
      1,
      0.07833367586135864
    ],
    [
      2,
      0.061424046754837036
    ],
    [
      3,
      0.0645398423075676
    ],
    [
      4,
      0.059314701706171036
    ],
    [
      5,
      0.05820875242352486
    ],
    [
      6,
      0.0582694485783577
    ],
    [
      7,
      0.05752341076731682
    ],
    [
      8,
      0.05715933442115784
    ],
    [
      9,
      0.05759425461292267
    ],
    [
      10,
      0.05711334943771362
    ],
    [
      11,
      0.05800511687994003
    ],
    [
      12,
      0.05759365111589432
    ],
    [
      13,
      0.057666078209877014
    ],
    [
      14,
      0.05732465907931328
    ],
    [
      15,
      0.057746510952711105
    ],
    [
      16,
      0.057551417499780655
    ],
    [
      17,
      0.05787283554673195
    ],
    [
      18,
      0.05769910663366318
    ],
    [
      19,
      0.05743408203125
    ],
    [
      20,
      0.05804824084043503
    ],
    [
      21,
      0.05744613707065582
    ],
    [
      22,
      0.05821065977215767
    ],
    [
      23,
      0.05723591521382332
    ],
    [
      24,
      0.05795445293188095
    ],
    [
      25,
      0.05763542279601097
    ],
    [
      26,
      0.05864987522363663
    ],
    [
      27,
      0.057469628751277924
    ],
    [
      28,
      0.058227475732564926
    ],
    [
      29,
      0.05792512372136116
    ],
    [
      30,
      0.05730279162526131
    ],
    [
      31,
      0.05769322067499161
    ],
    [
      32,
      0.057572122663259506
    ],
    [
      33,
      0.05737089738249779
    ],
    [
      34,
      0.05822312831878662
    ],
    [
      35,
      0.05718841403722763
    ],
    [
      36,
      0.05768470838665962
    ],
    [
      37,
      0.057215988636016846
    ],
    [
      38,
      0.057266026735305786
    ],
    [
      39,
      0.057952459901571274
    ],
    [
      40,
      0.05729224532842636
    ],
    [
      41,
      0.058178648352622986
    ],
    [
      42,
      0.05737117677927017
    ],
    [
      43,
      0.05788843706250191
    ],
    [
      44,
      0.057130541652441025
    ],
    [
      45,
      0.058123841881752014
    ],
    [
      46,
      0.05799521133303642
    ],
    [
      47,
      0.05716004595160484
    ],
    [
      48,
      0.057854749262332916
    ],
    [
      49,
      0.05715450271964073
    ],
    [
      50,
      0.05788077041506767
    ],
    [
      51,
      0.05708516389131546
    ],
    [
      52,
      0.05816613510251045
    ],
    [
      53,
      0.05929766222834587
    ],
    [
      54,
      0.05708644911646843
    ],
    [
      55,
      0.0591772086918354
    ],
    [
      56,
      0.05709078535437584
    ],
    [
      57,
      0.061033401638269424
    ],
    [
      58,
      0.057829756289720535
    ],
    [
      59,
      0.05914594605565071
    ],
    [
      60,
      0.057141367346048355
    ],
    [
      61,
      0.05949105694890022
    ],
    [
      62,
      0.057138148695230484
    ],
    [
      63,
      0.05712982639670372
    ],
    [
      64,
      0.057010333985090256
    ],
    [
      65,
      0.05724811553955078
    ],
    [
      66,
      0.05761320888996124
    ],
    [
      67,
      0.05726095288991928
    ],
    [
      68,
      0.059708818793296814
    ],
    [
      69,
      0.05729835480451584
    ],
    [
      70,
      0.05757439136505127
    ],
    [
      71,
      0.05763653293251991
    ],
    [
      72,
      0.05711670592427254
    ],
    [
      73,
      0.05712650343775749
    ],
    [
      74,
      0.05886242538690567
    ],
    [
      75,
      0.057322870939970016
    ],
    [
      76,
      0.05744718015193939
    ],
    [
      77,
      0.05783997103571892
    ],
    [
      78,
      0.05720291659235954
    ],
    [
      79,
      0.05754056200385094
    ],
    [
      80,
      0.0574219785630703
    ],
    [
      81,
      0.057066623121500015
    ],
    [
      82,
      0.05793646350502968
    ],
    [
      83,
      0.05722658708691597
    ],
    [
      84,
      0.057339634746313095
    ],
    [
      85,
      0.05716673657298088
    ],
    [
      86,
      0.05850845202803612
    ],
    [
      87,
      0.0577198788523674
    ],
    [
      88,
      0.057915572077035904
    ],
    [
      89,
      0.06151633709669113
    ],
    [
      90,
      0.057431913912296295
    ],
    [
      91,
      0.06117914989590645
    ],
    [
      92,
      0.057441700249910355
    ],
    [
      93,
      0.05753380432724953
    ],
    [
      94,
      0.05771556869149208
    ],
    [
      95,
      0.05766696110367775
    ],
    [
      96,
      0.05756281688809395
    ],
    [
      97,
      0.05723236873745918
    ],
    [
      98,
      0.05733271315693855
    ],
    [
      99,
      0.05719376727938652
    ],
    [
      100,
      0.05766589939594269
    ],
    [
      101,
      0.05699058994650841
    ],
    [
      102,
      0.058096326887607574
    ],
    [
      103,
      0.05694190412759781
    ],
    [
      104,
      0.05965646728873253
    ],
    [
      105,
      0.05693492293357849
    ],
    [
      106,
      0.057440657168626785
    ],
    [
      107,
      0.05949169769883156
    ],
    [
      108,
      0.056864555925130844
    ],
    [
      109,
      0.05829010158777237
    ],
    [
      110,
      0.05758378282189369
    ],
    [
      111,
      0.057155705988407135
    ],
    [
      112,
      0.057470664381980896
    ],
    [
      113,
      0.05715031921863556
    ],
    [
      114,
      0.05808066576719284
    ],
    [
      115,
      0.05728980898857117
    ],
    [
      116,
      0.059910718351602554
    ],
    [
      117,
      0.057231590151786804
    ],
    [
      118,
      0.05693722888827324
    ],
    [
      119,
      0.057699527591466904
    ],
    [
      120,
      0.05695391446352005
    ],
    [
      121,
      0.05912076309323311
    ],
    [
      122,
      0.05716671794652939
    ],
    [
      123,
      0.059916578233242035
    ],
    [
      124,
      0.05836780369281769
    ],
    [
      125,
      0.05716214329004288
    ],
    [
      126,
      0.05741247907280922
    ],
    [
      127,
      0.057954903692007065
    ],
    [
      128,
      0.05703318864107132
    ],
    [
      129,
      0.056986160576343536
    ],
    [
      130,
      0.05703716352581978
    ],
    [
      131,
      0.05863657593727112
    ],
    [
      132,
      0.056944847106933594
    ],
    [
      133,
      0.05727038532495499
    ],
    [
      134,
      0.060138531029224396
    ],
    [
      135,
      0.057926077395677567
    ],
    [
      136,
      0.05746452510356903
    ],
    [
      137,
      0.05927106365561485
    ],
    [
      138,
      0.056940529495477676
    ],
    [
      139,
      0.05688429996371269
    ],
    [
      140,
      0.06175621598958969
    ],
    [
      141,
      0.0575561448931694
    ],
    [
      142,
      0.057369131594896317
    ],
    [
      143,
      0.05712980777025223
    ],
    [
      144,
      0.057107266038656235
    ],
    [
      145,
      0.05712110549211502
    ],
    [
      146,
      0.05726393312215805
    ],
    [
      147,
      0.05678001418709755
    ],
    [
      148,
      0.059098828583955765
    ],
    [
      149,
      0.056801967322826385
    ],
    [
      150,
      0.057782579213380814
    ],
    [
      151,
      0.05691425874829292
    ],
    [
      152,
      0.058932241052389145
    ],
    [
      153,
      0.05790680646896362
    ],
    [
      154,
      0.06183027848601341
    ],
    [
      155,
      0.05801350250840187
    ],
    [
      156,
      0.0569843053817749
    ],
    [
      157,
      0.058533623814582825
    ],
    [
      158,
      0.05690610408782959
    ],
