{
  "toy": "hetero",
  "seed": 2,
  "width": 12,
  "arm": "ported",
  "held_out_mse": 0.013322954066097736,
  "train_mse": 0.012467904947698116,
  "held_out_trajectory": [
    [
      1,
      0.1087128072977066
    ],
    [
      2,
      0.05766618624329567
    ],
    [
      3,
      0.05633484572172165
    ],
    [
      4,
      0.057897649705410004
    ],
    [
      5,
      0.05625481903553009
    ],
    [
      6,
      0.055145058780908585
    ],
    [
      7,
      0.0556894950568676
    ],
    [
      8,
      0.054661478847265244
    ],
    [
      9,
      0.05541794374585152
    ],
    [
      10,
      0.05454850569367409
    ],
    [
      11,
      0.05434972047805786
    ],
    [
      12,
      0.05458344891667366
    ],
    [
      13,
      0.05337643250823021
    ],
    [
      14,
      0.054484009742736816
    ],
    [
      15,
      0.05361209064722061
    ],
    [
      16,
      0.05373481288552284
    ],
    [
      17,
      0.0526362881064415
    ],
    [
      18,
      0.05295374244451523
    ],
    [
      19,
      0.05422457307577133
    ],
    [
      20,
      0.053193993866443634
    ],
    [
      21,
      0.05250449478626251
    ],
    [
      22,
      0.05371895432472229
    ],
    [
      23,
      0.05293300747871399
    ],
    [
      24,
      0.05183565989136696
    ],
    [
      25,
      0.0517510324716568
    ],
    [
      26,
      0.051443155854940414
    ],
    [
      27,
      0.051311835646629333
    ],
    [
      28,
      0.05240164324641228
    ],
    [
      29,
      0.051177918910980225
    ],
    [
      30,
      0.05277072265744209
    ],
    [
      31,
      0.05092259868979454
    ],
    [
      32,
      0.05082171782851219
    ],
    [
      33,
      0.05235480144619942
    ],
    [
      34,
      0.05087259039282799
    ],
    [
      35,
      0.052343692630529404
    ],
    [
      36,
      0.051065266132354736
    ],
    [
      37,
      0.05181872099637985
    ],
    [
      38,
      0.05028361827135086
    ],
    [
      39,
      0.05269807204604149
    ],
    [
      40,
      0.05100492015480995
    ],
    [
      41,
      0.05144593492150307
    ],
    [
      42,
      0.05302486941218376
    ],
    [
      43,
      0.049808599054813385
    ],
    [
      44,
      0.05060486122965813
    ],
    [
      45,
      0.049717023968696594
    ],
    [
      46,
      0.050695475190877914
    ],
    [
      47,
      0.05429776385426521
    ],
    [
      48,
      0.05002226680517197
    ],
    [
      49,
      0.05335436388850212
    ],
    [
      50,
      0.05005919933319092
    ],
    [
      51,
      0.05629154294729233
    ],
    [
      52,
      0.05094490200281143
    ],
    [
      53,
      0.05244811251759529
    ],
    [
      54,
      0.04965062811970711
    ],
    [
      55,
      0.05352530628442764
    ],
    [
      56,
      0.049646392464637756
    ],
    [
      57,
      0.051272422075271606
    ],
    [
      58,
      0.051066670566797256
    ],
    [
      59,
      0.04979200288653374
    ],
    [
      60,
      0.0507502406835556
    ],
    [
      61,
      0.05144992843270302
    ],
    [
      62,
      0.05292699486017227
    ],
    [
      63,
      0.049790434539318085
    ],
    [
      64,
      0.05063110217452049
    ],
    [
      65,
      0.049518242478370667
    ],
    [
      66,
      0.04934137687087059
    ],
    [
      67,
      0.04939822480082512
    ],
    [
      68,
      0.0511331632733345
    ],
    [
      69,
      0.049406472593545914
    ],
    [
      70,
      0.04943201690912247
    ],
    [
      71,
      0.05030018836259842
    ],
    [
      72,
      0.04885648563504219
    ],
    [
      73,
      0.049330972135066986
    ],
    [
      74,
      0.051985789090394974
    ],
    [
      75,
      0.04993908107280731
    ],
    [
      76,
      0.05152887478470802
    ],
    [
      77,
      0.0539824552834034
    ],
    [
      78,
      0.05006539821624756
    ],
    [
      79,
      0.04776164889335632
    ],
    [
      80,
      0.049386464059352875
    ],
    [
      81,
      0.049982648342847824
    ],
    [
      82,
      0.05125010013580322
    ],
    [
      83,
      0.05273227021098137
    ],
    [
      84,
      0.04775875061750412
    ],
    [
      85,
      0.04912591353058815
    ],
    [
      86,
      0.044303640723228455
    ],
    [
      87,
      0.045859500765800476
    ],
    [
      88,
      0.048662737011909485
    ],
    [
      89,
      0.04215583950281143
    ],
    [
      90,
      0.041122473776340485
    ],
    [
      91,
      0.04040548950433731
    ],
    [
      92,
      0.040887102484703064
    ],
    [
      93,
      0.038743410259485245
    ],
    [
      94,
      0.039041757583618164
    ],
    [
      95,
      0.03685301914811134
    ],
    [
      96,
      0.03496517986059189
    ],
    [
      97,
      0.033033933490514755
    ],
    [
      98,
      0.03462207317352295
    ],
    [
      99,
      0.03258993849158287
    ],
    [
      100,
      0.03035757690668106
    ],
    [
      101,
      0.03698547184467316
    ],
    [
      102,
      0.03117278963327408
    ],
    [
      103,
      0.029057340696454048
    ],
    [
      104,
      0.029639936983585358
    ],
    [
      105,
      0.028308462351560593
    ],
    [
      106,
      0.028080860152840614
    ],
    [
      107,
      0.028612127527594566
    ],
    [
      108,
      0.026148799806833267
    ],
    [
      109,
      0.02539253979921341
    ],
    [
      110,
      0.028195403516292572
    ],
    [
      111,
      0.024776922538876534
    ],
    [
      112,
      0.023872215300798416
    ],
    [
      113,
      0.03156822919845581
    ],
    [
      114,
      0.04707913100719452
    ],
    [
      115,
      0.026756789535284042
    ],
    [
      116,
      0.028325172141194344
    ],
    [
      117,
      0.02726525068283081
    ],
    [
      118,
      0.02511177584528923
    ],
    [
      119,
      0.03700488433241844
    ],
    [
      120,
      0.024150125682353973
    ],
    [
      121,
      0.02602081559598446
    ],
    [
      122,
      0.023560836911201477
    ],
    [
      123,
      0.02317149192094803
    ],
    [
      124,
      0.02140004187822342
    ],
    [
      125,
      0.02277042157948017
    ],
    [
      126,
      0.021849751472473145
    ],
    [
      127,
      0.02482234500348568
    ],
    [
      128,
      0.024393213912844658
    ],
    [
      129,
      0.023868290707468987
    ],
    [
      130,
      0.026234768331050873
    ],
    [
      131,
      0.020011624321341515
    ],
    [
      132,
      0.019819069653749466
    ],
    [
      133,
      0.02063283696770668
    ],
    [
      134,
      0.020975660532712936
    ],
    [
      135,
      0.020836398005485535
    ],
    [
      136,
      0.0197806004434824
    ],
    [
      137,
      0.018865494057536125
    ],
    [
      138,
      0.021174753084778786
    ],
    [
      139,
      0.02095975913107395
    ],
    [
      140,
      0.019923768937587738
    ],
    [
      141,
      0.01960071176290512
    ],
    [
      142,
      0.01852310448884964
    ],
    [
      143,
      0.02132241614162922
    ],
    [
      144,
      0.01903301663696766
    ],
    [
      145,
      0.02435063198208809
    ],
    [
      146,
      0.01823142170906067
    ],
    [
      147,
      0.02099030651152134
    ],
    [
      148,
      0.018216878175735474
    ],
    [
      149,
      0.021702319383621216
    ],
    [
      150,
      0.017850013449788094
    ],
    [
      151,
      0.017512531951069832
    ],
    [
      152,
      0.019372714683413506
    ],
    [
      153,
      0.019173290580511093
    ],
    [
      154,
      0.01790417917072773
    ],
    [
      155,
      0.017469389364123344
    ],
    [
      156,
      0.017812760546803474
    ],
    [
      157,
      0.02023562416434288
    ],
    [
      158,
