{
  "toy": "hetero",
  "seed": 1,
  "width": 8,
  "arm": "ported",
  "held_out_mse": 0.04497668147087097,
  "train_mse": 0.05028128623962402,
  "held_out_trajectory": [
    [
      1,
      0.1152835562825203
    ],
    [
      2,
      0.0667659118771553
    ],
    [
      3,
      0.05737679824233055
    ],
    [
      4,
      0.05513770878314972
    ],
    [
      5,
      0.05551532655954361
    ],
    [
      6,
      0.05375846102833748
    ],
    [
      7,
      0.053560659289360046
    ],
    [
      8,
      0.052945781499147415
    ],
    [
      9,
      0.05308022350072861
    ],
    [
      10,
      0.05238357558846474
    ],
    [
      11,
      0.05206236615777016
    ],
    [
      12,
      0.052406664937734604
    ],
    [
      13,
      0.05315808206796646
    ],
    [
      14,
      0.05170595645904541
    ],
    [
      15,
      0.05184746906161308
    ],
    [
      16,
      0.051632001996040344
    ],
    [
      17,
      0.05295610427856445
    ],
    [
      18,
      0.05337539687752724
    ],
    [
      19,
      0.05278629809617996
    ],
    [
      20,
      0.051644064486026764
    ],
    [
      21,
      0.051012855023145676
    ],
    [
      22,
      0.05180197209119797
    ],
    [
      23,
      0.05082125961780548
    ],
    [
      24,
      0.05166040360927582
    ],
    [
      25,
      0.05193614587187767
    ],
    [
      26,
      0.05104636400938034
    ],
    [
      27,
      0.0542721189558506
    ],
    [
      28,
      0.05088717117905617
    ],
    [
      29,
      0.05036545544862747
    ],
    [
      30,
      0.05294648930430412
    ],
    [
      31,
      0.04996326193213463
    ],
    [
      32,
      0.05014907196164131
    ],
    [
      33,
      0.051785632967948914
    ],
    [
      34,
      0.051703568547964096
    ],
    [
      35,
      0.051017239689826965
    ],
    [
      36,
      0.05118793621659279
    ],
    [
      37,
      0.04994207248091698
    ],
    [
      38,
      0.05070779472589493
    ],
    [
      39,
      0.04946964979171753
    ],
    [
      40,
      0.05285272374749184
    ],
    [
      41,
      0.05059931054711342
    ],
    [
      42,
      0.04975733533501625
    ],
    [
      43,
      0.05085990950465202
    ],
    [
      44,
      0.05010014772415161
    ],
    [
      45,
      0.050110410898923874
    ],
    [
      46,
      0.05144006386399269
    ],
    [
      47,
      0.04944823682308197
    ],
    [
      48,
      0.04951949417591095
    ],
    [
      49,
      0.05123398080468178
    ],
    [
      50,
      0.0523095577955246
    ],
    [
      51,
      0.05497579649090767
    ],
    [
      52,
      0.058332137763500214
    ],
    [
      53,
      0.04926781356334686
    ],
    [
      54,
      0.04848242923617363
    ],
    [
      55,
      0.04839874804019928
    ],
    [
      56,
      0.05062484368681908
    ],
    [
      57,
      0.04860176146030426
    ],
    [
      58,
      0.05173135921359062
    ],
    [
      59,
      0.05245751515030861
    ],
    [
      60,
      0.04842057079076767
    ],
    [
      61,
      0.048321500420570374
    ],
    [
      62,
      0.0538620762526989
    ],
    [
      63,
      0.04878036305308342
    ],
    [
      64,
      0.04959236830472946
    ],
    [
      65,
      0.050446461886167526
    ],
    [
      66,
      0.049798622727394104
    ],
    [
      67,
      0.049428366124629974
    ],
    [
      68,
      0.04841110482811928
    ],
    [
      69,
      0.04846121370792389
    ],
    [
      70,
      0.050080809742212296
    ],
    [
      71,
      0.049225080758333206
    ],
    [
      72,
      0.04918639734387398
    ],
    [
      73,
      0.05270247533917427
    ],
    [
      74,
      0.05236791446805
    ],
    [
      75,
      0.05178196728229523
    ],
    [
      76,
      0.04798952862620354
    ],
    [
      77,
      0.047747205942869186
    ],
    [
      78,
      0.0513199120759964
    ],
    [
      79,
      0.05001034587621689
    ],
    [
      80,
      0.049095552414655685
    ],
    [
      81,
      0.05664364621043205
    ],
    [
      82,
      0.05052782595157623
    ],
    [
      83,
      0.04842282086610794
    ],
    [
      84,
      0.049146901816129684
    ],
    [
      85,
      0.052839506417512894
    ],
    [
      86,
      0.04854539781808853
    ],
    [
      87,
      0.05196712911128998
    ],
    [
      88,
      0.049107909202575684
    ],
    [
      89,
      0.04806825518608093
    ],
    [
      90,
      0.047941457480192184
    ],
    [
      91,
      0.04770652949810028
    ],
    [
      92,
      0.04766998812556267
    ],
    [
      93,
      0.04778590425848961
    ],
    [
      94,
      0.04801753908395767
    ],
    [
      95,
      0.04850742593407631
    ],
    [
      96,
      0.049196839332580566
    ],
    [
      97,
      0.04979199171066284
    ],
    [
      98,
      0.04982319474220276
    ],
    [
      99,
      0.04923893138766289
    ],
    [
      100,
      0.050578441470861435
    ],
    [
      101,
      0.04803570359945297
    ],
    [
      102,
      0.04879999905824661
    ],
    [
      103,
      0.049622394144535065
    ],
    [
      104,
      0.05141502991318703
    ],
    [
      105,
      0.048909056931734085
    ],
    [
      106,
      0.04909978806972504
    ],
    [
      107,
      0.0474788174033165
    ],
    [
      108,
      0.04770611226558685
    ],
    [
      109,
      0.05024699494242668
    ],
    [
      110,
      0.04924962297081947
    ],
    [
      111,
      0.049271486699581146
    ],
    [
      112,
      0.05073901638388634
    ],
    [
      113,
      0.04861592501401901
    ],
    [
      114,
      0.05001964420080185
    ],
    [
      115,
      0.04901145398616791
    ],
    [
      116,
      0.04903080314397812
    ],
    [
      117,
      0.051404811441898346
    ],
    [
      118,
      0.04939228668808937
    ],
    [
      119,
      0.05325030907988548
    ],
    [
      120,
      0.05052652582526207
    ],
    [
      121,
      0.048468492925167084
    ],
    [
      122,
      0.04922117292881012
    ],
    [
      123,
      0.052401866763830185
    ],
    [
      124,
      0.048811499029397964
    ],
    [
      125,
      0.04923160374164581
    ],
    [
      126,
      0.04739765822887421
    ],
    [
      127,
      0.04814307391643524
    ],
    [
      128,
      0.04763210937380791
    ],
    [
      129,
      0.0476510114967823
    ],
    [
      130,
      0.049134958535432816
    ],
    [
      131,
      0.04829329252243042
    ],
    [
      132,
      0.048329804092645645
    ],
    [
      133,
      0.047387536615133286
    ],
    [
      134,
      0.051095690578222275
    ],
    [
      135,
      0.04826005920767784
    ],
    [
      136,
      0.047414377331733704
    ],
    [
      137,
      0.04773618280887604
    ],
    [
      138,
      0.052987392991781235
    ],
    [
      139,
      0.05269131809473038
    ],
    [
      140,
      0.04811808094382286
    ],
    [
      141,
      0.04776979982852936
    ],
    [
      142,
      0.04808533936738968
    ],
    [
      143,
      0.04768069088459015
    ],
    [
      144,
      0.04896960034966469
    ],
    [
      145,
      0.047653693705797195
    ],
    [
      146,
      0.04824886843562126
    ],
    [
      147,
      0.0491119921207428
    ],
    [
      148,
      0.04992925003170967
    ],
    [
      149,
      0.04912563040852547
    ],
    [
      150,
      0.052724894136190414
    ],
    [
      151,
      0.04763547703623772
    ],
    [
      152,
      0.04854501411318779
    ],
    [
      153,
      0.04782990738749504
    ],
    [
      154,
      0.04834773391485214
    ],
    [
      155,
      0.04751860350370407
    ],
    [
      156,
      0.04869026318192482
    ],
    [
      157,
      0.049321118742227554
    ],
    [
      158,
      0.04858235642313957
    ],
    [
