{
  "toy": "hetero",
  "seed": 0,
  "width": 12,
  "arm": "ported",
  "held_out_mse": 0.0649755522608757,
  "train_mse": 0.06286508589982986,
  "held_out_trajectory": [
    [
      1,
      0.39415258169174194
    ],
    [
      2,
      0.12992464005947113
    ],
    [
      3,
      0.12926089763641357
    ],
    [
      4,
      0.09702664613723755
    ],
    [
      5,
      0.07582346349954605
    ],
    [
      6,
      0.07018113136291504
    ],
    [
      7,
      0.06769383698701859
    ],
    [
      8,
      0.06640520691871643
    ],
    [
      9,
      0.06560037285089493
    ],
    [
      10,
      0.06530559808015823
    ],
    [
      11,
      0.06575857847929001
    ],
    [
      12,
      0.06562573462724686
    ],
    [
      13,
      0.06419782340526581
    ],
    [
      14,
      0.0644388422369957
    ],
    [
      15,
      0.06370559334754944
    ],
    [
      16,
      0.06403810530900955
    ],
    [
      17,
      0.06333673745393753
    ],
    [
      18,
      0.06336262077093124
    ],
    [
      19,
      0.06376186013221741
    ],
    [
      20,
      0.06306296586990356
    ],
    [
      21,
      0.06288769096136093
    ],
    [
      22,
      0.06307858973741531
    ],
    [
      23,
      0.06282016634941101
    ],
    [
      24,
      0.06266827881336212
    ],
    [
      25,
      0.06473609060049057
    ],
    [
      26,
      0.06364767253398895
    ],
    [
      27,
      0.06689967960119247
    ],
    [
      28,
      0.06257152557373047
    ],
    [
      29,
      0.062492236495018005
    ],
    [
      30,
      0.06242785602807999
    ],
    [
      31,
      0.06249883770942688
    ],
    [
      32,
      0.06463078409433365
    ],
    [
      33,
      0.06257571280002594
    ],
    [
      34,
      0.06255090236663818
    ],
    [
      35,
      0.06260542571544647
    ],
    [
      36,
      0.06319133937358856
    ],
    [
      37,
      0.06304704397916794
    ],
    [
      38,
      0.06465992331504822
    ],
    [
      39,
      0.06224557384848595
    ],
    [
      40,
      0.062307268381118774
    ],
    [
      41,
      0.06349099427461624
    ],
    [
      42,
      0.06295328587293625
    ],
    [
      43,
      0.06430675089359283
    ],
    [
      44,
      0.0644049346446991
    ],
    [
      45,
      0.06595588475465775
    ],
    [
      46,
      0.06442821770906448
    ],
    [
      47,
      0.06281238794326782
    ],
    [
      48,
      0.062400296330451965
    ],
    [
      49,
      0.062299925833940506
    ],
    [
      50,
      0.06236052140593529
    ],
    [
      51,
      0.0636301264166832
    ],
    [
      52,
      0.0655001625418663
    ],
    [
      53,
      0.06226455047726631
    ],
    [
      54,
      0.06423342227935791
    ],
    [
      55,
      0.06355226784944534
    ],
    [
      56,
      0.06528568267822266
    ],
    [
      57,
      0.06573981791734695
    ],
    [
      58,
      0.06366425007581711
    ],
    [
      59,
      0.06280136853456497
    ],
    [
      60,
      0.06223991513252258
    ],
    [
      61,
      0.06531805545091629
    ],
    [
      62,
      0.06231631711125374
    ],
    [
      63,
      0.06403063982725143
    ],
    [
      64,
      0.06287086009979248
    ],
    [
      65,
      0.06290128082036972
    ],
    [
      66,
      0.062329769134521484
    ],
    [
      67,
      0.06304579973220825
    ],
    [
      68,
      0.062175165861845016
    ],
    [
      69,
      0.06276223808526993
    ],
    [
      70,
      0.0623166523873806
    ],
    [
      71,
      0.06284767389297485
    ],
    [
      72,
      0.06216578185558319
    ],
    [
      73,
      0.06240402162075043
    ],
    [
      74,
      0.06252875924110413
    ],
    [
      75,
      0.06336980313062668
    ],
    [
      76,
      0.06397714465856552
    ],
    [
      77,
      0.06521248072385788
    ],
    [
      78,
      0.06217188388109207
    ],
    [
      79,
      0.06263462454080582
    ],
    [
      80,
      0.06459178030490875
    ],
    [
      81,
      0.062458813190460205
    ],
    [
      82,
      0.0637277364730835
    ],
    [
      83,
      0.06782730668783188
    ],
    [
      84,
      0.06407472491264343
    ],
    [
      85,
      0.0633944571018219
    ],
    [
      86,
      0.06653852015733719
    ],
    [
      87,
      0.07448480278253555
    ],
    [
      88,
      0.06497613340616226
    ],
    [
      89,
      0.0638929009437561
    ],
    [
      90,
      0.06753522902727127
    ],
    [
      91,
      0.06642270088195801
    ],
    [
      92,
      0.06241639330983162
    ],
    [
      93,
      0.06235860288143158
    ],
    [
      94,
      0.0621868334710598
    ],
    [
      95,
      0.06220525875687599
    ],
    [
      96,
      0.06224372982978821
    ],
    [
      97,
      0.062499381601810455
    ],
    [
      98,
      0.06275105476379395
    ],
    [
      99,
      0.06450827419757843
    ],
    [
      100,
      0.06329672783613205
    ],
    [
      101,
      0.0640198290348053
    ],
    [
      102,
      0.06547179818153381
    ],
    [
      103,
      0.0645335391163826
    ],
    [
      104,
      0.06255817413330078
    ],
    [
      105,
      0.06358339637517929
    ],
    [
      106,
      0.06400450319051743
    ],
    [
      107,
      0.06212019547820091
    ],
    [
      108,
      0.06249073147773743
    ],
    [
      109,
      0.06385844945907593
    ],
    [
      110,
      0.06218042969703674
    ],
    [
      111,
      0.06612028181552887
    ],
    [
      112,
      0.06483173370361328
    ],
    [
      113,
      0.06261272728443146
    ],
    [
      114,
      0.06268145889043808
    ],
    [
      115,
      0.06298147141933441
    ],
    [
      116,
      0.06362149864435196
    ],
    [
      117,
      0.06255806237459183
    ],
    [
      118,
      0.06225867569446564
    ],
    [
      119,
      0.0636427029967308
    ],
    [
      120,
      0.06311200559139252
    ],
    [
      121,
      0.06247863918542862
    ],
    [
      122,
      0.06342101097106934
    ],
    [
      123,
      0.0635511726140976
    ],
    [
      124,
      0.06222391128540039
    ],
    [
      125,
      0.06246955320239067
    ],
    [
      126,
      0.062402915209531784
    ],
    [
      127,
      0.06209805980324745
    ],
    [
      128,
      0.06219878047704697
    ],
    [
      129,
      0.06222230941057205
    ],
    [
      130,
      0.06287776678800583
    ],
    [
      131,
      0.06581811606884003
    ],
    [
      132,
      0.06755524128675461
    ],
    [
      133,
      0.06871385872364044
    ],
    [
      134,
      0.06295079737901688
    ],
    [
      135,
      0.06245386600494385
    ],
    [
      136,
      0.06225540116429329
    ],
    [
      137,
      0.06291031837463379
    ],
    [
      138,
      0.062517449259758
    ],
    [
      139,
      0.06218067929148674
    ],
    [
      140,
      0.062120985239744186
    ],
    [
      141,
      0.06213408336043358
    ],
    [
      142,
      0.06231805309653282
    ],
    [
      143,
      0.06212839111685753
    ],
    [
      144,
      0.062269795686006546
    ],
    [
      145,
      0.062462933361530304
    ],
    [
      146,
      0.062261905521154404
    ],
    [
      147,
      0.062173545360565186
    ],
    [
      148,
      0.06244829669594765
    ],
    [
      149,
      0.062273114919662476
    ],
    [
      150,
      0.062124766409397125
    ],
    [
      151,
      0.062472183257341385
    ],
    [
      152,
      0.06265600025653839
    ],
    [
      153,
      0.06226048618555069
    ],
    [
      154,
      0.06245918199419975
    ],
    [
      155,
      0.06313511729240417
    ],
    [
      156,
      0.06429681926965714
    ],
    [
      157,
      0.06321701407432556
    ],
    [
      158,
      0.06242431700229645
    ],
    [
      159,
