{
  "toy": "hetero",
  "seed": 1,
  "width": 6,
  "arm": "ported",
  "held_out_mse": 0.05519050732254982,
  "train_mse": 0.058932188898324966,
  "held_out_trajectory": [
    [
      1,
      0.10284845530986786
    ],
    [
      2,
      0.06136893108487129
    ],
    [
      3,
      0.05812492221593857
    ],
    [
      4,
      0.057540975511074066
    ],
    [
      5,
      0.05644147843122482
    ],
    [
      6,
      0.05600857362151146
    ],
    [
      7,
      0.055765774101018906
    ],
    [
      8,
      0.05543584004044533
    ],
    [
      9,
      0.056007251143455505
    ],
    [
      10,
      0.05542470142245293
    ],
    [
      11,
      0.05529551953077316
    ],
    [
      12,
      0.05528949201107025
    ],
    [
      13,
      0.05510370433330536
    ],
    [
      14,
      0.05551769211888313
    ],
    [
      15,
      0.05496187135577202
    ],
    [
      16,
      0.05480945110321045
    ],
    [
      17,
      0.05498690903186798
    ],
    [
      18,
      0.054545771330595016
    ],
    [
      19,
      0.054421864449977875
    ],
    [
      20,
      0.05486203357577324
    ],
    [
      21,
      0.054849229753017426
    ],
    [
      22,
      0.05458792299032211
    ],
    [
      23,
      0.054420579224824905
    ],
    [
      24,
      0.05439332500100136
    ],
    [
      25,
      0.05441725254058838
    ],
    [
      26,
      0.054186031222343445
    ],
    [
      27,
      0.05380551517009735
    ],
    [
      28,
      0.05544387176632881
    ],
    [
      29,
      0.05373702943325043
    ],
    [
      30,
      0.05535102263092995
    ],
    [
      31,
      0.05457772687077522
    ],
    [
      32,
      0.05492226779460907
    ],
    [
      33,
      0.054548587650060654
    ],
    [
      34,
      0.05843453109264374
    ],
    [
      35,
      0.05493505299091339
    ],
    [
      36,
      0.05586099624633789
    ],
    [
      37,
      0.053900718688964844
    ],
    [
      38,
      0.0540178045630455
    ],
    [
      39,
      0.053694866597652435
    ],
    [
      40,
      0.05418067425489426
    ],
    [
      41,
      0.05401798337697983
    ],
    [
      42,
      0.055060334503650665
    ],
    [
      43,
      0.05380159988999367
    ],
    [
      44,
      0.05369819700717926
    ],
    [
      45,
      0.05411034822463989
    ],
    [
      46,
      0.05406523495912552
    ],
    [
      47,
      0.053913842886686325
    ],
    [
      48,
      0.05393000319600105
    ],
    [
      49,
      0.05400068312883377
    ],
    [
      50,
      0.054351817816495895
    ],
    [
      51,
      0.053932368755340576
    ],
    [
      52,
      0.05465950816869736
    ],
    [
      53,
      0.053759172558784485
    ],
    [
      54,
      0.05386796221137047
    ],
    [
      55,
      0.05449609085917473
    ],
    [
      56,
      0.053772810846567154
    ],
    [
      57,
      0.05502190813422203
    ],
    [
      58,
      0.0540870800614357
    ],
    [
      59,
      0.05372840166091919
    ],
    [
      60,
      0.053784649819135666
    ],
    [
      61,
      0.05476495251059532
    ],
    [
      62,
      0.05396276339888573
    ],
    [
      63,
      0.05419055372476578
    ],
    [
      64,
      0.0544433519244194
    ],
    [
      65,
      0.055661506950855255
    ],
    [
      66,
      0.05395932495594025
    ],
    [
      67,
      0.055182114243507385
    ],
    [
      68,
      0.05406952649354935
    ],
    [
      69,
      0.05387597903609276
    ],
    [
      70,
      0.05424477905035019
    ],
    [
      71,
      0.05387643724679947
    ],
    [
      72,
      0.05558225139975548
    ],
    [
      73,
      0.05394870787858963
    ],
    [
      74,
      0.05424267426133156
    ],
    [
      75,
      0.054620176553726196
    ],
    [
      76,
      0.05492876097559929
    ],
    [
      77,
      0.05395105481147766
    ],
    [
      78,
      0.05536866560578346
    ],
    [
      79,
      0.05406529828906059
    ],
    [
      80,
      0.05510096251964569
    ],
    [
      81,
      0.05413839966058731
    ],
    [
      82,
      0.05454137176275253
    ],
    [
      83,
      0.05369952693581581
    ],
    [
      84,
      0.05404751002788544
    ],
    [
      85,
      0.05407906323671341
    ],
    [
      86,
      0.05440919101238251
    ],
    [
      87,
      0.05563536286354065
    ],
    [
      88,
      0.05445319414138794
    ],
    [
      89,
      0.0541054904460907
    ],
    [
      90,
      0.05395848676562309
    ],
    [
      91,
      0.054780133068561554
    ],
    [
      92,
      0.053930751979351044
    ],
    [
      93,
      0.05517231673002243
    ],
    [
      94,
      0.055239081382751465
    ],
    [
      95,
      0.05372022092342377
    ],
    [
      96,
      0.05446120724081993
    ],
    [
      97,
      0.05403783172369003
    ],
    [
      98,
      0.053712278604507446
    ],
    [
      99,
      0.05441944673657417
    ]
  ],
  "trustworthy": true,
  "hit_cap": false,
  "config": {
    "widths": [
      6
    ],
    "n_train": 1500,
    "n_test": 500,
    "lr": 0.01,
    "batch_size": 64,
    "max_epochs_cap": 1500,
    "patience": 60,
    "min_delta": 0.0001,
    "escalation": {
      "grad_clip_norm": 0.0,
      "warmup_epochs": 0,
      "init_scheme": "default",
      "normalize_inputs": false
    }
  },
  "provenance": {
    "driver": "automl_package/examples/width_wsel4.py",
    "class": "FlexibleWidthNN (automl_package/models/flexnn/width/model.py, SharedTrunkPerWidthHeadNet port)"
  }
}