{
  "toy": "hetero",
  "seed": 0,
  "width": 2,
  "arm": "ported",
  "held_out_mse": 0.09435220062732697,
  "train_mse": 0.09626967459917068,
  "held_out_trajectory": [
    [
      1,
      0.12690509855747223
    ],
    [
      2,
      0.0997755154967308
    ],
    [
      3,
      0.10255204886198044
    ],
    [
      4,
      0.10090720653533936
    ],
    [
      5,
      0.09871351718902588
    ],
    [
      6,
      0.098291777074337
    ],
    [
      7,
      0.09831209480762482
    ],
    [
      8,
      0.09828004240989685
    ],
    [
      9,
      0.09838062524795532
    ],
    [
      10,
      0.09829311072826385
    ],
    [
      11,
      0.09829723834991455
    ],
    [
      12,
      0.0982818454504013
    ],
    [
      13,
      0.09836935997009277
    ],
    [
      14,
      0.098348468542099
    ],
    [
      15,
      0.09828925877809525
    ],
    [
      16,
      0.0982627123594284
    ],
    [
      17,
      0.09827475249767303
    ],
    [
      18,
      0.09825535863637924
    ],
    [
      19,
      0.09827308356761932
    ],
    [
      20,
      0.09833969920873642
    ],
    [
      21,
      0.09832124412059784
    ],
    [
      22,
      0.09835029393434525
    ],
    [
      23,
      0.09837483614683151
    ],
    [
      24,
      0.09827922284603119
    ],
    [
      25,
      0.09829463809728622
    ],
    [
      26,
      0.09833087027072906
    ],
    [
      27,
      0.09832169860601425
    ],
    [
      28,
      0.09834771603345871
    ],
    [
      29,
      0.09831280261278152
    ],
    [
      30,
      0.0982755795121193
    ],
    [
      31,
      0.09827706962823868
    ],
    [
      32,
      0.09824193269014359
    ],
    [
      33,
      0.09832800179719925
    ],
    [
      34,
      0.09860514849424362
    ],
    [
      35,
      0.09828487783670425
    ],
    [
      36,
      0.09826157987117767
    ],
    [
      37,
      0.09830621629953384
    ],
    [
      38,
      0.09828197211027145
    ],
    [
      39,
      0.09833866357803345
    ],
    [
      40,
      0.09856332093477249
    ],
    [
      41,
      0.09838023781776428
    ],
    [
      42,
      0.09839177131652832
    ],
    [
      43,
      0.0983818992972374
    ],
    [
      44,
      0.09833153337240219
    ],
    [
      45,
      0.09824464470148087
    ],
    [
      46,
      0.09824753552675247
    ],
    [
      47,
      0.09834720939397812
    ],
    [
      48,
      0.09832889586687088
    ],
    [
      49,
      0.09838910400867462
    ],
    [
      50,
      0.0983908474445343
    ],
    [
      51,
      0.09831664711236954
    ],
    [
      52,
      0.0983254685997963
    ],
    [
      53,
      0.09827087074518204
    ],
    [
      54,
      0.0986311063170433
    ],
    [
      55,
      0.0983598530292511
    ],
    [
      56,
      0.09828804433345795
    ],
    [
      57,
      0.09827885776758194
    ],
    [
      58,
      0.09830927848815918
    ],
    [
      59,
      0.09833044558763504
    ],
    [
      60,
      0.09831063449382782
    ],
    [
      61,
      0.09826919436454773
    ],
    [
      62,
      0.09825395047664642
    ],
    [
      63,
      0.09832219779491425
    ],
    [
      64,
      0.0982934981584549
    ],
    [
      65,
      0.09835535287857056
    ],
    [
      66,
      0.09836966544389725
    ],
    [
      67,
      0.09833474457263947
    ],
    [
      68,
      0.09831840544939041
    ],
    [
      69,
      0.09830129146575928
    ],
    [
      70,
      0.09834017604589462
    ],
    [
      71,
      0.09845839440822601
    ],
    [
      72,
      0.09843550622463226
    ],
    [
      73,
      0.09830303490161896
    ],
    [
      74,
      0.09845049679279327
    ],
    [
      75,
      0.09836290031671524
    ],
    [
      76,
      0.09845960140228271
    ],
    [
      77,
      0.09839136898517609
    ],
    [
      78,
      0.09836448729038239
    ],
    [
      79,
      0.09827027469873428
    ],
    [
      80,
      0.09831668436527252
    ],
    [
      81,
      0.09832431375980377
    ],
    [
      82,
      0.09830217063426971
    ],
    [
      83,
      0.09855519980192184
    ],
    [
      84,
      0.09836151450872421
    ],
    [
      85,
      0.09850785881280899
    ],
    [
      86,
      0.09846435487270355
    ],
    [
      87,
      0.09836594760417938
    ],
    [
      88,
      0.09829139709472656
    ],
    [
      89,
      0.0984281525015831
    ],
    [
      90,
      0.0983448252081871
    ],
    [
      91,
      0.09842633455991745
    ],
    [
      92,
      0.09840715676546097
    ]
  ],
  "trustworthy": true,
  "hit_cap": false,
  "config": {
    "widths": [
      2
    ],
    "n_train": 1500,
    "n_test": 500,
    "lr": 0.01,
    "batch_size": 64,
    "max_epochs_cap": 1500,
    "patience": 60,
    "min_delta": 0.0001,
    "escalation": {
      "grad_clip_norm": 0.0,
      "warmup_epochs": 0,
      "init_scheme": "default",
      "normalize_inputs": false
    }
  },
  "provenance": {
    "driver": "automl_package/examples/width_wsel4.py",
    "class": "FlexibleWidthNN (automl_package/models/flexnn/width/model.py, SharedTrunkPerWidthHeadNet port)"
  }
}