{
  "toy": "hetero",
  "seed": 2,
  "width": 1,
  "arm": "ported",
  "held_out_mse": 0.08474971354007721,
  "train_mse": 0.08453304320573807,
  "held_out_trajectory": [
    [
      1,
      0.09254797548055649
    ],
    [
      2,
      0.08266682922840118
    ],
    [
      3,
      0.08239571750164032
    ],
    [
      4,
      0.08352940529584885
    ],
    [
      5,
      0.08553985506296158
    ],
    [
      6,
      0.08580536395311356
    ],
    [
      7,
      0.08415243029594421
    ],
    [
      8,
      0.08373350650072098
    ],
    [
      9,
      0.08347336947917938
    ],
    [
      10,
      0.08414921164512634
    ],
    [
      11,
      0.08421815931797028
    ],
    [
      12,
      0.08422340452671051
    ],
    [
      13,
      0.08388049155473709
    ],
    [
      14,
      0.0839073657989502
    ],
    [
      15,
      0.08438952267169952
    ],
    [
      16,
      0.08507726341485977
    ],
    [
      17,
      0.0858677327632904
    ],
    [
      18,
      0.08499585092067719
    ],
    [
      19,
      0.08447548747062683
    ],
    [
      20,
      0.08384101837873459
    ],
    [
      21,
      0.08361469954252243
    ],
    [
      22,
      0.08440201729536057
    ],
    [
      23,
      0.08413748443126678
    ],
    [
      24,
      0.08360825479030609
    ],
    [
      25,
      0.0843082070350647
    ],
    [
      26,
      0.08416546136140823
    ],
    [
      27,
      0.08527301251888275
    ],
    [
      28,
      0.08422074466943741
    ],
    [
      29,
      0.08314305543899536
    ],
    [
      30,
      0.08420071005821228
    ],
    [
      31,
      0.08406610041856766
    ],
    [
      32,
      0.0842137560248375
    ],
    [
      33,
      0.08545149117708206
    ],
    [
      34,
      0.08484239876270294
    ],
    [
      35,
      0.0836682990193367
    ],
    [
      36,
      0.0832483321428299
    ],
    [
      37,
      0.08559172600507736
    ],
    [
      38,
      0.08429963141679764
    ],
    [
      39,
      0.08325172960758209
    ],
    [
      40,
      0.0844823569059372
    ],
    [
      41,
      0.08458473533391953
    ],
    [
      42,
      0.08290683478116989
    ],
    [
      43,
      0.08269950747489929
    ],
    [
      44,
      0.08432560414075851
    ],
    [
      45,
      0.08181571215391159
    ],
    [
      46,
      0.08067115396261215
    ],
    [
      47,
      0.08162058144807816
    ],
    [
      48,
      0.08038303256034851
    ],
    [
      49,
      0.07773129642009735
    ],
    [
      50,
      0.07662699371576309
    ],
    [
      51,
      0.07583963125944138
    ],
    [
      52,
      0.07482662051916122
    ],
    [
      53,
      0.07502538710832596
    ],
    [
      54,
      0.07500609010457993
    ],
    [
      55,
      0.07593478262424469
    ],
    [
      56,
      0.07424307614564896
    ],
    [
      57,
      0.0761554166674614
    ],
    [
      58,
      0.0756746456027031
    ],
    [
      59,
      0.07380542159080505
    ],
    [
      60,
      0.07477020472288132
    ],
    [
      61,
      0.07580218464136124
    ],
    [
      62,
      0.07502734661102295
    ],
    [
      63,
      0.07659992575645447
    ],
    [
      64,
      0.07411375641822815
    ],
    [
      65,
      0.07442378252744675
    ],
    [
      66,
      0.07443387806415558
    ],
    [
      67,
      0.07401661574840546
    ],
    [
      68,
      0.07766254991292953
    ],
    [
      69,
      0.07528100907802582
    ],
    [
      70,
      0.07358694821596146
    ],
    [
      71,
      0.07519446313381195
    ],
    [
      72,
      0.07415148615837097
    ],
    [
      73,
      0.07588960975408554
    ],
    [
      74,
      0.07458481192588806
    ],
    [
      75,
      0.07459189742803574
    ],
    [
      76,
      0.07593327015638351
    ],
    [
      77,
      0.07373636960983276
    ],
    [
      78,
      0.074955053627491
    ],
    [
      79,
      0.07558160275220871
    ],
    [
      80,
      0.07445091754198074
    ],
    [
      81,
      0.07708065211772919
    ],
    [
      82,
      0.076496422290802
    ],
    [
      83,
      0.0743458941578865
    ],
    [
      84,
      0.07409561425447464
    ],
    [
      85,
      0.0761571153998375
    ],
    [
      86,
      0.07546696066856384
    ],
    [
      87,
      0.07463482022285461
    ],
    [
      88,
      0.07648869603872299
    ],
    [
      89,
      0.07440056651830673
    ],
    [
      90,
      0.07638278603553772
    ],
    [
      91,
      0.07392583042383194
    ],
    [
      92,
      0.07681044191122055
    ],
    [
      93,
      0.07591402530670166
    ],
    [
      94,
      0.07536302506923676
    ],
    [
      95,
      0.07537715137004852
    ],
    [
      96,
      0.07507476210594177
    ],
    [
      97,
      0.07483833283185959
    ],
    [
      98,
      0.0745774582028389
    ],
    [
      99,
      0.07566168159246445
    ],
    [
      100,
      0.07360967993736267
    ],
    [
      101,
      0.07614831626415253
    ],
    [
      102,
      0.0744694173336029
    ],
    [
      103,
      0.07450322806835175
    ],
    [
      104,
      0.07418469339609146
    ],
    [
      105,
      0.07749468833208084
    ],
    [
      106,
      0.07484368979930878
    ],
    [
      107,
      0.07461853325366974
    ],
    [
      108,
      0.07436461001634598
    ],
    [
      109,
      0.07459395378828049
    ],
    [
      110,
      0.07475612312555313
    ],
    [
      111,
      0.07640920579433441
    ],
    [
      112,
      0.07511457800865173
    ],
    [
      113,
      0.07490278035402298
    ],
    [
      114,
      0.07421008497476578
    ],
    [
      115,
      0.07549301534891129
    ],
    [
      116,
      0.07438243925571442
    ],
    [
      117,
      0.0752381756901741
    ],
    [
      118,
      0.07497049123048782
    ],
    [
      119,
      0.07453884929418564
    ],
    [
      120,
      0.0766364187002182
    ],
    [
      121,
      0.07455840706825256
    ],
    [
      122,
      0.0753088891506195
    ],
    [
      123,
      0.07464831322431564
    ],
    [
      124,
      0.07468979060649872
    ],
    [
      125,
      0.07518773525953293
    ],
    [
      126,
      0.0750000923871994
    ],
    [
      127,
      0.0756869912147522
    ],
    [
      128,
      0.07522663474082947
    ],
    [
      129,
      0.07404819875955582
    ],
    [
      130,
      0.07629205286502838
    ]
  ],
  "trustworthy": true,
  "hit_cap": false,
  "config": {
    "widths": [
      1
    ],
    "n_train": 1500,
    "n_test": 500,
    "lr": 0.01,
    "batch_size": 64,
    "max_epochs_cap": 1500,
    "patience": 60,
    "min_delta": 0.0001,
    "escalation": {
      "grad_clip_norm": 0.0,
      "warmup_epochs": 0,
      "init_scheme": "default",
      "normalize_inputs": false
    }
  },
  "provenance": {
    "driver": "automl_package/examples/width_wsel4.py",
    "class": "FlexibleWidthNN (automl_package/models/flexnn/width/model.py, SharedTrunkPerWidthHeadNet port)"
  }
}