{
  "toy": "hetero",
  "seed": 2,
  "width": 6,
  "arm": "ported",
  "held_out_mse": 0.06566233187913895,
  "train_mse": 0.06612040847539902,
  "held_out_trajectory": [
    [
      1,
      0.09130429476499557
    ],
    [
      2,
      0.07935921847820282
    ],
    [
      3,
      0.07132464647293091
    ],
    [
      4,
      0.070099838078022
    ],
    [
      5,
      0.07084130495786667
    ],
    [
      6,
      0.06613626331090927
    ],
    [
      7,
      0.06290243566036224
    ],
    [
      8,
      0.062021397054195404
    ],
    [
      9,
      0.060969334095716476
    ],
    [
      10,
      0.059931620955467224
    ],
    [
      11,
      0.059314925223588943
    ],
    [
      12,
      0.059697672724723816
    ],
    [
      13,
      0.059467073529958725
    ],
    [
      14,
      0.0586545355618
    ],
    [
      15,
      0.06510136276483536
    ],
    [
      16,
      0.057819608598947525
    ],
    [
      17,
      0.0715571790933609
    ],
    [
      18,
      0.06547799706459045
    ],
    [
      19,
      0.062211982905864716
    ],
    [
      20,
      0.06627466529607773
    ],
    [
      21,
      0.05860227718949318
    ],
    [
      22,
      0.05971096083521843
    ],
    [
      23,
      0.062442537397146225
    ],
    [
      24,
      0.0595957450568676
    ],
    [
      25,
      0.05736497789621353
    ],
    [
      26,
      0.05900980532169342
    ],
    [
      27,
      0.06041857227683067
    ],
    [
      28,
      0.058293417096138
    ],
    [
      29,
      0.06030217558145523
    ],
    [
      30,
      0.05731340870261192
    ],
    [
      31,
      0.06007583439350128
    ],
    [
      32,
      0.05823801830410957
    ],
    [
      33,
      0.057525597512722015
    ],
    [
      34,
      0.057926006615161896
    ],
    [
      35,
      0.060333143919706345
    ],
    [
      36,
      0.05759822204709053
    ],
    [
      37,
      0.05756894499063492
    ],
    [
      38,
      0.05926601588726044
    ],
    [
      39,
      0.05944417789578438
    ],
    [
      40,
      0.06680882722139359
    ],
    [
      41,
      0.05710286274552345
    ],
    [
      42,
      0.06695514917373657
    ],
    [
      43,
      0.05716538056731224
    ],
    [
      44,
      0.06045912578701973
    ],
    [
      45,
      0.07265925407409668
    ],
    [
      46,
      0.057884927839040756
    ],
    [
      47,
      0.05714041367173195
    ],
    [
      48,
      0.059167906641960144
    ],
    [
      49,
      0.05721769854426384
    ],
    [
      50,
      0.057191189378499985
    ],
    [
      51,
      0.06113734096288681
    ],
    [
      52,
      0.05776955932378769
    ],
    [
      53,
      0.05709228664636612
    ],
    [
      54,
      0.05936213955283165
    ],
    [
      55,
      0.057228121906518936
    ],
    [
      56,
      0.05806634947657585
    ],
    [
      57,
      0.060694243758916855
    ],
    [
      58,
      0.05734908953309059
    ],
    [
      59,
      0.05722782015800476
    ],
    [
      60,
      0.0613536573946476
    ],
    [
      61,
      0.05817282199859619
    ],
    [
      62,
      0.06270740926265717
    ],
    [
      63,
      0.05747554823756218
    ],
    [
      64,
      0.05864379182457924
    ],
    [
      65,
      0.06183233857154846
    ],
    [
      66,
      0.058633219450712204
    ],
    [
      67,
      0.05717772617936134
    ],
    [
      68,
      0.05769446864724159
    ],
    [
      69,
      0.057534359395504
    ],
    [
      70,
      0.05953953415155411
    ],
    [
      71,
      0.05835988372564316
    ],
    [
      72,
      0.0575869120657444
    ],
    [
      73,
      0.06104131042957306
    ],
    [
      74,
      0.06304088979959488
    ],
    [
      75,
      0.05742191895842552
    ],
    [
      76,
      0.05794365704059601
    ],
    [
      77,
      0.06069927290081978
    ],
    [
      78,
      0.058923523873090744
    ],
    [
      79,
      0.05705532059073448
    ],
    [
      80,
      0.057509105652570724
    ],
    [
      81,
      0.05716449022293091
    ],
    [
      82,
      0.057059772312641144
    ],
    [
      83,
      0.0666709765791893
    ],
    [
      84,
      0.059622637927532196
    ],
    [
      85,
      0.05996909365057945
    ],
    [
      86,
      0.057199280709028244
    ],
    [
      87,
      0.07603459805250168
    ],
    [
      88,
      0.05895373597741127
    ],
    [
      89,
      0.057122085243463516
    ],
    [
      90,
      0.0695541650056839
    ],
    [
      91,
      0.05891561508178711
    ],
    [
      92,
      0.057019270956516266
    ],
    [
      93,
      0.05961676314473152
    ],
    [
      94,
      0.05697398632764816
    ],
    [
      95,
      0.05834777280688286
    ],
    [
      96,
      0.05859571322798729
    ],
    [
      97,
      0.05715753510594368
    ],
    [
      98,
      0.06534943729639053
    ],
    [
      99,
      0.05789848417043686
    ],
    [
      100,
      0.057270050048828125
    ],
    [
      101,
      0.05732133984565735
    ],
    [
      102,
      0.06064286082983017
    ],
    [
      103,
      0.05697746202349663
    ],
    [
      104,
      0.05726799741387367
    ],
    [
      105,
      0.05714545026421547
    ],
    [
      106,
      0.06122484803199768
    ],
    [
      107,
      0.06063980609178543
    ],
    [
      108,
      0.0569278784096241
    ],
    [
      109,
      0.060659464448690414
    ],
    [
      110,
      0.0576285794377327
    ],
    [
      111,
      0.05880146101117134
    ],
    [
      112,
      0.05712723359465599
    ],
    [
      113,
      0.057301439344882965
    ],
    [
      114,
      0.0634746178984642
    ],
    [
      115,
      0.05697198957204819
    ],
    [
      116,
      0.05977947264909744
    ],
    [
      117,
      0.06422407925128937
    ],
    [
      118,
      0.05730798840522766
    ],
    [
      119,
      0.06905043125152588
    ],
    [
      120,
      0.05739963427186012
    ],
    [
      121,
      0.05731385573744774
    ],
    [
      122,
      0.06136084720492363
    ],
    [
      123,
      0.06026741489768028
    ],
    [
      124,
      0.06143603101372719
    ],
    [
      125,
      0.05722621828317642
    ],
    [
      126,
      0.06125032901763916
    ],
    [
      127,
      0.05754046142101288
    ],
    [
      128,
      0.058532245457172394
    ],
    [
      129,
      0.057510409504175186
    ],
    [
      130,
      0.06123553588986397
    ],
    [
      131,
      0.06226479262113571
    ],
    [
      132,
      0.05871013179421425
    ],
    [
      133,
      0.05742396041750908
    ],
    [
      134,
      0.05875740200281143
    ],
    [
      135,
      0.05748666077852249
    ],
    [
      136,
      0.059248097240924835
    ],
    [
      137,
      0.06851428747177124
    ],
    [
      138,
      0.05807540938258171
    ],
    [
      139,
      0.05784568935632706
    ],
    [
      140,
      0.07007884979248047
    ],
    [
      141,
      0.056855060160160065
    ],
    [
      142,
      0.05731267109513283
    ],
    [
      143,
      0.057078152894973755
    ],
    [
      144,
      0.06370758265256882
    ],
    [
      145,
      0.058849919587373734
    ],
    [
      146,
      0.06326065957546234
    ],
    [
      147,
      0.06367749720811844
    ],
    [
      148,
      0.05686508119106293
    ],
    [
      149,
      0.06437456607818604
    ],
    [
      150,
      0.06978339701890945
    ],
    [
      151,
      0.05705353245139122
    ],
    [
      152,
      0.05723058804869652
    ],
    [
      153,
      0.05774753540754318
    ],
    [
      154,
      0.057181455194950104
    ],
    [
      155,
      0.06001913174986839
    ],
    [
      156,
      0.05718269944190979
    ],
    [
      157,
      0.06919615715742111
    ],
    [
      158,
      0.05744197219610214
    ],
    [
      159,
