{
  "toy": "hetero",
  "seed": 2,
  "width": 9,
  "arm": "ported",
  "held_out_mse": 0.053058043122291565,
  "train_mse": 0.052516091614961624,
  "held_out_trajectory": [
    [
      1,
      0.12186415493488312
    ],
    [
      2,
      0.11208579689264297
    ],
    [
      3,
      0.0746714174747467
    ],
    [
      4,
      0.06855704635381699
    ],
    [
      5,
      0.061563219875097275
    ],
    [
      6,
      0.05787628889083862
    ],
    [
      7,
      0.05575242266058922
    ],
    [
      8,
      0.05550267547369003
    ],
    [
      9,
      0.057111650705337524
    ],
    [
      10,
      0.05564829334616661
    ],
    [
      11,
      0.05626042187213898
    ],
    [
      12,
      0.05577864870429039
    ],
    [
      13,
      0.05546916276216507
    ],
    [
      14,
      0.05636538192629814
    ],
    [
      15,
      0.0553029328584671
    ],
    [
      16,
      0.055954474955797195
    ],
    [
      17,
      0.05622660368680954
    ],
    [
      18,
      0.05726807937026024
    ],
    [
      19,
      0.05609872192144394
    ],
    [
      20,
      0.056810278445482254
    ],
    [
      21,
      0.05606456845998764
    ],
    [
      22,
      0.055495377629995346
    ],
    [
      23,
      0.057895973324775696
    ],
    [
      24,
      0.05692989379167557
    ],
    [
      25,
      0.05450917407870293
    ],
    [
      26,
      0.05554693937301636
    ],
    [
      27,
      0.05477435514330864
    ],
    [
      28,
      0.05456474423408508
    ],
    [
      29,
      0.055974096059799194
    ],
    [
      30,
      0.0604315809905529
    ],
    [
      31,
      0.05663810670375824
    ],
    [
      32,
      0.05425751954317093
    ],
    [
      33,
      0.05524987354874611
    ],
    [
      34,
      0.05713798478245735
    ],
    [
      35,
      0.05540691316127777
    ],
    [
      36,
      0.05710297450423241
    ],
    [
      37,
      0.056490033864974976
    ],
    [
      38,
      0.05590561032295227
    ],
    [
      39,
      0.054483380168676376
    ],
    [
      40,
      0.05488318204879761
    ],
    [
      41,
      0.055715110152959824
    ],
    [
      42,
      0.05590654909610748
    ],
    [
      43,
      0.055476538836956024
    ],
    [
      44,
      0.05450177565217018
    ],
    [
      45,
      0.05519521236419678
    ],
    [
      46,
      0.05492037907242775
    ],
    [
      47,
      0.05659092590212822
    ],
    [
      48,
      0.05552789568901062
    ],
    [
      49,
      0.055243268609046936
    ],
    [
      50,
      0.054997578263282776
    ],
    [
      51,
      0.05517301708459854
    ],
    [
      52,
      0.057429518550634384
    ],
    [
      53,
      0.055509619414806366
    ],
    [
      54,
      0.0609525665640831
    ],
    [
      55,
      0.05488158017396927
    ],
    [
      56,
      0.06156018748879433
    ],
    [
      57,
      0.05503561720252037
    ],
    [
      58,
      0.05548248812556267
    ],
    [
      59,
      0.05550483241677284
    ],
    [
      60,
      0.056915123015642166
    ],
    [
      61,
      0.056715112179517746
    ],
    [
      62,
      0.06089954450726509
    ],
    [
      63,
      0.06514032185077667
    ],
    [
      64,
      0.056156083941459656
    ],
    [
      65,
      0.05505907163023949
    ],
    [
      66,
      0.05540308728814125
    ],
    [
      67,
      0.05511230602860451
    ],
    [
      68,
      0.05528821423649788
    ],
    [
      69,
      0.054622210562229156
    ],
    [
      70,
      0.05565986782312393
    ],
    [
      71,
      0.05513191968202591
    ],
    [
      72,
      0.05703510344028473
    ],
    [
      73,
      0.05729246884584427
    ],
    [
      74,
      0.05514777451753616
    ],
    [
      75,
      0.0614904910326004
    ],
    [
      76,
      0.05732884630560875
    ],
    [
      77,
      0.06230774521827698
    ],
    [
      78,
      0.055733051151037216
    ],
    [
      79,
      0.0559343583881855
    ],
    [
      80,
      0.05671258270740509
    ],
    [
      81,
      0.056618887931108475
    ],
    [
      82,
      0.05540291965007782
    ],
    [
      83,
      0.055385787039995193
    ],
    [
      84,
      0.05506034940481186
    ],
    [
      85,
      0.061286937445402145
    ],
    [
      86,
      0.058070652186870575
    ],
    [
      87,
      0.05602441728115082
    ],
    [
      88,
      0.05554087832570076
    ],
    [
      89,
      0.0552213229238987
    ],
    [
      90,
      0.056099072098731995
    ],
    [
      91,
      0.05520956590771675
    ],
    [
      92,
      0.05520949140191078
    ]
  ],
  "trustworthy": true,
  "hit_cap": false,
  "config": {
    "widths": [
      9
    ],
    "n_train": 1500,
    "n_test": 500,
    "lr": 0.01,
    "batch_size": 64,
    "max_epochs_cap": 1500,
    "patience": 60,
    "min_delta": 0.0001,
    "escalation": {
      "grad_clip_norm": 0.0,
      "warmup_epochs": 0,
      "init_scheme": "default",
      "normalize_inputs": false
    }
  },
  "provenance": {
    "driver": "automl_package/examples/width_wsel4.py",
    "class": "FlexibleWidthNN (automl_package/models/flexnn/width/model.py, SharedTrunkPerWidthHeadNet port)"
  }
}