{
  "toy": "hetero",
  "seed": 2,
  "width": 7,
  "arm": "ported",
  "held_out_mse": 0.013063808903098106,
  "train_mse": 0.012567306868731976,
  "held_out_trajectory": [
    [
      1,
      0.0768979862332344
    ],
    [
      2,
      0.06813539564609528
    ],
    [
      3,
      0.05689994990825653
    ],
    [
      4,
      0.057283248752355576
    ],
    [
      5,
      0.05635159835219383
    ],
    [
      6,
      0.056105632334947586
    ],
    [
      7,
      0.05618532747030258
    ],
    [
      8,
      0.0552186444401741
    ],
    [
      9,
      0.05738751217722893
    ],
    [
      10,
      0.055635616183280945
    ],
    [
      11,
      0.056022077798843384
    ],
    [
      12,
      0.05381505936384201
    ],
    [
      13,
      0.05518132075667381
    ],
    [
      14,
      0.05876285582780838
    ],
    [
      15,
      0.051754023879766464
    ],
    [
      16,
      0.05211196467280388
    ],
    [
      17,
      0.05514112487435341
    ],
    [
      18,
      0.049574114382267
    ],
    [
      19,
      0.05212166905403137
    ],
    [
      20,
      0.050181012600660324
    ],
    [
      21,
      0.04896331951022148
    ],
    [
      22,
      0.04745353013277054
    ],
    [
      23,
      0.047741010785102844
    ],
    [
      24,
      0.04693525657057762
    ],
    [
      25,
      0.04621113836765289
    ],
    [
      26,
      0.043995171785354614
    ],
    [
      27,
      0.046736955642700195
    ],
    [
      28,
      0.05230515077710152
    ],
    [
      29,
      0.05001278594136238
    ],
    [
      30,
      0.042637646198272705
    ],
    [
      31,
      0.04368541017174721
    ],
    [
      32,
      0.04065617918968201
    ],
    [
      33,
      0.04496686905622482
    ],
    [
      34,
      0.03810190036892891
    ],
    [
      35,
      0.03809468820691109
    ],
    [
      36,
      0.03836692124605179
    ],
    [
      37,
      0.03993980586528778
    ],
    [
      38,
      0.037647780030965805
    ],
    [
      39,
      0.0368853323161602
    ],
    [
      40,
      0.036161281168460846
    ],
    [
      41,
      0.03459734097123146
    ],
    [
      42,
      0.035270024091005325
    ],
    [
      43,
      0.03450709208846092
    ],
    [
      44,
      0.032092973589897156
    ],
    [
      45,
      0.030474603176116943
    ],
    [
      46,
      0.03552990034222603
    ],
    [
      47,
      0.034122396260499954
    ],
    [
      48,
      0.035852186381816864
    ],
    [
      49,
      0.03379238769412041
    ],
    [
      50,
      0.03733893483877182
    ],
    [
      51,
      0.02922740951180458
    ],
    [
      52,
      0.030663814395666122
    ],
    [
      53,
      0.031263820827007294
    ],
    [
      54,
      0.03862054646015167
    ],
    [
      55,
      0.0283066239207983
    ],
    [
      56,
      0.031735800206661224
    ],
    [
      57,
      0.026149732992053032
    ],
    [
      58,
      0.028234444558620453
    ],
    [
      59,
      0.026341520249843597
    ],
    [
      60,
      0.025601156055927277
    ],
    [
      61,
      0.0258305836468935
    ],
    [
      62,
      0.027290474623441696
    ],
    [
      63,
      0.02634642831981182
    ],
    [
      64,
      0.02863425202667713
    ],
    [
      65,
      0.02407067082822323
    ],
    [
      66,
      0.02766490913927555
    ],
    [
      67,
      0.025989223271608353
    ],
    [
      68,
      0.022768059745430946
    ],
    [
      69,
      0.024212688207626343
    ],
    [
      70,
      0.02228574827313423
    ],
    [
      71,
      0.025578714907169342
    ],
    [
      72,
      0.02233995497226715
    ],
    [
      73,
      0.023212715983390808
    ],
    [
      74,
      0.021962814033031464
    ],
    [
      75,
      0.02807023376226425
    ],
    [
      76,
      0.025157272815704346
    ],
    [
      77,
      0.023986387997865677
    ],
    [
      78,
      0.02271066978573799
    ],
    [
      79,
      0.020815780386328697
    ],
    [
      80,
      0.02173621393740177
    ],
    [
      81,
      0.021188901737332344
    ],
    [
      82,
      0.02162814885377884
    ],
    [
      83,
      0.02453729696571827
    ],
    [
      84,
      0.02311912178993225
    ],
    [
      85,
      0.020891720429062843
    ],
    [
      86,
      0.021696386858820915
    ],
    [
      87,
      0.023244615644216537
    ],
    [
      88,
      0.019920101389288902
    ],
    [
      89,
      0.02195761352777481
    ],
    [
      90,
      0.023604216054081917
    ],
    [
      91,
      0.020311707630753517
    ],
    [
      92,
      0.023509303107857704
    ],
    [
      93,
      0.0215068981051445
    ],
    [
      94,
      0.01983918435871601
    ],
    [
      95,
      0.019714316353201866
    ],
    [
      96,
      0.023055410012602806
    ],
    [
      97,
      0.03207691013813019
    ],
    [
      98,
      0.025219924747943878
    ],
    [
      99,
      0.022687852382659912
    ],
    [
      100,
      0.021187899634242058
    ],
    [
      101,
      0.02092936262488365
    ],
    [
      102,
      0.019276371225714684
    ],
    [
      103,
      0.020187420770525932
    ],
    [
      104,
      0.01942584291100502
    ],
    [
      105,
      0.025247231125831604
    ],
    [
      106,
      0.019625382497906685
    ],
    [
      107,
      0.01858467422425747
    ],
    [
      108,
      0.019052566960453987
    ],
    [
      109,
      0.021422814577817917
    ],
    [
      110,
      0.018266502767801285
    ],
    [
      111,
      0.01898360252380371
    ],
    [
      112,
      0.027389800176024437
    ],
    [
      113,
      0.02010401338338852
    ],
    [
      114,
      0.02622443437576294
    ],
    [
      115,
      0.021458392962813377
    ],
    [
      116,
      0.01767616719007492
    ],
    [
      117,
      0.0188586488366127
    ],
    [
      118,
      0.01970679499208927
    ],
    [
      119,
      0.021680202335119247
    ],
    [
      120,
      0.0399450808763504
    ],
    [
      121,
      0.030613664537668228
    ],
    [
      122,
      0.020572876557707787
    ],
    [
      123,
      0.019021570682525635
    ],
    [
      124,
      0.017697002738714218
    ],
    [
      125,
      0.02026417665183544
    ],
    [
      126,
      0.01812073588371277
    ],
    [
      127,
      0.018854578956961632
    ],
    [
      128,
      0.02103741280734539
    ],
    [
      129,
      0.02541772834956646
    ],
    [
      130,
      0.029101988300681114
    ],
    [
      131,
      0.026163149625062943
    ],
    [
      132,
      0.017631400376558304
    ],
    [
      133,
      0.01814228855073452
    ],
    [
      134,
      0.02196621149778366
    ],
    [
      135,
      0.018127303570508957
    ],
    [
      136,
      0.01802155002951622
    ],
    [
      137,
      0.018213853240013123
    ],
    [
      138,
      0.01711178757250309
    ],
    [
      139,
      0.025789808481931686
    ],
    [
      140,
      0.01959162950515747
    ],
    [
      141,
      0.02072957158088684
    ],
    [
      142,
      0.03341720998287201
    ],
    [
      143,
      0.030285215005278587
    ],
    [
      144,
      0.03275984153151512
    ],
    [
      145,
      0.016960924491286278
    ],
    [
      146,
      0.017511826008558273
    ],
    [
      147,
      0.02277354896068573
    ],
    [
      148,
      0.027278481051325798
    ],
    [
      149,
      0.016733473166823387
    ],
    [
      150,
      0.01726456917822361
    ],
    [
      151,
      0.018036503344774246
    ],
    [
      152,
      0.016532329842448235
    ],
    [
      153,
      0.017806997522711754
    ],
    [
      154,
      0.016879824921488762
    ],
    [
      155,
      0.021993976086378098
    ],
    [
      156,
      0.019291851669549942
    ],
    [
      157,
      0.02023302949965
    ],
    [
      158,
