{
  "toy": "hetero",
  "seed": 2,
  "width": 8,
  "arm": "ported",
  "held_out_mse": 0.06026582047343254,
  "train_mse": 0.05879554897546768,
  "held_out_trajectory": [
    [
      1,
      0.11311716586351395
    ],
    [
      2,
      0.1942707896232605
    ],
    [
      3,
      0.06355560570955276
    ],
    [
      4,
      0.07211314886808395
    ],
    [
      5,
      0.06096847355365753
    ],
    [
      6,
      0.06195463985204697
    ],
    [
      7,
      0.05829153209924698
    ],
    [
      8,
      0.05960946902632713
    ],
    [
      9,
      0.058707866817712784
    ],
    [
      10,
      0.058524925261735916
    ],
    [
      11,
      0.05794559419155121
    ],
    [
      12,
      0.058373477309942245
    ],
    [
      13,
      0.05801646411418915
    ],
    [
      14,
      0.05824205279350281
    ],
    [
      15,
      0.057965151965618134
    ],
    [
      16,
      0.05763550475239754
    ],
    [
      17,
      0.05807216092944145
    ],
    [
      18,
      0.05767131969332695
    ],
    [
      19,
      0.057936783879995346
    ],
    [
      20,
      0.057215843349695206
    ],
    [
      21,
      0.057814598083496094
    ],
    [
      22,
      0.05750541016459465
    ],
    [
      23,
      0.058996327221393585
    ],
    [
      24,
      0.05729816481471062
    ],
    [
      25,
      0.05793368071317673
    ],
    [
      26,
      0.05809413269162178
    ],
    [
      27,
      0.05705315247178078
    ],
    [
      28,
      0.05738688260316849
    ],
    [
      29,
      0.05736967548727989
    ],
    [
      30,
      0.057090092450380325
    ],
    [
      31,
      0.05852923542261124
    ],
    [
      32,
      0.05703152343630791
    ],
    [
      33,
      0.057992350310087204
    ],
    [
      34,
      0.05703030154109001
    ],
    [
      35,
      0.05700536072254181
    ],
    [
      36,
      0.05902436748147011
    ],
    [
      37,
      0.05749695375561714
    ],
    [
      38,
      0.059087395668029785
    ],
    [
      39,
      0.05706094205379486
    ],
    [
      40,
      0.057453956454992294
    ],
    [
      41,
      0.056990355253219604
    ],
    [
      42,
      0.05781463161110878
    ],
    [
      43,
      0.059510715305805206
    ],
    [
      44,
      0.05728474259376526
    ],
    [
      45,
      0.0588187612593174
    ],
    [
      46,
      0.05710291489958763
    ],
    [
      47,
      0.057660605758428574
    ],
    [
      48,
      0.057007987052202225
    ],
    [
      49,
      0.05772455781698227
    ],
    [
      50,
      0.06413515657186508
    ],
    [
      51,
      0.05731683224439621
    ],
    [
      52,
      0.05971381440758705
    ],
    [
      53,
      0.05700259655714035
    ],
    [
      54,
      0.062125980854034424
    ],
    [
      55,
      0.05880874767899513
    ],
    [
      56,
      0.05932384356856346
    ],
    [
      57,
      0.05705983564257622
    ],
    [
      58,
      0.0645623654127121
    ],
    [
      59,
      0.05702674761414528
    ],
    [
      60,
      0.05753522366285324
    ],
    [
      61,
      0.060476627200841904
    ],
    [
      62,
      0.058225687593221664
    ],
    [
      63,
      0.05821435898542404
    ],
    [
      64,
      0.05749267712235451
    ],
    [
      65,
      0.06584272533655167
    ],
    [
      66,
      0.06192310154438019
    ],
    [
      67,
      0.061711229383945465
    ],
    [
      68,
      0.057184211909770966
    ],
    [
      69,
      0.057147905230522156
    ],
    [
      70,
      0.05699683353304863
    ],
    [
      71,
      0.060409579426050186
    ],
    [
      72,
      0.05701982602477074
    ],
    [
      73,
      0.05839834734797478
    ],
    [
      74,
      0.05767872557044029
    ],
    [
      75,
      0.057076696306467056
    ],
    [
      76,
      0.057429224252700806
    ],
    [
      77,
      0.05827553942799568
    ],
    [
      78,
      0.057899050414562225
    ],
    [
      79,
      0.0603434257209301
    ],
    [
      80,
      0.05712934583425522
    ],
    [
      81,
      0.057377997785806656
    ],
    [
      82,
      0.05721019580960274
    ],
    [
      83,
      0.05866869539022446
    ],
    [
      84,
      0.059964701533317566
    ],
    [
      85,
      0.06411146372556686
    ],
    [
      86,
      0.06722092628479004
    ],
    [
      87,
      0.05772051960229874
    ],
    [
      88,
      0.060112062841653824
    ],
    [
      89,
      0.05725044384598732
    ],
    [
      90,
      0.057624414563179016
    ],
    [
      91,
      0.06334256380796432
    ],
    [
      92,
      0.05712325870990753
    ],
    [
      93,
      0.05827702209353447
    ],
    [
      94,
      0.05722900480031967
    ],
    [
      95,
      0.05765407532453537
    ],
    [
      96,
      0.05898841843008995
    ],
    [
      97,
      0.057554613798856735
    ],
    [
      98,
      0.05698367953300476
    ],
    [
      99,
      0.05942158401012421
    ],
    [
      100,
      0.0570237934589386
    ],
    [
      101,
      0.05915943905711174
    ],
    [
      102,
      0.056932270526885986
    ],
    [
      103,
      0.057044558227062225
    ],
    [
      104,
      0.06341538578271866
    ],
    [
      105,
      0.05692870914936066
    ],
    [
      106,
      0.05762800946831703
    ],
    [
      107,
      0.05979570373892784
    ],
    [
      108,
      0.05703534558415413
    ],
    [
      109,
      0.057556260377168655
    ],
    [
      110,
      0.05781465023756027
    ],
    [
      111,
      0.059092484414577484
    ],
    [
      112,
      0.057581827044487
    ],
    [
      113,
      0.060093168169260025
    ],
    [
      114,
      0.05757733806967735
    ],
    [
      115,
      0.0577191598713398
    ],
    [
      116,
      0.05793457105755806
    ],
    [
      117,
      0.05696428194642067
    ],
    [
      118,
      0.059344347566366196
    ],
    [
      119,
      0.057092417031526566
    ],
    [
      120,
      0.059602007269859314
    ],
    [
      121,
      0.058454807847738266
    ],
    [
      122,
      0.05744868144392967
    ],
    [
      123,
      0.05783526599407196
    ],
    [
      124,
      0.058255571871995926
    ],
    [
      125,
      0.0573667511343956
    ],
    [
      126,
      0.05710691586136818
    ],
    [
      127,
      0.05717794969677925
    ],
    [
      128,
      0.05851824954152107
    ],
    [
      129,
      0.05715585872530937
    ],
    [
      130,
      0.05744341388344765
    ],
    [
      131,
      0.06163540482521057
    ],
    [
      132,
      0.05825314298272133
    ],
    [
      133,
      0.05771877244114876
    ],
    [
      134,
      0.061391450464725494
    ],
    [
      135,
      0.05696919187903404
    ],
    [
      136,
      0.058103714138269424
    ],
    [
      137,
      0.06558763235807419
    ],
    [
      138,
      0.05783504620194435
    ],
    [
      139,
      0.057145874947309494
    ],
    [
      140,
      0.05843047425150871
    ],
    [
      141,
      0.05754341185092926
    ],
    [
      142,
      0.05739639326930046
    ],
    [
      143,
      0.05771350860595703
    ],
    [
      144,
      0.05702776461839676
    ],
    [
      145,
      0.059744566679000854
    ],
    [
      146,
      0.057026151567697525
    ],
    [
      147,
      0.05747714266180992
    ],
    [
      148,
      0.05723192170262337
    ],
    [
      149,
      0.05907871946692467
    ],
    [
      150,
      0.058542847633361816
    ],
    [
      151,
      0.06263583898544312
    ],
    [
      152,
      0.05900685489177704
    ],
    [
      153,
      0.05695334076881409
    ],
    [
      154,
      0.05956484004855156
    ],
    [
      155,
      0.05694957822561264
    ],
    [
      156,
      0.0577266700565815
    ],
    [
      157,
      0.05731222778558731
    ],
    [
      158,
      0.0571553036570549
    ],
