{
  "toy": "hetero",
  "seed": 1,
  "width": 11,
  "arm": "ported",
  "held_out_mse": 0.044992852956056595,
  "train_mse": 0.0499146431684494,
  "held_out_trajectory": [
    [
      1,
      0.15569113194942474
    ],
    [
      2,
      0.1262558400630951
    ],
    [
      3,
      0.10339877009391785
    ],
    [
      4,
      0.07339724898338318
    ],
    [
      5,
      0.06781893223524094
    ],
    [
      6,
      0.06341835856437683
    ],
    [
      7,
      0.06127375364303589
    ],
    [
      8,
      0.05971240997314453
    ],
    [
      9,
      0.0579795315861702
    ],
    [
      10,
      0.05733288452029228
    ],
    [
      11,
      0.05647055804729462
    ],
    [
      12,
      0.05649024248123169
    ],
    [
      13,
      0.05551738664507866
    ],
    [
      14,
      0.05547914654016495
    ],
    [
      15,
      0.05550748109817505
    ],
    [
      16,
      0.054558366537094116
    ],
    [
      17,
      0.05432838946580887
    ],
    [
      18,
      0.05416044220328331
    ],
    [
      19,
      0.05409032106399536
    ],
    [
      20,
      0.054188523441553116
    ],
    [
      21,
      0.053917624056339264
    ],
    [
      22,
      0.05376661941409111
    ],
    [
      23,
      0.05369570478796959
    ],
    [
      24,
      0.05368043854832649
    ],
    [
      25,
      0.054514218121767044
    ],
    [
      26,
      0.05340259522199631
    ],
    [
      27,
      0.05433928221464157
    ],
    [
      28,
      0.053279947489500046
    ],
    [
      29,
      0.053326211869716644
    ],
    [
      30,
      0.05334865674376488
    ],
    [
      31,
      0.05339106172323227
    ],
    [
      32,
      0.05343422666192055
    ],
    [
      33,
      0.05322445556521416
    ],
    [
      34,
      0.05400681868195534
    ],
    [
      35,
      0.0528121180832386
    ],
    [
      36,
      0.05264696478843689
    ],
    [
      37,
      0.0525885708630085
    ],
    [
      38,
      0.05280245468020439
    ],
    [
      39,
      0.052978504449129105
    ],
    [
      40,
      0.05241059139370918
    ],
    [
      41,
      0.05241527408361435
    ],
    [
      42,
      0.053341206163167953
    ],
    [
      43,
      0.05257384851574898
    ],
    [
      44,
      0.05473463609814644
    ],
    [
      45,
      0.052422404289245605
    ],
    [
      46,
      0.05245816335082054
    ],
    [
      47,
      0.053212933242321014
    ],
    [
      48,
      0.051896482706069946
    ],
    [
      49,
      0.052823904901742935
    ],
    [
      50,
      0.05173454433679581
    ],
    [
      51,
      0.05257062241435051
    ],
    [
      52,
      0.052479177713394165
    ],
    [
      53,
      0.052400749176740646
    ],
    [
      54,
      0.05188390612602234
    ],
    [
      55,
      0.053394876420497894
    ],
    [
      56,
      0.05233943462371826
    ],
    [
      57,
      0.05119873583316803
    ],
    [
      58,
      0.05121565982699394
    ],
    [
      59,
      0.05578480288386345
    ],
    [
      60,
      0.051590874791145325
    ],
    [
      61,
      0.05259086564183235
    ],
    [
      62,
      0.05258803069591522
    ],
    [
      63,
      0.050675105303525925
    ],
    [
      64,
      0.051265131682157516
    ],
    [
      65,
      0.05074533447623253
    ],
    [
      66,
      0.05155092850327492
    ],
    [
      67,
      0.05116364732384682
    ],
    [
      68,
      0.05239541828632355
    ],
    [
      69,
      0.05118626356124878
    ],
    [
      70,
      0.051197949796915054
    ],
    [
      71,
      0.05469220504164696
    ],
    [
      72,
      0.05116264522075653
    ],
    [
      73,
      0.05040263012051582
    ],
    [
      74,
      0.05045543238520622
    ],
    [
      75,
      0.050197698175907135
    ],
    [
      76,
      0.056854501366615295
    ],
    [
      77,
      0.05273139476776123
    ],
    [
      78,
      0.05055731534957886
    ],
    [
      79,
      0.05040152743458748
    ],
    [
      80,
      0.04996317997574806
    ],
    [
      81,
      0.05023854225873947
    ],
    [
      82,
      0.05009903013706207
    ],
    [
      83,
      0.05183320865035057
    ],
    [
      84,
      0.05047712102532387
    ],
    [
      85,
      0.05050300061702728
    ],
    [
      86,
      0.053548190742731094
    ],
    [
      87,
      0.04936665669083595
    ],
    [
      88,
      0.05028591305017471
    ],
    [
      89,
      0.05129418522119522
    ],
    [
      90,
      0.05056660622358322
    ],
    [
      91,
      0.04952013120055199
    ],
    [
      92,
      0.04910653084516525
    ],
    [
      93,
      0.049478206783533096
    ],
    [
      94,
      0.05903807282447815
    ],
    [
      95,
      0.05057954788208008
    ],
    [
      96,
      0.04908809810876846
    ],
    [
      97,
      0.05013660341501236
    ],
    [
      98,
      0.04895465448498726
    ],
    [
      99,
      0.05537942424416542
    ],
    [
      100,
      0.049953147768974304
    ],
    [
      101,
      0.05765176936984062
    ],
    [
      102,
      0.051047224551439285
    ],
    [
      103,
      0.04965204745531082
    ],
    [
      104,
      0.050802890211343765
    ],
    [
      105,
      0.048828378319740295
    ],
    [
      106,
      0.049832534044981
    ],
    [
      107,
      0.06085995212197304
    ],
    [
      108,
      0.05572421848773956
    ],
    [
      109,
      0.049256037920713425
    ],
    [
      110,
      0.051767971366643906
    ],
    [
      111,
      0.04898843914270401
    ],
    [
      112,
      0.04972217604517937
    ],
    [
      113,
      0.0485684834420681
    ],
    [
      114,
      0.05012998729944229
    ],
    [
      115,
      0.04845030978322029
    ],
    [
      116,
      0.05040886253118515
    ],
    [
      117,
      0.04872995987534523
    ],
    [
      118,
      0.05328892543911934
    ],
    [
      119,
      0.0521266870200634
    ],
    [
      120,
      0.04851723462343216
    ],
    [
      121,
      0.04877786338329315
    ],
    [
      122,
      0.050357647240161896
    ],
    [
      123,
      0.04859975352883339
    ],
    [
      124,
      0.04810578003525734
    ],
    [
      125,
      0.05001327395439148
    ],
    [
      126,
      0.05791299045085907
    ],
    [
      127,
      0.04816245287656784
    ],
    [
      128,
      0.04819480702280998
    ],
    [
      129,
      0.056451357901096344
    ],
    [
      130,
      0.051821835339069366
    ],
    [
      131,
      0.048676371574401855
    ],
    [
      132,
      0.04809308424592018
    ],
    [
      133,
      0.04805704578757286
    ],
    [
      134,
      0.04915572702884674
    ],
    [
      135,
      0.054050661623477936
    ],
    [
      136,
      0.04840397834777832
    ],
    [
      137,
      0.04923759400844574
    ],
    [
      138,
      0.04839043691754341
    ],
    [
      139,
      0.04873872920870781
    ],
    [
      140,
      0.0522993803024292
    ],
    [
      141,
      0.04875059798359871
    ],
    [
      142,
      0.05210953578352928
    ],
    [
      143,
      0.05068550258874893
    ],
    [
      144,
      0.04841695725917816
    ],
    [
      145,
      0.04779850319027901
    ],
    [
      146,
      0.04806051403284073
    ],
    [
      147,
      0.04824879392981529
    ],
    [
      148,
      0.05212635174393654
    ],
    [
      149,
      0.04955451563000679
    ],
    [
      150,
      0.06510984897613525
    ],
    [
      151,
      0.048017870634794235
    ],
    [
      152,
      0.048257533460855484
    ],
    [
      153,
      0.04831378161907196
    ],
    [
      154,
      0.04815492406487465
    ],
    [
      155,
      0.05113988742232323
    ],
    [
      156,
      0.04858555644750595
    ],
    [
      157,
      0.04761640727519989
    ],
    [
      158,
      0.04809212312102318
    ],
    [
