{
  "toy": "hetero",
  "seed": 0,
  "width": 4,
  "arm": "ported",
  "held_out_mse": 0.06583283096551895,
  "train_mse": 0.06446811556816101,
  "held_out_trajectory": [
    [
      1,
      0.19604532420635223
    ],
    [
      2,
      0.13524623215198517
    ],
    [
      3,
      0.14060477912425995
    ],
    [
      4,
      0.1039905771613121
    ],
    [
      5,
      0.09699331223964691
    ],
    [
      6,
      0.09199460595846176
    ],
    [
      7,
      0.087151437997818
    ],
    [
      8,
      0.08394927531480789
    ],
    [
      9,
      0.08065241575241089
    ],
    [
      10,
      0.07844208925962448
    ],
    [
      11,
      0.07676975429058075
    ],
    [
      12,
      0.07511058449745178
    ],
    [
      13,
      0.07420584559440613
    ],
    [
      14,
      0.07296314835548401
    ],
    [
      15,
      0.07224179059267044
    ],
    [
      16,
      0.0716167762875557
    ],
    [
      17,
      0.0713576152920723
    ],
    [
      18,
      0.07066276669502258
    ],
    [
      19,
      0.07017167657613754
    ],
    [
      20,
      0.06979801505804062
    ],
    [
      21,
      0.06933710724115372
    ],
    [
      22,
      0.06923831254243851
    ],
    [
      23,
      0.06870107352733612
    ],
    [
      24,
      0.06819059699773788
    ],
    [
      25,
      0.06791049242019653
    ],
    [
      26,
      0.06781410425901413
    ],
    [
      27,
      0.06756619364023209
    ],
    [
      28,
      0.06735289096832275
    ],
    [
      29,
      0.06720057874917984
    ],
    [
      30,
      0.0672115832567215
    ],
    [
      31,
      0.06697621196508408
    ],
    [
      32,
      0.06702340394258499
    ],
    [
      33,
      0.06679552048444748
    ],
    [
      34,
      0.066822350025177
    ],
    [
      35,
      0.06683165580034256
    ],
    [
      36,
      0.06660940498113632
    ],
    [
      37,
      0.0666937455534935
    ],
    [
      38,
      0.06653251498937607
    ],
    [
      39,
      0.06661120057106018
    ],
    [
      40,
      0.06650815904140472
    ],
    [
      41,
      0.06646449863910675
    ],
    [
      42,
      0.06629378348588943
    ],
    [
      43,
      0.06637558341026306
    ],
    [
      44,
      0.06609997898340225
    ],
    [
      45,
      0.06609595566987991
    ],
    [
      46,
      0.0659635066986084
    ],
    [
      47,
      0.06593365967273712
    ],
    [
      48,
      0.06594035774469376
    ],
    [
      49,
      0.06629219651222229
    ],
    [
      50,
      0.06581806391477585
    ],
    [
      51,
      0.06597595661878586
    ],
    [
      52,
      0.06569195538759232
    ],
    [
      53,
      0.06552127748727798
    ],
    [
      54,
      0.06586918234825134
    ],
    [
      55,
      0.06537804007530212
    ],
    [
      56,
      0.06526641547679901
    ],
    [
      57,
      0.06536102294921875
    ],
    [
      58,
      0.06522249430418015
    ],
    [
      59,
      0.06558489799499512
    ],
    [
      60,
      0.06499902158975601
    ],
    [
      61,
      0.06485196202993393
    ],
    [
      62,
      0.06485196202993393
    ],
    [
      63,
      0.06470008939504623
    ],
    [
      64,
      0.06454504281282425
    ],
    [
      65,
      0.06476161628961563
    ],
    [
      66,
      0.06436876952648163
    ],
    [
      67,
      0.06433901190757751
    ],
    [
      68,
      0.06457296758890152
    ],
    [
      69,
      0.06420518457889557
    ],
    [
      70,
      0.06429443508386612
    ],
    [
      71,
      0.06420688331127167
    ],
    [
      72,
      0.06410663574934006
    ],
    [
      73,
      0.06405451893806458
    ],
    [
      74,
      0.06428375840187073
    ],
    [
      75,
      0.06398233026266098
    ],
    [
      76,
      0.06413225829601288
    ],
    [
      77,
      0.06401890516281128
    ],
    [
      78,
      0.06396958231925964
    ],
    [
      79,
      0.0639251098036766
    ],
    [
      80,
      0.06400921195745468
    ],
    [
      81,
      0.06391233205795288
    ],
    [
      82,
      0.06395861506462097
    ],
    [
      83,
      0.06414206326007843
    ],
    [
      84,
      0.06415252387523651
    ],
    [
      85,
      0.06393168121576309
    ],
    [
      86,
      0.06389100104570389
    ],
    [
      87,
      0.06384653598070145
    ],
    [
      88,
      0.0638762041926384
    ],
    [
      89,
      0.06394872069358826
    ],
    [
      90,
      0.06395737081766129
    ],
    [
      91,
      0.06388907134532928
    ],
    [
      92,
      0.06417503207921982
    ],
    [
      93,
      0.06441493332386017
    ],
    [
      94,
      0.06450481712818146
    ],
    [
      95,
      0.06392241269350052
    ],
    [
      96,
      0.06384842842817307
    ],
    [
      97,
      0.06401485949754715
    ],
    [
      98,
      0.06383144110441208
    ],
    [
      99,
      0.06379453837871552
    ],
    [
      100,
      0.06376636773347855
    ],
    [
      101,
      0.06377992779016495
    ],
    [
      102,
      0.06377140432596207
    ],
    [
      103,
      0.06375919282436371
    ],
    [
      104,
      0.06380504369735718
    ],
    [
      105,
      0.06386933475732803
    ],
    [
      106,
      0.06384866684675217
    ],
    [
      107,
      0.06376595795154572
    ],
    [
      108,
      0.06380859762430191
    ],
    [
      109,
      0.0639665350317955
    ],
    [
      110,
      0.0639323815703392
    ],
    [
      111,
      0.06380655616521835
    ],
    [
      112,
      0.0639752671122551
    ],
    [
      113,
      0.063797228038311
    ],
    [
      114,
      0.06371559202671051
    ],
    [
      115,
      0.06369510293006897
    ],
    [
      116,
      0.06369660049676895
    ],
    [
      117,
      0.06392236053943634
    ],
    [
      118,
      0.06393077969551086
    ],
    [
      119,
      0.06375695019960403
    ],
    [
      120,
      0.0636952742934227
    ],
    [
      121,
      0.06418653577566147
    ],
    [
      122,
      0.06380729377269745
    ],
    [
      123,
      0.06370745599269867
    ],
    [
      124,
      0.06425014138221741
    ],
    [
      125,
      0.06376207619905472
    ],
    [
      126,
      0.06370104849338531
    ],
    [
      127,
      0.06378176063299179
    ],
    [
      128,
      0.06367789953947067
    ],
    [
      129,
      0.06403253972530365
    ],
    [
      130,
      0.06404649466276169
    ],
    [
      131,
      0.06377288699150085
    ],
    [
      132,
      0.06366545706987381
    ],
    [
      133,
      0.06365144997835159
    ],
    [
      134,
      0.06369340419769287
    ],
    [
      135,
      0.06365765631198883
    ],
    [
      136,
      0.06376899778842926
    ],
    [
      137,
      0.06405219435691833
    ],
    [
      138,
      0.0642101988196373
    ],
    [
      139,
      0.06396310031414032
    ],
    [
      140,
      0.06374216824769974
    ],
    [
      141,
      0.06390450149774551
    ],
    [
      142,
      0.06364332884550095
    ],
    [
      143,
      0.06380660086870193
    ],
    [
      144,
      0.06365169584751129
    ],
    [
      145,
      0.06365463882684708
    ],
    [
      146,
      0.06383845210075378
    ],
    [
      147,
      0.06363023817539215
    ],
    [
      148,
      0.06366676837205887
    ],
    [
      149,
      0.06368699669837952
    ],
    [
      150,
      0.06375329196453094
    ],
    [
      151,
      0.06364098191261292
    ],
    [
      152,
      0.06361842900514603
    ],
    [
      153,
      0.06367500871419907
    ],
    [
      154,
      0.06366638094186783
    ],
    [
      155,
      0.06365559995174408
    ],
    [
      156,
      0.06369756162166595
    ],
    [
      157,
      0.06370927393436432
    ],
    [
      158,
      0.06369558721780777
    ],
    [
      159,
      0.06398779898881912
    ],
    [
