{
  "toy": "hetero",
  "seed": 1,
  "width": 4,
  "arm": "ported",
  "held_out_mse": 0.05597751960158348,
  "train_mse": 0.05909104645252228,
  "held_out_trajectory": [
    [
      1,
      0.07528700679540634
    ],
    [
      2,
      0.06054004654288292
    ],
    [
      3,
      0.05728215351700783
    ],
    [
      4,
      0.057439275085926056
    ],
    [
      5,
      0.05613237991929054
    ],
    [
      6,
      0.05618952959775925
    ],
    [
      7,
      0.05606738477945328
    ],
    [
      8,
      0.055796921253204346
    ],
    [
      9,
      0.05576258897781372
    ],
    [
      10,
      0.05619645491242409
    ],
    [
      11,
      0.05561438947916031
    ],
    [
      12,
      0.055867429822683334
    ],
    [
      13,
      0.055713068693876266
    ],
    [
      14,
      0.0552767738699913
    ],
    [
      15,
      0.05612654238939285
    ],
    [
      16,
      0.05517789348959923
    ],
    [
      17,
      0.055187612771987915
    ],
    [
      18,
      0.0552804134786129
    ],
    [
      19,
      0.05488650128245354
    ],
    [
      20,
      0.0551583357155323
    ],
    [
      21,
      0.055426280945539474
    ],
    [
      22,
      0.055041853338479996
    ],
    [
      23,
      0.05490036681294441
    ],
    [
      24,
      0.0548325777053833
    ],
    [
      25,
      0.05452990159392357
    ],
    [
      26,
      0.05492661893367767
    ],
    [
      27,
      0.05446920916438103
    ],
    [
      28,
      0.05441531538963318
    ],
    [
      29,
      0.05493326857686043
    ],
    [
      30,
      0.05435754731297493
    ],
    [
      31,
      0.054779987782239914
    ],
    [
      32,
      0.054346948862075806
    ],
    [
      33,
      0.0550108477473259
    ],
    [
      34,
      0.05466995760798454
    ],
    [
      35,
      0.054290708154439926
    ],
    [
      36,
      0.054347217082977295
    ],
    [
      37,
      0.0542570985853672
    ],
    [
      38,
      0.05461258441209793
    ],
    [
      39,
      0.05480104312300682
    ],
    [
      40,
      0.05457942932844162
    ],
    [
      41,
      0.05418635159730911
    ],
    [
      42,
      0.05519994720816612
    ],
    [
      43,
      0.05423709750175476
    ],
    [
      44,
      0.05517212674021721
    ],
    [
      45,
      0.05421418324112892
    ],
    [
      46,
      0.05408160015940666
    ],
    [
      47,
      0.055295828729867935
    ],
    [
      48,
      0.05437867343425751
    ],
    [
      49,
      0.054262809455394745
    ],
    [
      50,
      0.0548117570579052
    ],
    [
      51,
      0.05400091037154198
    ],
    [
      52,
      0.05448118969798088
    ],
    [
      53,
      0.054276369512081146
    ],
    [
      54,
      0.05521930009126663
    ],
    [
      55,
      0.05531295761466026
    ],
    [
      56,
      0.056898776441812515
    ],
    [
      57,
      0.054028384387493134
    ],
    [
      58,
      0.05465913191437721
    ],
    [
      59,
      0.05391897261142731
    ],
    [
      60,
      0.05436784774065018
    ],
    [
      61,
      0.05417017638683319
    ],
    [
      62,
      0.054490044713020325
    ],
    [
      63,
      0.05418975278735161
    ],
    [
      64,
      0.05454374849796295
    ],
    [
      65,
      0.054157182574272156
    ],
    [
      66,
      0.05420815944671631
    ],
    [
      67,
      0.054217688739299774
    ],
    [
      68,
      0.05400250107049942
    ],
    [
      69,
      0.05422439053654671
    ],
    [
      70,
      0.05456075817346573
    ],
    [
      71,
      0.054015446454286575
    ],
    [
      72,
      0.05418647825717926
    ],
    [
      73,
      0.05381202697753906
    ],
    [
      74,
      0.05454302579164505
    ],
    [
      75,
      0.05480213090777397
    ],
    [
      76,
      0.054694194346666336
    ],
    [
      77,
      0.054562848061323166
    ],
    [
      78,
      0.05407640337944031
    ],
    [
      79,
      0.05498645082116127
    ],
    [
      80,
      0.05416956543922424
    ],
    [
      81,
      0.054322484880685806
    ],
    [
      82,
      0.05389830097556114
    ],
    [
      83,
      0.055295106023550034
    ],
    [
      84,
      0.05413474515080452
    ],
    [
      85,
      0.05441821366548538
    ],
    [
      86,
      0.05428541079163551
    ],
    [
      87,
      0.05386926606297493
    ],
    [
      88,
      0.0537230558693409
    ],
    [
      89,
      0.054607193917036057
    ],
    [
      90,
      0.05391315370798111
    ],
    [
      91,
      0.054187946021556854
    ],
    [
      92,
      0.05375349521636963
    ],
    [
      93,
      0.054682452231645584
    ],
    [
      94,
      0.05382722243666649
    ],
    [
      95,
      0.05451086536049843
    ],
    [
      96,
      0.0542345754802227
    ],
    [
      97,
      0.053899891674518585
    ],
    [
      98,
      0.05403418093919754
    ],
    [
      99,
      0.054080843925476074
    ],
    [
      100,
      0.053845785558223724
    ],
    [
      101,
      0.05388932675123215
    ],
    [
      102,
      0.05411210283637047
    ],
    [
      103,
      0.05485983565449715
    ],
    [
      104,
      0.05448806285858154
    ],
    [
      105,
      0.053842734545469284
    ],
    [
      106,
      0.05460383743047714
    ],
    [
      107,
      0.05441504344344139
    ],
    [
      108,
      0.054054293781518936
    ],
    [
      109,
      0.05429377406835556
    ],
    [
      110,
      0.054199568927288055
    ],
    [
      111,
      0.053935833275318146
    ],
    [
      112,
      0.05499029904603958
    ],
    [
      113,
      0.054230786859989166
    ],
    [
      114,
      0.0539555624127388
    ],
    [
      115,
      0.05419236049056053
    ],
    [
      116,
      0.054747264832258224
    ],
    [
      117,
      0.05368342250585556
    ],
    [
      118,
      0.05486482009291649
    ],
    [
      119,
      0.053921349346637726
    ],
    [
      120,
      0.05392450839281082
    ],
    [
      121,
      0.055657222867012024
    ],
    [
      122,
      0.05407417193055153
    ],
    [
      123,
      0.05474841594696045
    ],
    [
      124,
      0.05378280580043793
    ],
    [
      125,
      0.05468915402889252
    ],
    [
      126,
      0.05390526354312897
    ],
    [
      127,
      0.05373422056436539
    ],
    [
      128,
      0.05400297790765762
    ],
    [
      129,
      0.05432778224349022
    ],
    [
      130,
      0.05426202714443207
    ],
    [
      131,
      0.054055340588092804
    ],
    [
      132,
      0.0541057325899601
    ],
    [
      133,
      0.05384858325123787
    ],
    [
      134,
      0.05447655916213989
    ],
    [
      135,
      0.05374327301979065
    ],
    [
      136,
      0.05405846983194351
    ],
    [
      137,
      0.0550377331674099
    ],
    [
      138,
      0.05396897718310356
    ],
    [
      139,
      0.05374019593000412
    ],
    [
      140,
      0.05416221544146538
    ],
    [
      141,
      0.05408617481589317
    ],
    [
      142,
      0.05464288592338562
    ],
    [
      143,
      0.05396110564470291
    ],
    [
      144,
      0.053949762135744095
    ],
    [
      145,
      0.0540541410446167
    ],
    [
      146,
      0.054495684802532196
    ],
    [
      147,
      0.053787779062986374
    ],
    [
      148,
      0.054655201733112335
    ],
    [
      149,
      0.05401566997170448
    ],
    [
      150,
      0.055292949080467224
    ],
    [
      151,
      0.05372250825166702
    ],
    [
      152,
      0.054460491985082626
    ],
    [
      153,
      0.05393586307764053
    ],
    [
      154,
      0.05496615543961525
    ],
    [
      155,
      0.05408809706568718
    ],
    [
      156,
      0.05403699353337288
    ],
    [
      157,
      0.054396577179431915
    ],
    [
      158,
      0.05416734144091606
    ],
    [
