{
  "toy": "hetero",
  "seed": 2,
  "width": 2,
  "arm": "ported",
  "held_out_mse": 0.06163499131798744,
  "train_mse": 0.060335997492074966,
  "held_out_trajectory": [
    [
      1,
      0.1119733676314354
    ],
    [
      2,
      0.0807282030582428
    ],
    [
      3,
      0.0790122002363205
    ],
    [
      4,
      0.07697898149490356
    ],
    [
      5,
      0.07622286677360535
    ],
    [
      6,
      0.07414201647043228
    ],
    [
      7,
      0.0692620500922203
    ],
    [
      8,
      0.06568491458892822
    ],
    [
      9,
      0.06465218961238861
    ],
    [
      10,
      0.06393353641033173
    ],
    [
      11,
      0.06213263049721718
    ],
    [
      12,
      0.061294957995414734
    ],
    [
      13,
      0.06006725877523422
    ],
    [
      14,
      0.06083138659596443
    ],
    [
      15,
      0.061101462692022324
    ],
    [
      16,
      0.060942478477954865
    ],
    [
      17,
      0.060479432344436646
    ],
    [
      18,
      0.06031716614961624
    ],
    [
      19,
      0.059811368584632874
    ],
    [
      20,
      0.060101527720689774
    ],
    [
      21,
      0.060493189841508865
    ],
    [
      22,
      0.060136739164590836
    ],
    [
      23,
      0.059424519538879395
    ],
    [
      24,
      0.058928001672029495
    ],
    [
      25,
      0.058912135660648346
    ],
    [
      26,
      0.058937955647706985
    ],
    [
      27,
      0.05869140475988388
    ],
    [
      28,
      0.05814191326498985
    ],
    [
      29,
      0.05879165604710579
    ],
    [
      30,
      0.0579049177467823
    ],
    [
      31,
      0.058552488684654236
    ],
    [
      32,
      0.05800365284085274
    ],
    [
      33,
      0.057790063321590424
    ],
    [
      34,
      0.0581180639564991
    ],
    [
      35,
      0.05827758088707924
    ],
    [
      36,
      0.057685736566782
    ],
    [
      37,
      0.058423347771167755
    ],
    [
      38,
      0.05799467861652374
    ],
    [
      39,
      0.058257464319467545
    ],
    [
      40,
      0.05781116336584091
    ],
    [
      41,
      0.0578833632171154
    ],
    [
      42,
      0.05780820921063423
    ],
    [
      43,
      0.05831652879714966
    ],
    [
      44,
      0.05809665843844414
    ],
    [
      45,
      0.057241763919591904
    ],
    [
      46,
      0.05854560807347298
    ],
    [
      47,
      0.057086870074272156
    ],
    [
      48,
      0.05895300582051277
    ],
    [
      49,
      0.05892590060830116
    ],
    [
      50,
      0.05695587769150734
    ],
    [
      51,
      0.058022912591695786
    ],
    [
      52,
      0.05821186676621437
    ],
    [
      53,
      0.05752526596188545
    ],
    [
      54,
      0.05752503126859665
    ],
    [
      55,
      0.0580892451107502
    ],
    [
      56,
      0.05724493786692619
    ],
    [
      57,
      0.05816230922937393
    ],
    [
      58,
      0.057804882526397705
    ],
    [
      59,
      0.05762865021824837
    ],
    [
      60,
      0.05734042450785637
    ],
    [
      61,
      0.057786691933870316
    ],
    [
      62,
      0.057753220200538635
    ],
    [
      63,
      0.05907316133379936
    ],
    [
      64,
      0.058080196380615234
    ],
    [
      65,
      0.05694149062037468
    ],
    [
      66,
      0.05844001844525337
    ],
    [
      67,
      0.05717484652996063
    ],
    [
      68,
      0.05778728425502777
    ],
    [
      69,
      0.05730757862329483
    ],
    [
      70,
      0.05821527540683746
    ],
    [
      71,
      0.05719666928052902
    ],
    [
      72,
      0.05775241181254387
    ],
    [
      73,
      0.05774112790822983
    ],
    [
      74,
      0.058086082339286804
    ],
    [
      75,
      0.05703311786055565
    ],
    [
      76,
      0.05844207853078842
    ],
    [
      77,
      0.05704563856124878
    ],
    [
      78,
      0.05820493772625923
    ],
    [
      79,
      0.057550378143787384
    ],
    [
      80,
      0.05782386660575867
    ],
    [
      81,
      0.05835869535803795
    ],
    [
      82,
      0.05701525881886482
    ],
    [
      83,
      0.058918438851833344
    ],
    [
      84,
      0.057198796421289444
    ],
    [
      85,
      0.05904253572225571
    ],
    [
      86,
      0.0576055645942688
    ],
    [
      87,
      0.05802242457866669
    ],
    [
      88,
      0.05785991623997688
    ],
    [
      89,
      0.057320233434438705
    ],
    [
      90,
      0.058767445385456085
    ],
    [
      91,
      0.05778532102704048
    ],
    [
      92,
      0.05789915844798088
    ],
    [
      93,
      0.058055050671100616
    ],
    [
      94,
      0.05889096111059189
    ],
    [
      95,
      0.05689289793372154
    ],
    [
      96,
      0.05830376222729683
    ],
    [
      97,
      0.057942140847444534
    ],
    [
      98,
      0.05785556882619858
    ],
    [
      99,
      0.05855473875999451
    ],
    [
      100,
      0.05744149535894394
    ],
    [
      101,
      0.05922561138868332
    ],
    [
      102,
      0.057892072945833206
    ],
    [
      103,
      0.05784153565764427
    ],
    [
      104,
      0.057730816304683685
    ],
    [
      105,
      0.05782155320048332
    ],
    [
      106,
      0.05816241726279259
    ],
    [
      107,
      0.05721559375524521
    ],
    [
      108,
      0.05752723664045334
    ],
    [
      109,
      0.05793042480945587
    ],
    [
      110,
      0.05715065822005272
    ],
    [
      111,
      0.05807391554117203
    ],
    [
      112,
      0.05716008320450783
    ],
    [
      113,
      0.05769401416182518
    ],
    [
      114,
      0.05799063295125961
    ],
    [
      115,
      0.05782608687877655
    ],
    [
      116,
      0.05720633640885353
    ],
    [
      117,
      0.05829524248838425
    ],
    [
      118,
      0.05772167071700096
    ],
    [
      119,
      0.05778266862034798
    ],
    [
      120,
      0.05957489833235741
    ],
    [
      121,
      0.056898847222328186
    ],
    [
      122,
      0.058431725949048996
    ],
    [
      123,
      0.058359481394290924
    ],
    [
      124,
      0.05739441514015198
    ],
    [
      125,
      0.05759144946932793
    ],
    [
      126,
      0.058398615568876266
    ],
    [
      127,
      0.05725536495447159
    ],
    [
      128,
      0.05861969664692879
    ],
    [
      129,
      0.05686322599649429
    ],
    [
      130,
      0.05921438708901405
    ],
    [
      131,
      0.05682564899325371
    ],
    [
      132,
      0.05814937502145767
    ],
    [
      133,
      0.05726368725299835
    ],
    [
      134,
      0.058282699435949326
    ],
    [
      135,
      0.05922573804855347
    ],
    [
      136,
      0.05699896439909935
    ],
    [
      137,
      0.058516502380371094
    ],
    [
      138,
      0.057798512279987335
    ],
    [
      139,
      0.057726096361875534
    ],
    [
      140,
      0.05817670747637749
    ],
    [
      141,
      0.058526504784822464
    ],
    [
      142,
      0.0572541169822216
    ],
    [
      143,
      0.05819203704595566
    ],
    [
      144,
      0.05766381695866585
    ],
    [
      145,
      0.05756405368447304
    ],
    [
      146,
      0.0582909919321537
    ],
    [
      147,
      0.057277753949165344
    ],
    [
      148,
      0.05865716189146042
    ],
    [
      149,
      0.05716398358345032
    ],
    [
      150,
      0.05759136378765106
    ],
    [
      151,
      0.05801505222916603
    ],
    [
      152,
      0.05719362199306488
    ],
    [
      153,
      0.057546552270650864
    ],
    [
      154,
      0.05821821093559265
    ],
    [
      155,
      0.05760524049401283
    ],
    [
      156,
      0.057774290442466736
    ],
    [
      157,
      0.058155301958322525
    ],
    [
      158,
      0.05806034803390503
    ],
