{
  "toy": "hetero",
  "seed": 2,
  "width": 3,
  "arm": "ported",
  "held_out_mse": 0.0607273168861866,
  "train_mse": 0.05985572934150696,
  "held_out_trajectory": [
    [
      1,
      0.3122107684612274
    ],
    [
      2,
      0.12449782341718674
    ],
    [
      3,
      0.08340614289045334
    ],
    [
      4,
      0.0766143947839737
    ],
    [
      5,
      0.07106325030326843
    ],
    [
      6,
      0.06831973046064377
    ],
    [
      7,
      0.06380937993526459
    ],
    [
      8,
      0.062034741044044495
    ],
    [
      9,
      0.05889284610748291
    ],
    [
      10,
      0.05942290648818016
    ],
    [
      11,
      0.05744047835469246
    ],
    [
      12,
      0.060694269835948944
    ],
    [
      13,
      0.05800401791930199
    ],
    [
      14,
      0.06058983504772186
    ],
    [
      15,
      0.05789469927549362
    ],
    [
      16,
      0.05771719664335251
    ],
    [
      17,
      0.059665482491254807
    ],
    [
      18,
      0.05841413512825966
    ],
    [
      19,
      0.05807587876915932
    ],
    [
      20,
      0.05899566784501076
    ],
    [
      21,
      0.05793417617678642
    ],
    [
      22,
      0.05771933123469353
    ],
    [
      23,
      0.060112737119197845
    ],
    [
      24,
      0.05781437084078789
    ],
    [
      25,
      0.05852475389838219
    ],
    [
      26,
      0.05790889263153076
    ],
    [
      27,
      0.05873638018965721
    ],
    [
      28,
      0.058474160730838776
    ],
    [
      29,
      0.058555882424116135
    ],
    [
      30,
      0.057831015437841415
    ],
    [
      31,
      0.061857566237449646
    ],
    [
      32,
      0.057807158678770065
    ],
    [
      33,
      0.06365153193473816
    ],
    [
      34,
      0.05777319520711899
    ],
    [
      35,
      0.05775107070803642
    ],
    [
      36,
      0.058332137763500214
    ],
    [
      37,
      0.057969387620687485
    ],
    [
      38,
      0.05805797502398491
    ],
    [
      39,
      0.059358756989240646
    ],
    [
      40,
      0.057907599955797195
    ],
    [
      41,
      0.05868559703230858
    ],
    [
      42,
      0.05808189883828163
    ],
    [
      43,
      0.05806518718600273
    ],
    [
      44,
      0.058253854513168335
    ],
    [
      45,
      0.05857077240943909
    ],
    [
      46,
      0.05780550464987755
    ],
    [
      47,
      0.05834612622857094
    ],
    [
      48,
      0.05765296891331673
    ],
    [
      49,
      0.05787234008312225
    ],
    [
      50,
      0.06152435392141342
    ],
    [
      51,
      0.057668279856443405
    ],
    [
      52,
      0.05846089497208595
    ],
    [
      53,
      0.05769136920571327
    ],
    [
      54,
      0.057929426431655884
    ],
    [
      55,
      0.060686200857162476
    ],
    [
      56,
      0.05789679288864136
    ],
    [
      57,
      0.057748209685087204
    ],
    [
      58,
      0.05891280621290207
    ],
    [
      59,
      0.057762011885643005
    ],
    [
      60,
      0.057792987674474716
    ],
    [
      61,
      0.060565002262592316
    ],
    [
      62,
      0.05802054703235626
    ],
    [
      63,
      0.06135992705821991
    ],
    [
      64,
      0.05816447734832764
    ],
    [
      65,
      0.06432271748781204
    ],
    [
      66,
      0.05995070934295654
    ],
    [
      67,
      0.0619383379817009
    ],
    [
      68,
      0.05765417590737343
    ],
    [
      69,
      0.06209639832377434
    ],
    [
      70,
      0.05869456008076668
    ],
    [
      71,
      0.05888783186674118
    ]
  ],
  "trustworthy": true,
  "hit_cap": false,
  "config": {
    "widths": [
      3
    ],
    "n_train": 1500,
    "n_test": 500,
    "lr": 0.01,
    "batch_size": 64,
    "max_epochs_cap": 1500,
    "patience": 60,
    "min_delta": 0.0001,
    "escalation": {
      "grad_clip_norm": 0.0,
      "warmup_epochs": 0,
      "init_scheme": "default",
      "normalize_inputs": false
    }
  },
  "provenance": {
    "driver": "automl_package/examples/width_wsel4.py",
    "class": "FlexibleWidthNN (automl_package/models/flexnn/width/model.py, SharedTrunkPerWidthHeadNet port)"
  }
}