{
  "toy": "hetero",
  "seed": 1,
  "width": 5,
  "arm": "ported",
  "held_out_mse": 0.04380229860544205,
  "train_mse": 0.04921318218111992,
  "held_out_trajectory": [
    [
      1,
      0.06471852958202362
    ],
    [
      2,
      0.05756340175867081
    ],
    [
      3,
      0.05643991008400917
    ],
    [
      4,
      0.05621819198131561
    ],
    [
      5,
      0.05587163195014
    ],
    [
      6,
      0.05606703460216522
    ],
    [
      7,
      0.05545106157660484
    ],
    [
      8,
      0.05619705840945244
    ],
    [
      9,
      0.05478181689977646
    ],
    [
      10,
      0.05558474361896515
    ],
    [
      11,
      0.05456337705254555
    ],
    [
      12,
      0.055543605238199234
    ],
    [
      13,
      0.05418706312775612
    ],
    [
      14,
      0.056438788771629333
    ],
    [
      15,
      0.05441967025399208
    ],
    [
      16,
      0.05423367768526077
    ],
    [
      17,
      0.053946271538734436
    ],
    [
      18,
      0.057565778493881226
    ],
    [
      19,
      0.053458068519830704
    ],
    [
      20,
      0.05312151089310646
    ],
    [
      21,
      0.05316796898841858
    ],
    [
      22,
      0.05379968136548996
    ],
    [
      23,
      0.053350258618593216
    ],
    [
      24,
      0.05487461015582085
    ],
    [
      25,
      0.05479312315583229
    ],
    [
      26,
      0.056970302015542984
    ],
    [
      27,
      0.05360064655542374
    ],
    [
      28,
      0.05437086150050163
    ],
    [
      29,
      0.05195619538426399
    ],
    [
      30,
      0.05160568282008171
    ],
    [
      31,
      0.052071716636419296
    ],
    [
      32,
      0.05182255432009697
    ],
    [
      33,
      0.0567648820579052
    ],
    [
      34,
      0.05113047733902931
    ],
    [
      35,
      0.05147096514701843
    ],
    [
      36,
      0.05361860990524292
    ],
    [
      37,
      0.0512666180729866
    ],
    [
      38,
      0.05164181441068649
    ],
    [
      39,
      0.051006413996219635
    ],
    [
      40,
      0.053749002516269684
    ],
    [
      41,
      0.052385903894901276
    ],
    [
      42,
      0.05099824443459511
    ],
    [
      43,
      0.05160055309534073
    ],
    [
      44,
      0.050552159547805786
    ],
    [
      45,
      0.050413578748703
    ],
    [
      46,
      0.0511605329811573
    ],
    [
      47,
      0.049917470663785934
    ],
    [
      48,
      0.05032750591635704
    ],
    [
      49,
      0.049794819205999374
    ],
    [
      50,
      0.050659582018852234
    ],
    [
      51,
      0.04964517429471016
    ],
    [
      52,
      0.051070522516965866
    ],
    [
      53,
      0.050832945853471756
    ],
    [
      54,
      0.05380549654364586
    ],
    [
      55,
      0.053290631622076035
    ],
    [
      56,
      0.052286043763160706
    ],
    [
      57,
      0.049355894327163696
    ],
    [
      58,
      0.050000280141830444
    ],
    [
      59,
      0.051578063517808914
    ],
    [
      60,
      0.05155486986041069
    ],
    [
      61,
      0.05090634524822235
    ],
    [
      62,
      0.04914677143096924
    ],
    [
      63,
      0.04872338846325874
    ],
    [
      64,
      0.050586048513650894
    ],
    [
      65,
      0.04865800216794014
    ],
    [
      66,
      0.04876527935266495
    ],
    [
      67,
      0.04912647232413292
    ],
    [
      68,
      0.04854293167591095
    ],
    [
      69,
      0.048334263265132904
    ],
    [
      70,
      0.052436865866184235
    ],
    [
      71,
      0.05058620497584343
    ],
    [
      72,
      0.050813473761081696
    ],
    [
      73,
      0.048562392592430115
    ],
    [
      74,
      0.048522789031267166
    ],
    [
      75,
      0.04845646768808365
    ],
    [
      76,
      0.05004996061325073
    ],
    [
      77,
      0.04879153519868851
    ],
    [
      78,
      0.05111115053296089
    ],
    [
      79,
      0.049644604325294495
    ],
    [
      80,
      0.04917236417531967
    ],
    [
      81,
      0.0487314872443676
    ],
    [
      82,
      0.04941078647971153
    ],
    [
      83,
      0.04822210967540741
    ],
    [
      84,
      0.04844990745186806
    ],
    [
      85,
      0.04922804236412048
    ],
    [
      86,
      0.051217351108789444
    ],
    [
      87,
      0.051234520971775055
    ],
    [
      88,
      0.04832780361175537
    ],
    [
      89,
      0.051097381860017776
    ],
    [
      90,
      0.04798479005694389
    ],
    [
      91,
      0.048261240124702454
    ],
    [
      92,
      0.04910401627421379
    ],
    [
      93,
      0.04792055860161781
    ],
    [
      94,
      0.04839008301496506
    ],
    [
      95,
      0.04873715713620186
    ],
    [
      96,
      0.047866567969322205
    ],
    [
      97,
      0.04908633977174759
    ],
    [
      98,
      0.04947687312960625
    ],
    [
      99,
      0.047719553112983704
    ],
    [
      100,
      0.050792839378118515
    ],
    [
      101,
      0.048643868416547775
    ],
    [
      102,
      0.047923535108566284
    ],
    [
      103,
      0.04792926833033562
    ],
    [
      104,
      0.047687094658613205
    ],
    [
      105,
      0.05016633868217468
    ],
    [
      106,
      0.050297919660806656
    ],
    [
      107,
      0.0478714182972908
    ],
    [
      108,
      0.0498066172003746
    ],
    [
      109,
      0.047577451914548874
    ],
    [
      110,
      0.05017424747347832
    ],
    [
      111,
      0.047584909945726395
    ],
    [
      112,
      0.04752512276172638
    ],
    [
      113,
      0.04788612946867943
    ],
    [
      114,
      0.04794279485940933
    ],
    [
      115,
      0.047877322882413864
    ],
    [
      116,
      0.04831935465335846
    ],
    [
      117,
      0.0487438440322876
    ],
    [
      118,
      0.04771988093852997
    ],
    [
      119,
      0.047713860869407654
    ],
    [
      120,
      0.04856524616479874
    ],
    [
      121,
      0.04849619045853615
    ],
    [
      122,
      0.0477895513176918
    ],
    [
      123,
      0.04779069125652313
    ],
    [
      124,
      0.047945164144039154
    ],
    [
      125,
      0.04862656071782112
    ],
    [
      126,
      0.04795617237687111
    ],
    [
      127,
      0.047898635268211365
    ],
    [
      128,
      0.04848264157772064
    ],
    [
      129,
      0.04757034778594971
    ],
    [
      130,
      0.04757506400346756
    ],
    [
      131,
      0.04762217029929161
    ],
    [
      132,
      0.048400603234767914
    ],
    [
      133,
      0.047652266919612885
    ],
    [
      134,
      0.047776635736227036
    ],
    [
      135,
      0.04918792098760605
    ],
    [
      136,
      0.04761505872011185
    ],
    [
      137,
      0.04746679589152336
    ],
    [
      138,
      0.048508476465940475
    ],
    [
      139,
      0.04758194461464882
    ],
    [
      140,
      0.04990813508629799
    ],
    [
      141,
      0.047785110771656036
    ],
    [
      142,
      0.04902128875255585
    ],
    [
      143,
      0.04750753939151764
    ],
    [
      144,
      0.04769977182149887
    ],
    [
      145,
      0.05048216134309769
    ],
    [
      146,
      0.047411419451236725
    ],
    [
      147,
      0.04778139665722847
    ],
    [
      148,
      0.04791158810257912
    ],
    [
      149,
      0.04784255847334862
    ],
    [
      150,
      0.04758385941386223
    ],
    [
      151,
      0.04862372577190399
    ],
    [
      152,
      0.047858379781246185
    ],
    [
      153,
      0.04837026819586754
    ],
    [
      154,
      0.047509919852018356
    ],
    [
      155,
      0.047624047845602036
    ],
    [
      156,
      0.0486324280500412
    ],
    [
      157,
      0.04762815684080124
    ],
    [
      158,
      0.04808022826910019
