{
  "toy": "hetero",
  "seed": 1,
  "width": 1,
  "arm": "ported",
  "held_out_mse": 0.07723487913608551,
  "train_mse": 0.0811539813876152,
  "held_out_trajectory": [
    [
      1,
      0.2525624930858612
    ],
    [
      2,
      0.19356992840766907
    ],
    [
      3,
      0.1507038027048111
    ],
    [
      4,
      0.1210789605975151
    ],
    [
      5,
      0.10288236290216446
    ],
    [
      6,
      0.09240248054265976
    ],
    [
      7,
      0.0870245099067688
    ],
    [
      8,
      0.08468170464038849
    ],
    [
      9,
      0.08384726941585541
    ],
    [
      10,
      0.08327054977416992
    ],
    [
      11,
      0.08315324038267136
    ],
    [
      12,
      0.08304111659526825
    ],
    [
      13,
      0.08299260586500168
    ],
    [
      14,
      0.08294881135225296
    ],
    [
      15,
      0.08311928063631058
    ],
    [
      16,
      0.0828833356499672
    ],
    [
      17,
      0.08281531184911728
    ],
    [
      18,
      0.08295512199401855
    ],
    [
      19,
      0.08273175358772278
    ],
    [
      20,
      0.0828501433134079
    ],
    [
      21,
      0.0826219841837883
    ],
    [
      22,
      0.08277535438537598
    ],
    [
      23,
      0.08251258730888367
    ],
    [
      24,
      0.0825023278594017
    ],
    [
      25,
      0.08232177793979645
    ],
    [
      26,
      0.08234971761703491
    ],
    [
      27,
      0.08215346932411194
    ],
    [
      28,
      0.08255739510059357
    ],
    [
      29,
      0.08194354921579361
    ],
    [
      30,
      0.08175100386142731
    ],
    [
      31,
      0.08159948140382767
    ],
    [
      32,
      0.08148904889822006
    ],
    [
      33,
      0.08124123513698578
    ],
    [
      34,
      0.0810777097940445
    ],
    [
      35,
      0.0808854028582573
    ],
    [
      36,
      0.08047524839639664
    ],
    [
      37,
      0.0802624300122261
    ],
    [
      38,
      0.07978703826665878
    ],
    [
      39,
      0.07913298904895782
    ],
    [
      40,
      0.07847442477941513
    ],
    [
      41,
      0.07667387276887894
    ],
    [
      42,
      0.07503537088632584
    ],
    [
      43,
      0.07414354383945465
    ],
    [
      44,
      0.07358358055353165
    ],
    [
      45,
      0.0729626938700676
    ],
    [
      46,
      0.07288017123937607
    ],
    [
      47,
      0.07270266115665436
    ],
    [
      48,
      0.07227114588022232
    ],
    [
      49,
      0.07217685878276825
    ],
    [
      50,
      0.0723830834031105
    ],
    [
      51,
      0.07207327336072922
    ],
    [
      52,
      0.07205962389707565
    ],
    [
      53,
      0.07207758724689484
    ],
    [
      54,
      0.07206607609987259
    ],
    [
      55,
      0.07209044694900513
    ],
    [
      56,
      0.07242431491613388
    ],
    [
      57,
      0.0721498355269432
    ],
    [
      58,
      0.0729152038693428
    ],
    [
      59,
      0.07246473431587219
    ],
    [
      60,
      0.07245133072137833
    ],
    [
      61,
      0.07203777134418488
    ],
    [
      62,
      0.0729917585849762
    ],
    [
      63,
      0.07245704531669617
    ],
    [
      64,
      0.07219722867012024
    ],
    [
      65,
      0.07236938923597336
    ],
    [
      66,
      0.07215026766061783
    ],
    [
      67,
      0.07212042063474655
    ],
    [
      68,
      0.07204443961381912
    ],
    [
      69,
      0.07228827476501465
    ],
    [
      70,
      0.07212812453508377
    ],
    [
      71,
      0.0722743347287178
    ],
    [
      72,
      0.07218293100595474
    ],
    [
      73,
      0.07202303409576416
    ],
    [
      74,
      0.07335713505744934
    ],
    [
      75,
      0.07210870087146759
    ],
    [
      76,
      0.07204760611057281
    ],
    [
      77,
      0.07256326079368591
    ],
    [
      78,
      0.07203357666730881
    ],
    [
      79,
      0.07203420251607895
    ],
    [
      80,
      0.07240640372037888
    ],
    [
      81,
      0.07202702760696411
    ],
    [
      82,
      0.07302189618349075
    ],
    [
      83,
      0.07263056933879852
    ],
    [
      84,
      0.07229284197092056
    ],
    [
      85,
      0.07244039326906204
    ],
    [
      86,
      0.07206086069345474
    ],
    [
      87,
      0.07225659489631653
    ],
    [
      88,
      0.0723547711968422
    ],
    [
      89,
      0.07382423430681229
    ],
    [
      90,
      0.0735323578119278
    ],
    [
      91,
      0.07235953956842422
    ],
    [
      92,
      0.07226056605577469
    ],
    [
      93,
      0.07215861976146698
    ],
    [
      94,
      0.07202860713005066
    ],
    [
      95,
      0.07240144908428192
    ],
    [
      96,
      0.07214957475662231
    ],
    [
      97,
      0.0720922127366066
    ],
    [
      98,
      0.07218138873577118
    ],
    [
      99,
      0.07252157479524612
    ],
    [
      100,
      0.07248322665691376
    ],
    [
      101,
      0.07232947647571564
    ],
    [
      102,
      0.07203551381826401
    ],
    [
      103,
      0.07208055257797241
    ],
    [
      104,
      0.07204419374465942
    ],
    [
      105,
      0.07217224687337875
    ],
    [
      106,
      0.07210379093885422
    ],
    [
      107,
      0.07322747260332108
    ],
    [
      108,
      0.07243048399686813
    ],
    [
      109,
      0.07203859090805054
    ],
    [
      110,
      0.07287216186523438
    ],
    [
      111,
      0.07271607965230942
    ],
    [
      112,
      0.07226219028234482
    ],
    [
      113,
      0.07277935743331909
    ],
    [
      114,
      0.07258356362581253
    ],
    [
      115,
      0.07264933735132217
    ],
    [
      116,
      0.0722123235464096
    ],
    [
      117,
      0.07248344272375107
    ],
    [
      118,
      0.07219737768173218
    ],
    [
      119,
      0.07213533669710159
    ],
    [
      120,
      0.07257015258073807
    ],
    [
      121,
      0.07234200835227966
    ],
    [
      122,
      0.07253067195415497
    ],
    [
      123,
      0.07217318564653397
    ],
    [
      124,
      0.0726427212357521
    ],
    [
      125,
      0.07220783829689026
    ],
    [
      126,
      0.07240159064531326
    ],
    [
      127,
      0.07206117361783981
    ],
    [
      128,
      0.0722980871796608
    ],
    [
      129,
      0.07209668308496475
    ],
    [
      130,
      0.07229246199131012
    ],
    [
      131,
      0.07231596112251282
    ],
    [
      132,
      0.07257495075464249
    ],
    [
      133,
      0.07217491418123245
    ]
  ],
  "trustworthy": true,
  "hit_cap": false,
  "config": {
    "widths": [
      1
    ],
    "n_train": 1500,
    "n_test": 500,
    "lr": 0.01,
    "batch_size": 64,
    "max_epochs_cap": 1500,
    "patience": 60,
    "min_delta": 0.0001,
    "escalation": {
      "grad_clip_norm": 0.0,
      "warmup_epochs": 0,
      "init_scheme": "default",
      "normalize_inputs": false
    }
  },
  "provenance": {
    "driver": "automl_package/examples/width_wsel4.py",
    "class": "FlexibleWidthNN (automl_package/models/flexnn/width/model.py, SharedTrunkPerWidthHeadNet port)"
  }
}