{
  "toy": "hetero",
  "seed": 0,
  "width": 3,
  "arm": "ported",
  "held_out_mse": 0.06591299921274185,
  "train_mse": 0.06423930078744888,
  "held_out_trajectory": [
    [
      1,
      0.7002528309822083
    ],
    [
      2,
      0.28580743074417114
    ],
    [
      3,
      0.14630857110023499
    ],
    [
      4,
      0.10849590599536896
    ],
    [
      5,
      0.0981673002243042
    ],
    [
      6,
      0.09405655413866043
    ],
    [
      7,
      0.09151503443717957
    ],
    [
      8,
      0.08911969512701035
    ],
    [
      9,
      0.08686242252588272
    ],
    [
      10,
      0.08510816842317581
    ],
    [
      11,
      0.08281363546848297
    ],
    [
      12,
      0.0810934454202652
    ],
    [
      13,
      0.07992193102836609
    ],
    [
      14,
      0.078482985496521
    ],
    [
      15,
      0.07759549468755722
    ],
    [
      16,
      0.07670076936483383
    ],
    [
      17,
      0.07613825052976608
    ],
    [
      18,
      0.07549136132001877
    ],
    [
      19,
      0.07505853474140167
    ],
    [
      20,
      0.074674591422081
    ],
    [
      21,
      0.07434362173080444
    ],
    [
      22,
      0.07421378791332245
    ],
    [
      23,
      0.07408668100833893
    ],
    [
      24,
      0.07348635047674179
    ],
    [
      25,
      0.07330325245857239
    ],
    [
      26,
      0.07316334545612335
    ],
    [
      27,
      0.07309472560882568
    ],
    [
      28,
      0.07286345213651657
    ],
    [
      29,
      0.07269492000341415
    ],
    [
      30,
      0.07255841046571732
    ],
    [
      31,
      0.0724320188164711
    ],
    [
      32,
      0.07239949703216553
    ],
    [
      33,
      0.07221669703722
    ],
    [
      34,
      0.07211226969957352
    ],
    [
      35,
      0.07209073752164841
    ],
    [
      36,
      0.07187578827142715
    ],
    [
      37,
      0.071859210729599
    ],
    [
      38,
      0.07190462946891785
    ],
    [
      39,
      0.07162865251302719
    ],
    [
      40,
      0.07153841853141785
    ],
    [
      41,
      0.07200559973716736
    ],
    [
      42,
      0.07204550504684448
    ],
    [
      43,
      0.0715131089091301
    ],
    [
      44,
      0.07116606831550598
    ],
    [
      45,
      0.07104567438364029
    ],
    [
      46,
      0.07098135352134705
    ],
    [
      47,
      0.0709354430437088
    ],
    [
      48,
      0.07077208906412125
    ],
    [
      49,
      0.0706680417060852
    ],
    [
      50,
      0.070560023188591
    ],
    [
      51,
      0.07045834511518478
    ],
    [
      52,
      0.0703573003411293
    ],
    [
      53,
      0.07025058567523956
    ],
    [
      54,
      0.07028067857027054
    ],
    [
      55,
      0.07017745077610016
    ],
    [
      56,
      0.0700933039188385
    ],
    [
      57,
      0.06994063407182693
    ],
    [
      58,
      0.06980253756046295
    ],
    [
      59,
      0.06971040368080139
    ],
    [
      60,
      0.06981842964887619
    ],
    [
      61,
      0.06980518251657486
    ],
    [
      62,
      0.0695159062743187
    ],
    [
      63,
      0.06929278373718262
    ],
    [
      64,
      0.06918420642614365
    ],
    [
      65,
      0.06927387416362762
    ],
    [
      66,
      0.06919354200363159
    ],
    [
      67,
      0.06896231323480606
    ],
    [
      68,
      0.06881821155548096
    ],
    [
      69,
      0.06881467252969742
    ],
    [
      70,
      0.06869861483573914
    ],
    [
      71,
      0.06850270926952362
    ],
    [
      72,
      0.06852416694164276
    ],
    [
      73,
      0.06832804530858994
    ],
    [
      74,
      0.06829657405614853
    ],
    [
      75,
      0.06849801540374756
    ],
    [
      76,
      0.06816966086626053
    ],
    [
      77,
      0.0683714747428894
    ],
    [
      78,
      0.0679863765835762
    ],
    [
      79,
      0.06783284991979599
    ],
    [
      80,
      0.06774566322565079
    ],
    [
      81,
      0.06771839410066605
    ],
    [
      82,
      0.06764891743659973
    ],
    [
      83,
      0.06778661161661148
    ],
    [
      84,
      0.06751562654972076
    ],
    [
      85,
      0.06737755239009857
    ],
    [
      86,
      0.06756158918142319
    ],
    [
      87,
      0.06750620901584625
    ],
    [
      88,
      0.06715180724859238
    ],
    [
      89,
      0.06732457876205444
    ],
    [
      90,
      0.0672181025147438
    ],
    [
      91,
      0.06684308499097824
    ],
    [
      92,
      0.06672859191894531
    ],
    [
      93,
      0.06659681349992752
    ],
    [
      94,
      0.06636423617601395
    ],
    [
      95,
      0.06617951393127441
    ],
    [
      96,
      0.06609281152486801
    ],
    [
      97,
      0.06591370701789856
    ],
    [
      98,
      0.06586131453514099
    ],
    [
      99,
      0.06568054854869843
    ],
    [
      100,
      0.06560984998941422
    ],
    [
      101,
      0.06516113877296448
    ],
    [
      102,
      0.06539925932884216
    ],
    [
      103,
      0.06504559516906738
    ],
    [
      104,
      0.06465169042348862
    ],
    [
      105,
      0.06466471403837204
    ],
    [
      106,
      0.06464976072311401
    ],
    [
      107,
      0.06516270339488983
    ],
    [
      108,
      0.06423750519752502
    ],
    [
      109,
      0.06416771560907364
    ],
    [
      110,
      0.06409968435764313
    ],
    [
      111,
      0.06403467804193497
    ],
    [
      112,
      0.06404054909944534
    ],
    [
      113,
      0.06402166187763214
    ],
    [
      114,
      0.06398513913154602
    ],
    [
      115,
      0.06385017186403275
    ],
    [
      116,
      0.06386961787939072
    ],
    [
      117,
      0.06390225142240524
    ],
    [
      118,
      0.06421735882759094
    ],
    [
      119,
      0.06398013234138489
    ],
    [
      120,
      0.06380381435155869
    ],
    [
      121,
      0.06379251182079315
    ],
    [
      122,
      0.06364969164133072
    ],
    [
      123,
      0.06368773430585861
    ],
    [
      124,
      0.06379963457584381
    ],
    [
      125,
      0.06372333317995071
    ],
    [
      126,
      0.06375796347856522
    ],
    [
      127,
      0.06364937126636505
    ],
    [
      128,
      0.06379806250333786
    ],
    [
      129,
      0.0638391524553299
    ],
    [
      130,
      0.06362879276275635
    ],
    [
      131,
      0.06364449858665466
    ],
    [
      132,
      0.06360665708780289
    ],
    [
      133,
      0.06362845003604889
    ],
    [
      134,
      0.06374619901180267
    ],
    [
      135,
      0.06366325169801712
    ],
    [
      136,
      0.06361999362707138
    ],
    [
      137,
      0.0636264830827713
    ],
    [
      138,
      0.06358370929956436
    ],
    [
      139,
      0.0637265145778656
    ],
    [
      140,
      0.06374075263738632
    ],
    [
      141,
      0.06364034116268158
    ],
    [
      142,
      0.06376669555902481
    ],
    [
      143,
      0.06360132992267609
    ],
    [
      144,
      0.06356912851333618
    ],
    [
      145,
      0.06373418122529984
    ],
    [
      146,
      0.06370528787374496
    ],
    [
      147,
      0.0638306587934494
    ],
    [
      148,
      0.06421231478452682
    ],
    [
      149,
      0.06373373419046402
    ],
    [
      150,
      0.063646100461483
    ],
    [
      151,
      0.06357356160879135
    ],
    [
      152,
      0.06362030655145645
    ],
    [
      153,
      0.0635705441236496
    ],
    [
      154,
      0.06364729255437851
    ],
    [
      155,
      0.0637497827410698
    ],
    [
      156,
      0.06363435089588165
    ],
    [
      157,
      0.06369511038064957
    ],
    [
      158,
      0.06403715163469315
    ],
    [
      159,
      0.06372180581092834
    ],
    [
      160,
