{
  "toy": "hetero",
  "seed": 0,
  "width": 1,
  "arm": "ported",
  "held_out_mse": 0.0725848525762558,
  "train_mse": 0.0724690854549408,
  "held_out_trajectory": [
    [
      1,
      0.7848363518714905
    ],
    [
      2,
      0.4996853172779083
    ],
    [
      3,
      0.32509419322013855
    ],
    [
      4,
      0.2226002961397171
    ],
    [
      5,
      0.16429020464420319
    ],
    [
      6,
      0.13050556182861328
    ],
    [
      7,
      0.11144769936800003
    ],
    [
      8,
      0.09992098808288574
    ],
    [
      9,
      0.09054167568683624
    ],
    [
      10,
      0.08480428159236908
    ],
    [
      11,
      0.08091592788696289
    ],
    [
      12,
      0.0780460387468338
    ],
    [
      13,
      0.07606488466262817
    ],
    [
      14,
      0.07470323145389557
    ],
    [
      15,
      0.07371149212121964
    ],
    [
      16,
      0.07290573418140411
    ],
    [
      17,
      0.07237854599952698
    ],
    [
      18,
      0.07194727659225464
    ],
    [
      19,
      0.07169356942176819
    ],
    [
      20,
      0.07148677855730057
    ],
    [
      21,
      0.07140319794416428
    ],
    [
      22,
      0.07133248448371887
    ],
    [
      23,
      0.07129375636577606
    ],
    [
      24,
      0.07123341411352158
    ],
    [
      25,
      0.07121647894382477
    ],
    [
      26,
      0.0711774155497551
    ],
    [
      27,
      0.07115624845027924
    ],
    [
      28,
      0.07114218920469284
    ],
    [
      29,
      0.0711309164762497
    ],
    [
      30,
      0.07113974541425705
    ],
    [
      31,
      0.07114880532026291
    ],
    [
      32,
      0.07115639746189117
    ],
    [
      33,
      0.07115932554006577
    ],
    [
      34,
      0.07114221155643463
    ],
    [
      35,
      0.07112429291009903
    ],
    [
      36,
      0.0711168423295021
    ],
    [
      37,
      0.07110464572906494
    ],
    [
      38,
      0.0711098164319992
    ],
    [
      39,
      0.07114653289318085
    ],
    [
      40,
      0.07114804536104202
    ],
    [
      41,
      0.07113378494977951
    ],
    [
      42,
      0.07112465053796768
    ],
    [
      43,
      0.07108952850103378
    ],
    [
      44,
      0.0711212158203125
    ],
    [
      45,
      0.07114595174789429
    ],
    [
      46,
      0.07114685326814651
    ],
    [
      47,
      0.0711306631565094
    ],
    [
      48,
      0.07110237330198288
    ],
    [
      49,
      0.0711074024438858
    ],
    [
      50,
      0.0711274966597557
    ],
    [
      51,
      0.07108256965875626
    ],
    [
      52,
      0.07111234962940216
    ],
    [
      53,
      0.0711214542388916
    ],
    [
      54,
      0.07114540040493011
    ],
    [
      55,
      0.07116679847240448
    ],
    [
      56,
      0.07115870714187622
    ],
    [
      57,
      0.07114469259977341
    ],
    [
      58,
      0.07114811986684799
    ],
    [
      59,
      0.07114836573600769
    ],
    [
      60,
      0.0711289569735527
    ],
    [
      61,
      0.07110320776700974
    ],
    [
      62,
      0.07112457603216171
    ],
    [
      63,
      0.07111507654190063
    ],
    [
      64,
      0.0710979625582695
    ],
    [
      65,
      0.07111910730600357
    ],
    [
      66,
      0.07112560421228409
    ],
    [
      67,
      0.07111092656850815
    ],
    [
      68,
      0.07111623138189316
    ],
    [
      69,
      0.07117703557014465
    ],
    [
      70,
      0.07117144018411636
    ],
    [
      71,
      0.07115413248538971
    ],
    [
      72,
      0.07112715393304825
    ],
    [
      73,
      0.07115264236927032
    ],
    [
      74,
      0.07115749269723892
    ],
    [
      75,
      0.07118021696805954
    ],
    [
      76,
      0.07117082178592682
    ],
    [
      77,
      0.07116060703992844
    ],
    [
      78,
      0.07114927470684052
    ],
    [
      79,
      0.07113417237997055
    ],
    [
      80,
      0.07107748091220856
    ],
    [
      81,
      0.0710773840546608
    ],
    [
      82,
      0.07109899073839188
    ],
    [
      83,
      0.07112857699394226
    ],
    [
      84,
      0.07110093533992767
    ],
    [
      85,
      0.07109379768371582
    ],
    [
      86,
      0.07116446644067764
    ],
    [
      87,
      0.07121911644935608
    ],
    [
      88,
      0.07120424509048462
    ],
    [
      89,
      0.07118109613656998
    ],
    [
      90,
      0.07111000269651413
    ],
    [
      91,
      0.07108970731496811
    ],
    [
      92,
      0.07108727842569351
    ],
    [
      93,
      0.07107432186603546
    ],
    [
      94,
      0.07110319286584854
    ],
    [
      95,
      0.07110090553760529
    ],
    [
      96,
      0.07106572389602661
    ],
    [
      97,
      0.07106602936983109
    ],
    [
      98,
      0.07114077359437943
    ],
    [
      99,
      0.07110215723514557
    ],
    [
      100,
      0.07112106680870056
    ],
    [
      101,
      0.07109899818897247
    ],
    [
      102,
      0.07115712761878967
    ],
    [
      103,
      0.07111230492591858
    ],
    [
      104,
      0.0711139589548111
    ],
    [
      105,
      0.07108435034751892
    ],
    [
      106,
      0.07108722627162933
    ],
    [
      107,
      0.07111992686986923
    ],
    [
      108,
      0.07116048038005829
    ],
    [
      109,
      0.07117927819490433
    ],
    [
      110,
      0.07118013501167297
    ],
    [
      111,
      0.07110563665628433
    ],
    [
      112,
      0.07109474390745163
    ],
    [
      113,
      0.0710952877998352
    ],
    [
      114,
      0.0711238831281662
    ],
    [
      115,
      0.07111547142267227
    ],
    [
      116,
      0.07110875099897385
    ],
    [
      117,
      0.07108892500400543
    ],
    [
      118,
      0.07107771188020706
    ],
    [
      119,
      0.07112056016921997
    ],
    [
      120,
      0.07117580622434616
    ],
    [
      121,
      0.07115820050239563
    ],
    [
      122,
      0.07116062939167023
    ],
    [
      123,
      0.07116393744945526
    ],
    [
      124,
      0.0711117684841156
    ],
    [
      125,
      0.07114018499851227
    ],
    [
      126,
      0.0711810290813446
    ],
    [
      127,
      0.07112765312194824
    ],
    [
      128,
      0.07110872864723206
    ],
    [
      129,
      0.07116025686264038
    ],
    [
      130,
      0.07115170359611511
    ],
    [
      131,
      0.07115531712770462
    ],
    [
      132,
      0.07119818031787872
    ],
    [
      133,
      0.07110807299613953
    ],
    [
      134,
      0.07116828113794327
    ],
    [
      135,
      0.07117440551519394
    ],
    [
      136,
      0.07109897583723068
    ],
    [
      137,
      0.07111942023038864
    ],
    [
      138,
      0.0711803063750267
    ],
    [
      139,
      0.0711183175444603
    ],
    [
      140,
      0.07118240743875504
    ],
    [
      141,
      0.07118183374404907
    ],
    [
      142,
      0.07114222645759583
    ],
    [
      143,
      0.0710979476571083
    ],
    [
      144,
      0.07114360481500626
    ],
    [
      145,
      0.07114087045192719
    ],
    [
      146,
      0.07110661268234253
    ],
    [
      147,
      0.07111987471580505
    ],
    [
      148,
      0.07120547443628311
    ],
    [
      149,
      0.07111918926239014
    ],
    [
      150,
      0.07113304734230042
    ],
    [
      151,
      0.07111954689025879
    ],
    [
      152,
      0.07113970816135406
    ],
    [
      153,
      0.07128345221281052
    ],
    [
      154,
      0.071245476603508
    ],
    [
      155,
      0.07117656618356705
    ],
    [
      156,
      0.07108703255653381
    ]
  ],
  "trustworthy": true,
  "hit_cap": false,
  "config": {
    "widths": [
      1
    ],
    "n_train": 1500,
    "n_test": 500,
    "lr": 0.01,