{
  "config": {
    "w_max": 16,
    "seeds": [
      0,
      1,
      2
    ],
    "n_train": 1500,
    "n_test": 500,
    "n_epochs_phase1": 2500,
    "lr": 0.01,
    "phase2_epochs": 300,
    "phase2_lr": 0.01,
    "oracle_ll": 1.5767937403493182,
    "noise_sigma": 0.05,
    "centre_boundary": 6.283185307179586,
    "noise_floor_multiple": 1.5,
    "deploy_oracle_tol_nat": 0.02
  },
  "per_case": [
    {
      "seed": 0,
      "n_test": 500,
      "construction": {
        "n_centre": 219,
        "n_tail": 281,
        "k_lo": 1,
        "k_mid": 8,
        "centre_gain_klo_to_kmid": {
          "mean_delta": 0.9026407552500294,
          "se": 0.10141712378819966,
          "beats_2se": true
        },
        "centre_climbs": true,
        "centre_best_ll_at_wmax": 1.023700752214754,
        "centre_gap_to_oracle_nat": 0.5530929881345641,
        "centre_near_noise_floor": false,
        "centre_pass": false,
        "tail_gains": {
          "k1_to_k2": {
            "mean_delta": 0.08650177238621745,
            "se": 0.011417077209941553,
            "beats_2se": true
          },
          "k1_to_k3": {
            "mean_delta": 0.09493671824287266,
            "se": 0.021459988607058868,
            "beats_2se": true
          },
          "k1_to_k4": {
            "mean_delta": -0.3038546173067704,
            "se": 0.08947217769763019,
            "beats_2se": false
          },
          "k1_to_k5": {
            "mean_delta": -0.002431463463450666,
            "se": 0.07375068325643591,
            "beats_2se": false
          },
          "k1_to_k6": {
            "mean_delta": 0.14898406266105557,
            "se": 0.03357767749794096,
            "beats_2se": true
          },
          "k1_to_k7": {
            "mean_delta": 0.6878758920787492,
            "se": 0.06627822128928403,
            "beats_2se": true
          },
          "k1_to_k8": {
            "mean_delta": 0.7460147640352995,
            "se": 0.04858351104060919,
            "beats_2se": true
          },
          "k1_to_k9": {
            "mean_delta": 0.7697290883687892,
            "se": 0.06395629726504959,
            "beats_2se": true
          },
          "k1_to_k10": {
            "mean_delta": 0.9861744022348173,
            "se": 0.05606923375742542,
            "beats_2se": true
          },
          "k1_to_k11": {
            "mean_delta": 0.9979744069410813,
            "se": 0.056024555284035854,
            "beats_2se": true
          },
          "k1_to_k12": {
            "mean_delta": 1.0108618305140966,
            "se": 0.056013533408290614,
            "beats_2se": true
          },
          "k1_to_k13": {
            "mean_delta": 0.9659806841527016,
            "se": 0.057854688513387514,
            "beats_2se": true
          },
          "k1_to_k14": {
            "mean_delta": 1.0098351002057677,
            "se": 0.057077531716596616,
            "beats_2se": true
          },
          "k1_to_k15": {
            "mean_delta": 1.010229321720337,
            "se": 0.05722635438656148,
            "beats_2se": true
          },
          "k1_to_k16": {
            "mean_delta": 1.01024308042382,
            "se": 0.057228952882372716,
            "beats_2se": true
          }
        },
        "tail_flat": false,
        "construction_pass": false
      },
      "recovery": {
        "mean_expected_width_centre": 13.02710141966071,
        "mean_expected_width_tail": 12.222607147125283,
        "diff": 0.8044942725354272,
        "se": 0.157852946959841,
        "separation_beats_2se": true
      },
      "deploy": {
        "selector_nll": -1.082666277885437,
        "best_global_k": 15,
        "best_global_nll": -1.0709847700595856,
        "matches_or_beats_global": true,
        "oracle_nll": -1.3366969866156577,
        "gap_to_oracle_nat": 0.2540307087302207,
        "within_oracle_bar": false,
        "deploy_pass": false
      },
      "marginal_p": [
        4.418157004693057e-06,
        1.7279784287893563e-06,
        4.184359568171203e-06,
        3.129357764919405e-06,
        2.177926762669813e-05,
        6.696562195429578e-06,
        1.4184020983520895e-05,
        0.1387275904417038,
        0.0022262753918766975,
        0.07339632511138916,
        0.08370018750429153,
        0.017417171970009804,
        0.34235435724258423,
        0.11268354207277298,
        0.11802540719509125,
        0.11141302436590195
      ],
      "per_k_nll": {
        "1": 0.24540260136127473,
        "2": 0.32546245036274196,
        "3": 0.17348988662660123,
        "4": 0.29476139113307,
        "5": 0.07583818256855011,
        "6": -0.09245291491225362,
        "7": -0.6103307426571846,
        "8": -0.5692143468260765,
        "9": -0.9263840228319168,
        "10": -1.0466625553369522,
        "11": -1.0481427307128905,
        "12": -1.0469268078804017,
        "13": -1.0515258698463439,
        "14": -1.0706132168769837,
        "15": -1.0709847700595856,
        "16": -1.070880839586258
      }
    },
    {
      "seed": 1,
      "n_test": 500,
      "construction": {
        "n_centre": 212,
        "n_tail": 288,
        "k_lo": 1,
        "k_mid": 8,
        "centre_gain_klo_to_kmid": {
          "mean_delta": 0.1919375170408836,
          "se": 0.05130750808938453,
          "beats_2se": true
        },
        "centre_climbs": true,
        "centre_best_ll_at_wmax": 0.5069115995517317,
        "centre_gap_to_oracle_nat": 1.0698821407975865,
        "centre_near_noise_floor": false,
        "centre_pass": false,
        "tail_gains": {
          "k1_to_k2": {
            "mean_delta": 0.43574349948256796,
            "se": 0.07951025158978872,
            "beats_2se": true
          },
          "k1_to_k3": {
            "mean_delta": 0.8080500966429504,
            "se": 0.04886486113970381,
            "beats_2se": true
          },
          "k1_to_k4": {
            "mean_delta": 0.7042383338298855,
            "se": 0.05541934696598161,
            "beats_2se": true
          },
          "k1_to_k5": {
            "mean_delta": 0.7224133292911574,
            "se": 0.048908339080793166,
            "beats_2se": true
          },
          "k1_to_k6": {
            "mean_delta": 1.0024836742086336,
            "se": 0.04773912073706325,
            "beats_2se": true
          },
          "k1_to_k7": {
            "mean_delta": 0.7050857378247505,
            "se": 0.0642294025180679,
            "beats_2se": true
          },
          "k1_to_k8": {
            "mean_delta": 0.5174418572827967,
            "se": 0.06344152615224655,
            "beats_2se": true
          },
          "k1_to_k9": {
            "mean_delta": 1.0946069004712626,
            "se": 0.05969157180135456,
            "beats_2se": true
          },
          "k1_to_k10": {
            "mean_delta": 1.2422899097695739,
            "se": 0.06467609801114206,
            "beats_2se": true
          },
          "k1_to_k11": {
            "mean_delta": 1.1540921848758847,
            "se": 0.0732296581367718,
            "beats_2se": true
          },
          "k1_to_k12": {
            "mean_delta": 1.2502028498048376,
            "se": 0.06665706556795152,
            "beats_2se": true
          },
          "k1_to_k13": {
            "mean_delta": 1.2327576046680204,
            "se": 0.07054934238025029,
            "beats_2se": true
          },
          "k1_to_k14": {
            "mean_delta": 1.2793108101597883,
            "se": 0.066082180446282,
            "beats_2se": true
          },
          "k1_to_k15": {
            "mean_delta": 1.2631135087123968,
            "se": 0.0682074797907152,
            "beats_2se": true
          },
          "k1_to_k16": {
            "mean_delta": 1.2631752376004846,
            "se": 0.06821506570151396,
            "beats_2se": true
          }
        },
        "tail_flat": false,
        "construction_pass": false
      },