{
  "spearman_index_vs_importance": {
    "0": 0.5244755244755246,
    "1": 0.8811188811188813,
    "2": 0.5804195804195805
  },
  "kendall_tau_greedy_vs_index": {
    "0": 0.3636363636363636,
    "1": 0.6363636363636362,
    "2": 0.39393939393939387
  },
  "mean_relative_prefix_gap": 0.30985275107126403,
  "mean_relative_prefix_gap_per_seed": {
    "0": 0.4961796287493094,
    "1": 0.3787707726282252,
    "2": 0.054607851836257326
  },
  "greedy_selection_order": {
    "0": [
      0,
      5,
      11,
      1,
      2,
      3,
      8,
      7,
      4,
      10,
      9,
      6
    ],
    "1": [
      0,
      2,
      3,
      4,
      5,
      9,
      1,
      10,
      6,
      7,
      11,
      8
    ],
    "2": [
      0,
      7,
      1,
      3,
      4,
      6,
      8,
      11,
      9,
      5,
      10,
      2
    ]
  },
  "per_k_report_mse": {
    "0": {
      "prefix": {
        "1": 0.670571270338942,
        "2": 0.582500604929449,
        "3": 0.48317003713734713,
        "4": 0.39910594500896995,
        "5": 0.3931397731008011,
        "6": 0.06513813214762769,
        "7": 0.05228905471369633,
        "8": 0.052774403604771265,
        "9": 0.032459319165576095,
        "10": 0.03240865496596438,
        "11": 0.03226273114936111,
        "12": 0.031952190029532354
      },
      "greedy": {
        "1": 0.670571270338942,
        "2": 0.497985392312937,
        "3": 0.3671280302447172,
        "4": 0.2049013611503143,
        "5": 0.08019375634765052,
        "6": 0.058491154212636856,
        "7": 0.04976860405268634,
        "8": 0.037805077215638985,
        "9": 0.03186639077894552,
        "10": 0.031770414292220474,
        "11": 0.03165337888400422,
        "12": 0.031952190029532354
      }
    },
    "1": {
      "prefix": {
        "1": 0.7038074498505312,
        "2": 0.684256634230034,
        "3": 0.5596497514774346,
        "4": 0.4798431629121031,
        "5": 0.14002820272197225,
        "6": 0.05818425655954878,
        "7": 0.03390739247692389,
        "8": 0.03361861587378405,
        "9": 0.03306422624865545,
        "10": 0.02739456017007573,
        "11": 0.026754530001115936,
        "12": 0.025854534275243545
      },
      "greedy": {
        "1": 0.7038074498505312,
        "2": 0.5611648329745045,
        "3": 0.48070098307508047,
        "4": 0.14066311776554616,
        "5": 0.06878030467796645,
        "6": 0.04218451512530912,
        "7": 0.031582576597163556,
        "8": 0.031279519918506825,
        "9": 0.02841572770300984,
        "10": 0.02777469302193641,
        "11": 0.025801962267992216,
        "12": 0.02585453427524345
      }
    },
    "2": {
      "prefix": {
        "1": 0.8538056187224058,
        "2": 0.7225507967932241,
        "3": 0.47351634413793564,
        "4": 0.19288051108639195,
        "5": 0.0684723290705142,
        "6": 0.0580351587349637,
        "7": 0.04708162876659982,
        "8": 0.0497004339947552,
        "9": 0.03860363147562791,
        "10": 0.03687685272043575,
        "11": 0.037266598277414194,
        "12": 0.03466693945548436
      },
      "greedy": {
        "1": 0.8538056187224058,
        "2": 0.6058472568433761,
        "3": 0.46895561210377174,
        "4": 0.2056369438549754,
        "5": 0.08229781170558174,
        "6": 0.06386359055734123,
        "7": 0.039469536667723175,
        "8": 0.03755317826384225,
        "9": 0.035008026770581895,
        "10": 0.03435143211843712,
        "11": 0.034452584114709146,
        "12": 0.03466693945548437
      }
    }
  },
  "primary_bar": {
    "threshold": -0.5,
    "rule": "Spearman(index, importance) <= threshold on >= 2 of 3 seeds",
    "n_seeds_passing": 0,
    "n_seeds_present": 3,
    "pass": false
  },
  "secondary_bar": {
    "threshold": 0.1,
    "rule": "mean over k of (prefix_k - greedy_k) / greedy_k <= threshold",
    "value": 0.30985275107126403,
    "pass": false
  },
  "ordering_holds": false,
  "tier2": {
    "spearman_index_vs_importance": {
      "0": -0.0979020979020979,
      "1": -0.055944055944055944,
      "2": -0.055944055944055944
    },
    "kendall_tau_greedy_vs_index": {
      "0": 0.303030303030303,
      "1": 0.303030303030303,
      "2": 0.606060606060606
    },
    "mean_relative_prefix_gap": 0.010049539186044627,
    "mean_relative_prefix_gap_per_seed": {
      "0": 0.013063468748136174,
      "1": 0.012314592715755962,
      "2": 0.004770556094241744
    },
    "greedy_selection_order": {
      "0": [
        0,
        10,
        1,
        2,
        7,
        5,
        8,
        4,
        6,
        11,
        9,
        3
      ],
      "1": [
        8,
        4,
        1,
        0,
        3,
        5,
        7,
        6,
        10,
        11,
        9,
        2
      ],
      "2": [
        0,
        5,
        1,
        3,
        4,
        2,
        10,
        7,
        6,
        11,
        8,
        9
      ]
    },
    "per_k_report_mse": {
      "0": {
        "prefix": {
          "1": 0.889605645881967,
          "2": 0.8790891882147127,
          "3": 0.7615138922050022,
          "4": 0.694580299805922,
          "5": 0.6870150568450525,
          "6": 0.6843427622158444,
          "7": 0.532754758126993,
          "8": 0.5326326239788352,
          "9": 0.5326550146275678,
          "10": 0.5321970567423709,
          "11": 0.5418213338882273,
          "12": 0.5417743079254135
        },
        "greedy": {
          "1": 0.889605645881967,
          "2": 0.8213516297130862,
          "3": 0.772596402342217,
          "4": 0.6946471257477708,
          "5": 0.6979712417468944,
          "6": 0.5646280735938137,
          "7": 0.5567554837409536,
          "8": 0.5419129798719933,
          "9": 0.5422355619604848,
          "10": 0.5417692218353598,
          "11": 0.5417400294661432,
          "12": 0.5417743079254154
        }
      },
      "1": {
        "prefix": {
          "1": 0.7917013589241658,
          "2": 0.6136393658717006,
          "3": 0.610866711913591,
          "4": 0.4331738579050399,
          "5": 0.4293681930720062,
          "6": 0.4285225329343108,
          "7": 0.4262770647250686,
          "8": 0.4175413395333658,
          "9": 0.4153876192379817,
          "10": 0.41459522507087493,
          "11": 0.41367257919006556,
          "12": 0.4133320491196422
        },
        "greedy": {
          "1": 0.7056452116139524,
          "2": 0.6097083673523889,
          "3": 0.5984854053513163,
          "4": 0.45894613489209596,
          "5": 0.4346278223071634,
          "6": 0.4298609764399277,
          "7": 0.41823098604192405,
          "8": 0.41204006642327745,
          "9": 0.4101161775654259,
          "10": 0.40897677655657083,
          "11": 0.40922202923082374,
          "12": 0.4133320491196421
        }
      },
      "2": {
        "prefix": {
          "1": 0.9060390481936613,
          "2": 0.9074002898157921,
          "3": 0.8254285562007592,
          "4": 0.567831619419896,
          "5": 0.5542642480281185,
          "6": 0.5543632059224629,
          "7": 0.554426845091621,
          "8": 0.5580861513653809,
          "9": 0.5568819663440278,
          "10": 0.5567803827011123,
          "11": 0.5537696724088647,
          "12": 0.55173202899639
        },
        "greedy": {
          "1": 0.9060390481936613,
          "2": 0.8922429941636248,
          "3": 0.7656808357334073,
          "4": 0.5996370299258121,
          "5": 0.5525255359933018,
          "6": 0.5543632059224627,
          "7": 0.5552356026927191,
          "8": 0.5554289220294888,
          "9": 0.5581913811824488,
          "10": 0.5522627706502742,
          "11": 0.5521358696138052,
          "12": 0.5517320289963916
        }
      }
    },
    "note": "corroboration only -- computed per SS3.8's row for WSEL-13, but per the ROOT ruling in the task brief it may NOT be used to re-read, rescue, or override the tier-1 bars. No ordering_holds/bars are computed here on purpose."
  },