{
  "spearman_index_vs_importance": {
    "0": 0.5244755244755246,
    "1": 0.8811188811188813,
    "2": 0.5804195804195805
  },
  "kendall_tau_greedy_vs_index": {
    "0": 0.3636363636363636,
    "1": 0.6363636363636362,
    "2": 0.39393939393939387
  },
  "mean_relative_prefix_gap": 0.30985275107126403,
  "mean_relative_prefix_gap_per_seed": {
    "0": 0.4961796287493094,
    "1": 0.3787707726282252,
    "2": 0.054607851836257326
  },
  "greedy_selection_order": {
    "0": [
      0,
      5,
      11,
      1,
      2,
      3,
      8,
      7,
      4,
      10,
      9,
      6
    ],
    "1": [
      0,
      2,
      3,
      4,
      5,
      9,
      1,
      10,
      6,
      7,
      11,
      8
    ],
    "2": [
      0,
      7,
      1,
      3,
      4,
      6,
      8,
      11,
      9,
      5,
      10,
      2
    ]
  },
  "per_k_report_mse": {
    "0": {
      "prefix": {
        "1": 0.670571270338942,
        "2": 0.582500604929449,
        "3": 0.48317003713734713,
        "4": 0.39910594500896995,
        "5": 0.3931397731008011,
        "6": 0.06513813214762769,
        "7": 0.05228905471369633,
        "8": 0.052774403604771265,
        "9": 0.032459319165576095,
        "10": 0.03240865496596438,
        "11": 0.03226273114936111,
        "12": 0.031952190029532354
      },
      "greedy": {
        "1": 0.670571270338942,
        "2": 0.497985392312937,
        "3": 0.3671280302447172,
        "4": 0.2049013611503143,
        "5": 0.08019375634765052,
        "6": 0.058491154212636856,
        "7": 0.04976860405268634,
        "8": 0.037805077215638985,
        "9": 0.03186639077894552,
        "10": 0.031770414292220474,
        "11": 0.03165337888400422,
        "12": 0.031952190029532354
      }
    },
    "1": {
      "prefix": {
        "1": 0.7038074498505312,
        "2": 0.684256634230034,
        "3": 0.5596497514774346,
        "4": 0.4798431629121031,
        "5": 0.14002820272197225,
        "6": 0.05818425655954878,
        "7": 0.03390739247692389,
        "8": 0.03361861587378405,
        "9": 0.03306422624865545,
        "10": 0.02739456017007573,
        "11": 0.026754530001115936,
        "12": 0.025854534275243545
      },
      "greedy": {
        "1": 0.7038074498505312,
        "2": 0.5611648329745045,
        "3": 0.48070098307508047,
        "4": 0.14066311776554616,
        "5": 0.06878030467796645,
        "6": 0.04218451512530912,
        "7": 0.031582576597163556,
        "8": 0.031279519918506825,
        "9": 0.02841572770300984,
        "10": 0.02777469302193641,
        "11": 0.025801962267992216,
        "12": 0.02585453427524345
      }
    },
    "2": {
      "prefix": {
        "1": 0.8538056187224058,
        "2": 0.7225507967932241,
        "3": 0.47351634413793564,
        "4": 0.19288051108639195,
        "5": 0.0684723290705142,
        "6": 0.0580351587349637,
        "7": 0.04708162876659982,
        "8": 0.0497004339947552,
        "9": 0.03860363147562791,
        "10": 0.03687685272043575,
        "11": 0.037266598277414194,
        "12": 0.03466693945548436
      },
      "greedy": {
        "1": 0.8538056187224058,
        "2": 0.6058472568433761,
        "3": 0.46895561210377174,
        "4": 0.2056369438549754,
        "5": 0.08229781170558174,
        "6": 0.06386359055734123,
        "7": 0.039469536667723175,
        "8": 0.03755317826384225,
        "9": 0.035008026770581895,
        "10": 0.03435143211843712,
        "11": 0.034452584114709146,
        "12": 0.03466693945548437
      }
    }
  },
  "primary_bar": {
    "threshold": -0.5,
    "rule": "Spearman(index, importance) <= threshold on >= 2 of 3 seeds",
    "n_seeds_passing": 0,
    "n_seeds_present": 3,
    "pass": false
  },
  "secondary_bar": {
    "threshold": 0.1,
    "rule": "mean over k of (prefix_k - greedy_k) / greedy_k <= threshold",
    "value": 0.30985275107126403,
    "pass": false
  },
  "ordering_holds": false,
  "tier2": {
    "spearman_index_vs_importance": {},
    "kendall_tau_greedy_vs_index": {},
    "mean_relative_prefix_gap": null,
    "mean_relative_prefix_gap_per_seed": {},
    "greedy_selection_order": {},
    "per_k_report_mse": {},
    "note": "corroboration only -- computed per SS3.8's row for WSEL-13, but per the ROOT ruling in the task brief it may NOT be used to re-read, rescue, or override the tier-1 bars. No ordering_holds/bars are computed here on purpose."
  },
  "config": {
    "arch": "shared_trunk",
    "loss": "mse",
    "schedule": "kdropout_sandwich",
    "w_max": 12,
    "seeds": [
      0,
      1,
      2
    ],
    "tier1": {
      "toy": "hetero",
      "n_train": 1500,
      "n_test": 500,
      "sigma": 0.05
    },
    "tier2": {
      "toy": "hetero3",
      "n_train": 2250,
      "n_test": 750
    },
    "heldout_fit_fraction": 0.3333333333333333,
    "heldout_select_report_split": 0.5,
    "max_epochs_cap": 200000,
    "check_every": 500,
    "patience": 12,
    "min_delta": 0.002
  },
  "n_cells_present": {
    "tier1": 3,
    "tier2": 0
  },
  "provenance": {
    "timestamp_utc": "2026-07-21T15:59:20+00:00",
    "git": {
      "commit": "0fba726ae1542332c08a4fb2e516498e0ff94d70",
      "dirty": true
    },
    "python": "3.12.13",
    "torch": "2.10.0+xpu",
    "numpy": "2.4.3",
    "platform": "Linux-7.1.3-200.fc44.x86_64-x86_64-with-glibc2.43",
    "threads": {
      "omp_num_threads": "4",
      "torch_num_threads": 4,
      "cpu_count": 22
    },
    "automl_device": "cpu"
  }
}